<?xml version="1.0" encoding="UTF-8" standalone="yes"?>
<layout label="30000" image="layout.png">
  <category name="face" label="35074">
    <button name="a" type="digital" label="30001"/>
    <button name="b" type="digital" label="30002"/>
    <button name="power" type="digital" label="30003"/>
    <button name="up" type="digital" label="30004"/>
    <button name="right" type="digital" label="30005"/>
    <button name="down" type="digital" label="30006"/>
    <button name="left" type="digital" label="30007"/>
  </category>
  <category name="shoulder" label="35075">
    <button name="c" type="digital" label="30008"/>
  </category>
  <category name="hardware" label="35108">
    <button name="shake" type="digital" label="30009"/>
  </category>
</layout>
