<?xml version="1.0" encoding="UTF-8" standalone="yes"?>
<layout label="30000" image="layout.png">
  <category name="keys" label="35167">
    <!-- Row 0 -->
    <key name="f1" symbol="f1" label="30001"/>
    <key name="f2" symbol="f2" label="30002"/>
    <key name="f3" symbol="f3" label="30003"/>
    <key name="f4" symbol="f4" label="30004"/>
    <key name="f5" symbol="f5" label="30005"/>
    <key name="home" symbol="home" label="30006"/>
    <key name="ins" symbol="insert" label="30007"/>
    <key name="del" symbol="delete" label="30008"/>
    <key name="stop" symbol="end" label="30009"/>
    <!-- Row 1 -->
    <key name="esc" symbol="escape" label="30011"/>
    <key name="1" symbol="1" label="30012"/>
    <key name="2" symbol="2" label="30013"/>
    <key name="3" symbol="3" label="30014"/>
    <key name="4" symbol="4" label="30015"/>
    <key name="5" symbol="5" label="30016"/>
    <key name="6" symbol="6" label="30017"/>
    <key name="7" symbol="7" label="30018"/>
    <key name="8" symbol="8" label="30019"/>
    <key name="9" symbol="9" label="30020"/>
    <key name="0" symbol="0" label="30021"/>
    <key name="minus" symbol="minus" label="30022"/>
    <key name="equals" symbol="equals" label="30023"/>
    <key name="backslash" symbol="backslash" label="30024"/>
    <key name="backspace" symbol="backspace" label="30025"/>
    <!-- Row 2 -->
    <key name="tab" symbol="tab" label="30026"/>
    <key name="q" symbol="q" label="30027"/>
    <key name="w" symbol="w" label="30028"/>
    <key name="e" symbol="e" label="30029"/>
    <key name="r" symbol="r" label="30030"/>
    <key name="t" symbol="t" label="30031"/>
    <key name="y" symbol="y" label="30032"/>
    <key name="u" symbol="u" label="30033"/>
    <key name="i" symbol="i" label="30034"/>
    <key name="o" symbol="o" label="30035"/>
    <key name="p" symbol="p" label="30036"/>
    <key name="leftbracket" symbol="leftbracket" label="30037"/>
    <key name="rightbracket" symbol="rightbracket" label="30038"/>
    <key name="return" symbol="enter" label="30039"/>
    <!-- Row 3 -->
    <key name="ctrl" symbol="leftctrl" label="30040"/>
    <key name="a" symbol="a" label="30041"/>
    <key name="s" symbol="s" label="30042"/>
    <key name="d" symbol="d" label="30043"/>
    <key name="f" symbol="f" label="30044"/>
    <key name="g" symbol="g" label="30045"/>
    <key name="h" symbol="h" label="30046"/>
    <key name="j" symbol="j" label="30047"/>
    <key name="k" symbol="k" label="30048"/>
    <key name="l" symbol="l" label="30049"/>
    <key name="ntilde" symbol="tilde" label="30050"/>
    <key name="quote" symbol="quote" label="30051"/>
    <key name="semicolon" symbol="semicolon" label="30052"/>
    <!-- Row 4 -->
    <key name="leftshift" symbol="leftshift" label="30053"/>
    <key name="z" symbol="z" label="30054"/>
    <key name="x" symbol="x" label="30055"/>
    <key name="c" symbol="c" label="30056"/>
    <key name="v" symbol="v" label="30057"/>
    <key name="b" symbol="b" label="30058"/>
    <key name="n" symbol="n" label="30059"/>
    <key name="m" symbol="m" label="30060"/>
    <key name="comma" symbol="comma" label="30061"/>
    <key name="period" symbol="period" label="30062"/>
    <key name="divide" symbol="slash" label="30063"/>
    <key name="rightshift" symbol="rightshift" label="30064"/>
    <key name="backtick" symbol="grave" label="30065"/>
    <!-- Row 5 -->
    <key name="capslock" symbol="capslock" label="30066"/>
    <key name="code" label="30067"/>
    <key name="space" symbol="space" label="30068"/>
    <key name="graph" symbol="leftalt" label="30069"/>
    <key name="select" symbol="pause" label="30070"/>
    <!-- Arrows -->
    <key name="up" symbol="up" label="30073"/>
    <key name="right" symbol="right" label="30074"/>
    <key name="down" symbol="down" label="30075"/>
    <key name="left" symbol="left" label="30076"/>
    <!-- Numeric keyboard -->
    <key name="num7" symbol="kp7" label="30077"/>
    <key name="num8" symbol="kp8" label="30078"/>
    <key name="num9" symbol="kp9" label="30079"/>
    <key name="numdivide" symbol="kpdivide" label="30080"/>
    <key name="num4" symbol="kp4" label="30081"/>
    <key name="num5" symbol="kp5" label="30082"/>
    <key name="num6" symbol="kp6" label="30083"/>
    <key name="nummultiply" symbol="kpmultiply" label="30084"/>
    <key name="num1" symbol="kp1" label="30085"/>
    <key name="num2" symbol="kp2" label="30086"/>
    <key name="num3" symbol="kp3" label="30087"/>
    <key name="numminus" symbol="kpminus" label="30088"/>
    <key name="num0" symbol="kp0" label="30089"/>
    <key name="numperiod" symbol="kpenter" label="30090"/>
    <key name="numcomma" symbol="kpperiod" label="30091"/>
    <key name="numadd" symbol="kpplus" label="30092"/>
    <!-- SVI specific keys -->
    <key name="print" symbol="printscreen" label="30093"/>
  </category>
</layout>
