<?xml version="1.0" encoding="UTF-8" standalone="yes"?>
<addon id="script.module.simplecache" name="Simple Cache Module" version="1.0.18" provider-name="marcelveldt">
    <requires>
        <import addon="xbmc.python" version="2.26.0"/>
    </requires>
    <extension point="xbmc.python.module" library="lib" />
    <extension point="xbmc.addon.metadata">
        <summary lang="en_GB">Provides a simple file- and memory based cache for Kodi addons</summary>
        <description lang="en_GB">Provides a simple file- and memory based cache for Kodi addons</description>
        <summary lang="es_ES">Proporciona una memoria caché simple basada en archivos y memoria para complementos de Kodi</summary>
        <description lang="es_ES">Proporciona una memoria caché simple basada en archivos y memoria para complementos de Kodi</description>
        <platform>all</platform>
        <license>Apache 2.0</license>
        <forum/>
        <source>https://github.com/kodi-community-addons/script.module.simplecache</source>
        <assets>
            <icon>resources/icon.png</icon>
        </assets>
    </extension>
</addon>
