<?xml version="1.0" encoding="UTF-8"?>
<addon id="visualization.shadertoy" version="1.2.3.1" name="Shadertoy" provider-name="Team Kodi">
  <requires>
    <import addon="kodi.binary.global.main" version="1.0.14"/>
    <import addon="kodi.binary.global.gui" version="5.12.0"/>
    <import addon="kodi.binary.instance.visualization" version="2.0.1"/>
  </requires>
  <extension point="xbmc.player.musicviz" library_linux="visualization.shadertoy.so.1.2.3"/>
  <extension point="xbmc.addon.metadata">
    <summary lang="en">Visualisations from Shadertoy</summary>
    <description lang="en">This music visualization is based on Shadertoy based GPU programs.</description>
    <summary lang="es">Visualización de Shadertoy</summary>
    <description lang="es">Esta visualización de música se basa en programas de GPU basados ​​en Shadertoy.</description>
	<platform/>
    <assets>
      <icon>resources/icon.png</icon>
      <fanart>resources/fanart.jpg</fanart>
      <screenshot>resources/screenshot-01.jpg</screenshot>
      <screenshot>resources/fanart.jpg</screenshot>
      <screenshot>resources/screenshot-02.jpg</screenshot>
      <screenshot>resources/screenshot-03.jpg</screenshot>
      <screenshot>resources/screenshot-04.jpg</screenshot>
      <screenshot>resources/screenshot-05.jpg</screenshot>
      <screenshot>resources/screenshot-06.jpg</screenshot>
    </assets>
  </extension>
</addon>
