<?xml version="1.0" encoding="UTF-8" standalone="yes"?>
<addon id="script.module.simplejson"
       name="simplejson"
       version="3.16.1" 
       provider-name="Bob Ippolito">
  <requires>
    <import addon="xbmc.python" version="2.14.0"/>
  </requires>
  <extension point="xbmc.python.module"
             library="lib" />
  <extension point="xbmc.addon.metadata">
    <platform>all</platform>
    <language></language>
    <summary lang="en">Simple, fast, extensible JSON encoder/decoder for Python</summary>
    <description lang="en">Simple, fast, extensible JSON encoder/decoder for Python</description>
    <disclaimer lang="en">Code taken from https://pypi.org/project/simplejson/</disclaimer>
	<summary lang="es">Codificador/decodificador JSON simple, rápido y extensible para Python</summary>
    <description lang="es">Codificador/decodificador JSON simple, rápido y extensible para Python</description>
    <disclaimer lang="es">Código tomado de https://pypi.org/project/simplejson/</disclaimer>
    <license>MIT License, Academic Free License v. 2.1</license>
    <website>https://pypi.org/project/simplejson/</website>
    <source>https://github.com/simplejson/simplejson</source>
  </extension>
</addon>
