<?xml version="1.0" encoding="UTF-8" standalone="yes"?>
<addon id="game.controller.sg1000"
        name="Sega SG-1000 Controller"
        version="1.0.8"
        provider-name="Team Kodi">
    <extension point="kodi.game.controller" library="resources/layout.xml"/>
    <extension point="xbmc.addon.metadata">
        <summary lang="en_GB">Sega SG-1000 controller</summary>
        <description lang="en_GB">The SG-1000, also known as the Computer Videogame SG-1000, was Sega's first entry into the console business in 1983. However, due to market saturation and the Video Game Crash of 1983, it was not commercially successful.</description>
        <disclaimer lang="en_GB">Image credit: OpenEmu (openemu.org)</disclaimer>
		<summary lang = "es_ES"> Controlador Sega SG-1000 </summary>
        <description lang = "es_ES"> El SG-1000, también conocido como Computer Videogame SG-1000, fue la primera entrada de Sega en el negocio de las consolas en 1983. Sin embargo, debido a la saturación del mercado y al colapso del videojuego de 1983, fue no es comercialmente exitoso. </description>
        <disclaimer lang = "es_ES"> Crédito de imagen: OpenEmu (openemu.org) </disclaimer>
        <platform>all</platform>
        <assets>
            <icon>resources/icon.png</icon>
        </assets>
    </extension>
</addon>
