{
    "LabelPrevious": "Anterior",
    "LabelFinish": "Terminar",
    "LabelNext": "Siguiente",
    "LabelYoureDone": "\u00a1Ha terminado!",
    "ThisWizardWillGuideYou": "Este asistente le guiar\u00e1 a trav\u00e9s del proceso de instalaci\u00f3n. Para comenzar, por favor seleccione su lenguaje preferido.",
    "HeaderCreateYourFirstUser": "Crea Tu Primer Usuario",
    "ButtonQuickStartGuide": "Gu\u00eda de Inicio R\u00e1pido",
    "MoreUsersCanBeAddedLater": "Se pueden agregar m\u00e1s usuarios posteriormente en las configuraciones del Servidor Emby.",
    "UserProfilesIntro": "Emby incluye soporte integrado para perfiles de usuario, habilitando a cada usuario para tener sus propias configuraciones de visualizaci\u00f3n, reproducci\u00f3n y controles parentales.",
    "WizardCompleted": "Eso es todo lo que necesitamos por ahora, Emby ha comenzado a recolectar informaci\u00f3n sobre su biblioteca de medios. Revise algunas de nuestras aplicaciones, y haga clic en <b>Finalizar<\/b> para ver el <b>Panel de Control<\/b>",
    "HeaderTermsOfService": "T\u00e9rminos de Servicio de Emby",
    "MessagePleaseAcceptTermsOfService": "Por favor acepte los t\u00e9rminos del servicio y la pol\u00edtica de privacidad antes de continuar.",
    "OptionIAcceptTermsOfService": "Acepto los t\u00e9rminos del servicio.",
    "HeaderGuideDataSetup": "Configuraci\u00f3n de datos de Gu\u00edas",
    "LabelGuideSource": "Fuente para las Gu\u00edas:",
    "SeeOurHwaGuide": "Vea nuestra {0}Gu\u00eda de configuraci\u00f3n de aceleraci\u00f3n por hardware{1}.",
    "HeaderEmbyServerReleaseNotes": "Notas de Actualizaci\u00f3n del Servidor Emby",
    "AllowSubtitleDownloading": "Permitir la descarga de subtitulos",
    "AllowSubtitleManagement": "Permitir la eliminaci\u00f3n de archivos de subtitulo existentes",
    "NewUserNameHelp": "As\u00ed es como los usuarios se ver\u00e1n en su servidor.",
    "ChapterMarkers": "Marcadores de cap\u00edtulos",
    "LabelThumbnailImagesInterval": "Intervalo de imagenes en miniatura:",
    "ThumbnailImagesIntervalHelp": "Una mayor frecuencia en las imagenes en miniatura resulatara en una mejor experiencia, pero requerira mas espacio en disco y tiempo para crear las imagenes.",
    "LabelAuthProvider": "Proveedor de Autenticaci\u00f3n:",
    "AuthProviderHelp": "Los administradores deben siempre utilizar el proveedor Emby por defecto para garantizar que nunca ser\u00e1n bloqueados.",
    "HeaderNewUser": "Nuevo Usuario",
    "EditServerDisplayName": "Cambiar el nombre de pantalla del servidor",
    "LabelPinCode": "C\u00f3digo pin:",
    "ShowAdvancedSettings": "Mostrar configuraciones avanzadas",
    "ChangingMetadataImageSettingsNewContent": "Cambios en las configuraciones de descarga de metadatos o arte solo se aplicaran a contenido nuevo agregado a su biblioteca. Para aplicar los cambios a los t\u00edtulos existentes, necesita actualizar los metadatos manualmente.",
    "AllowRemoteAccess": "Permitir conexiones remotas a este Servidor Emby",
    "AllowRemoteAccessHelp": "Si se deshabilita, todas las conexiones remotas ser\u00e1n bloqueadas.",
    "Alerts": "Alertas",
    "LabelTrackTitleDisplay": "Mostrar titulo embebido en las pistas:",
    "GenerateUserFriendlyTrackTitles": "Generar t\u00edtulos de pistas  amigables usando la informaci\u00f3n de las pistas",
    "PreferOriginalTrackTitles": "Preferir t\u00edtulos embebidos",
    "TrackTitleDisplayHelp": "Elige entre mostrar el titulo embebido en las pistas de audio y subtitulo. Preferir t\u00edtulos embebidos no es recomendado a menos que usted cure manualmente la informaci\u00f3n embebida en las pistas.",
    "EnableTranscodingThrottle": "Habilitar contenci\u00f3n",
    "EnableTranscodingThrottleHelp": "Emby ajustara autom\u00e1ticamente la velocidad de la transcodificacion para reducir la utilizaci\u00f3n del CPU.",
    "LabelTypeMetadataDownloaders": "{0} recolectores de metadatos:",
    "HeaderTypeImageFetchers": "{0} Recolectores de Im\u00e1genes",
    "HeaderImageOptions": "Opciones de Imagen",
    "OptionBeta": "Beta",
    "HeaderTaskTriggers": "Disparadores de Tarea",
    "HeaderPaths": "Rutas",
    "CategorySync": "Sincronizar",
    "RegisterWithPayPal": "Registrar con PayPal",
    "LabelSyncTempPath": "Ruta de archivos temporales:",
    "LabelSyncTempPathHelp": "Especifique una carpeta de trabajo personalizada. Los medios convertidos creados durante el proceso de conversi\u00f3n ser\u00e1n almacenados aqu\u00ed.",
    "LabelCustomCertificatePath": "Ruta personalizada del certificado ssl:",
    "LabelCustomCertificatePathHelp": "Trayectoria a un archivo PKCS #12 que contiene el certificado y la llave privada para habilitar soporte a TLS en un dominio personalizado.",
    "HeaderSetupLibrary": "Configurar Bibliotecas de Medios",
    "LabelTimeLimitHours": "L\u00edmite de Tiempo (horas):",
    "HeaderPreferredMetadataLanguage": "Idioma Preferido para Metadatos",
    "LabelSaveLocalMetadata": "Guardar ilustraciones en las carpetas de medios",
    "LabelSaveLocalMetadataHelp": "Guardar ilustraciones directamente en las carpetas de medios los colocar\u00e1 en un lugar donde se pueden almacenar y editar f\u00e1cilmente.",
    "TabPassword": "Contrase\u00f1a",
    "TabLibraryAccess": "Acceso a biblioteca",
    "TabAccess": "Acceso",
    "TabImage": "Imagen",
    "TabProfile": "Perf\u00edl",
    "TabMetadata": "Metadatos",
    "TabImages": "Im\u00e1genes",
    "HeaderDeviceAccess": "Acceso a Dispositivos",
    "OptionEnableAccessFromAllDevices": "Habilitar acceso desde todos los dispositivos",
    "OptionEnableAccessToAllChannels": "Habilitar acceso a todos los canales",
    "OptionEnableAccessToAllLibraries": "Habilitar el acceso a todas las bibliotecas",
    "DeviceAccessHelp": "Filtrando en acceso de los dispositivos de usuarios evitara que usen nuevos dispositivos hasta que sean aprobados aqu\u00ed.",
    "LabelDisplayMissingEpisodesWithinSeasons": "Mostar episodios no disponibles en las temporadas",
    "LabelDisplayMissingEpisodesWithinSeasonsHelp": "Esta opci\u00f3n tambi\u00e9n debe de estar habilitada en la configuraci\u00f3n del Servidor Emby para bibliotecas de TV.",
    "LabelUnairedMissingEpisodesWithinSeasons": "Mostrar episodios a\u00fan no emitidos en las temporadas",
    "ImportMissingEpisodesHelp": "Si se habilita, se importara a su base de datos de Emby informaci\u00f3n sobre episodios faltantes y se mostrara dentro de las temporadas y series. Esto podr\u00eda ocasionar escaneos de biblioteca significativamente mas largos.",
    "MessageEnablingOptionLongerScans": "Habilitar esta opci\u00f3n podr\u00eda resultar en escaneos de bibliotecas significativamente mas largos.",
    "TabSecurity": "Seguridad",
    "ButtonSave": "Guardar",
    "LabelUrl": "Url:",
    "HeaderCreatePassword": "Crear Contrase\u00f1a",
    "LabelMaxParentalRating": "M\u00e1xima clasificaci\u00f3n parental permitida:",
    "MaxParentalRatingHelp": "El contenido con clasificaci\u00f3n parental superior se ocultar\u00e1 para este usuario.",
    "LibraryAccessHelp": "Seleccione las carpetas de medios para compartir con este usuario. Los administradores podr\u00e1n editar todas las carpetas usando el administrador de metadatos.",
    "ChannelAccessHelp": "Seleccione los canales a compartir con este usuario. Los administradores podr\u00e1n editar todos los canales empleando el administrador de metadatos.",
    "ButtonDeleteImage": "Eliminar Imagen",
    "LabelSelectUsers": "Seleccionar Usuarios:",
    "HeaderUploadNewImage": "Subir Nueva Imagen",
    "ImageUploadAspectRatioHelp": "Se Recomienda una Proporci\u00f3n de Aspecto 1:1. Solo JPG\/PNG.",
    "MessagePleaseEnsureInternetMetadata": "Por favor aseg\u00farese que la descarga de metadatos de internet esta habilitada.",
    "AlreadyPaidHelp1": "Si ya ha pagado para instalar una versi\u00f3n antigua de Media Browser para Android, no necesita pagar de nuevo para activar esta app. De clic en OK para enviarnos un correo electr\u00f3nico a {0} y nosotros la activaremos por usted.",
    "AlreadyPaidHelp2": "\u00bfYa cuenta con Emby Premiere? Solo cancele este cuadro de dialogo, configure Emby Premiere en su Servidor Emby bajo Ayuda-> Emby Premiere, y se desbloqueara autom\u00e1ticamente.",
    "TabSuggestions": "Sugerencias",
    "TabLatest": "Recientes",
    "TabUpcoming": "Proximamente",
    "TabShows": "Programas",
    "TabEpisodes": "Episodios",
    "TabGenres": "G\u00e9neros",
    "TabNetworks": "Cadenas",
    "HeaderUsers": "Usuarios",
    "TabMyPlugins": "Mis Complementos",
    "TabCatalog": "Cat\u00e1logo",
    "TitlePlugins": "Complementos",
    "HeaderAutomaticUpdates": "Actualizaciones Autom\u00e1ticas",
    "HeaderLatestAlbums": "\u00c1lbumes Recientes",
    "HeaderLatestSongs": "Canciones Recientes",
    "LabelVideoType": "Tipo de Video:",
    "OptionBluray": "Bluray",
    "OptionDvd": "DVD",
    "OptionIso": "ISO",
    "Option3D": "3D",
    "Standard": "Est\u00e1ndar",
    "LabelLastResult": "\u00daltimo resultado:",
    "OptionHasSpecialFeatures": "Caracter\u00edsticas Especiales",
    "OptionImdbRating": "Calificaci\u00f3n de IMDb",
    "OptionParentalRating": "Clasificaci\u00f3n Parental",
    "OptionPremiereDate": "Fecha de Estreno",
    "TabBasic": "B\u00e1sico",
    "TabAdvanced": "Avanzado",
    "TabGeneral": "General",
    "TitleSupport": "Soporte",
    "TabAbout": "Acerca de",
    "TabSupporterKey": "Clave de Emby Premier",
    "TabBecomeSupporter": "Obtener Emby Premier",
    "TabEmbyPremiere": "Emby Premier",
    "OptionHideUserLocal": "Ocultar este usuario de la pantalla de inicio de sesi\u00f3n en su red local",
    "OptionHideUserRemote": "Ocultar este usuario de la pantalla de inicio de sesi\u00f3n para conexiones remotas",
    "OptionHideUserFromLoginHelp": "\u00datil para cuentas privadas o de administrador ocultas. El usuario tendr\u00e1 que iniciar sesi\u00f3n manualmente introduciendo su nombre de usuario y contrase\u00f1a.",
    "OptionDisableUser": "Desactivar este usuario",
    "OptionDisableUserHelp": "Si est\u00e1 desactivado, el servidor no aceptar\u00e1 conexiones de este usuario. Las conexiones existentes ser\u00e1n finalizadas abruptamente.",
    "ButtonHelp": "Ayuda",
    "OptionAllowUserToManageServer": "Permitir a este usuario administrar el servidor",
    "HeaderFeatureAccess": "Permisos de acceso",
    "OptionAllowMediaPlayback": "Permitir reproducci\u00f3n de medios",
    "OptionAllowBrowsingLiveTv": "Permitir acceso a TV en Vivo",
    "AllLibraries": "Todas las bibliotecas",
    "HeaderAllowMediaDeletionFrom": "Permitir Eliminacion de Medios De",
    "AllowDeletionFromAll": "Permitir eliminaci\u00f3n de medios en todas las bibliotecas",
    "OptionAllowManageLiveTv": "Permitir gesti\u00f3n de grabaci\u00f3n de TV en Vivo",
    "OptionAllowRemoteControlOthers": "Permitir control remoto de otros usuarios",
    "OptionAllowRemoteSharedDevices": "Permitir control remoto de dispositivos compartidos",
    "OptionAllowRemoteSharedDevicesHelp": "Los dispositivos dnla son considerados como compartidos hasta que alg\u00fan usuario comienza a controlarlo.",
    "OptionAllowLinkSharing": "Permitir compartir medios en redes sociales.",
    "OptionAllowLinkSharingHelp": "Solo son compartidas paginas web que contengan informaci\u00f3n sobre los medios. Los archivos de medios nunca son compartidos p\u00fablicamente. Son compartidos por un tiempo limitado y expiraran despu\u00e9s de {0} d\u00edas.",
    "OptionMissingTmdbId": "Falta Id de Tmdb",
    "OptionIsHD": "HD",
    "OptionIsSD": "SD",
    "ButtonSelect": "Seleccionar",
    "HeaderCredits": "Cr\u00e9ditos",
    "PleaseSupportOtherProduces": "Por favor apoye otros productos libres que utilizamos:",
    "VersionNumber": "Versi\u00f3n {0}",
    "TabPaths": "Rutas",
    "TabServer": "Servidor",
    "OptionRelease": "Versi\u00f3n Oficial",
    "LabelAllowServerAutoRestart": "Permite al servidor reiniciar autom\u00e1ticamente para aplicar actualizaciones",
    "LabelAllowServerAutoRestartHelp": "El servidor reiniciar\u00e1 \u00fanicamente durante periodos ociosos, cuando no haya usuarios activos.",
    "LabelRunServerAtStartup": "Ejecutar el servidor al iniciar",
    "LabelRunServerAtStartupHelp": "Esto iniciar\u00e1 el icono de Emby en el \u00e1rea de notificaci\u00f3n cuando windows arranque. Si ha configurado un Servicio de Windows entonces deje esta casilla desmarcada y configure el servicio para ejecutarse al iniciar.",
    "ButtonSelectDirectory": "Seleccionar Carpeta",
    "LabelCachePath": "Ruta para el Cach\u00e9:",
    "DefaultMetadataLangaugeDescription": "Estas son sus configuraciones por defecto y puedes ser personalizadas independientemente en cada biblioteca.",
    "LabelCachePathHelp": "Especifique una ubicaci\u00f3n personalizada para los archivos de cach\u00e9 del servidor, tales como im\u00e1genes. Dejar en blanco para utilizar la configuraci\u00f3n por defecto.",
    "LabelRecordingPath": "Ruta por defecto para grabaciones:",
    "LabelMovieRecordingPath": "Ruta para grabaciones de Pel\u00edculas (opcional):",
    "LabelSeriesRecordingPath": "Ruta para grabaciones de Series (Opcional):",
    "LabelRecordingPathHelp": "Especifique la locaci\u00f3n para guardar grabaciones. Si se deja en blanco, se usara la carpeta de datos de programa del servidor.",
    "LabelMetadataPath": "Ruta para metadatos:",
    "LabelMetadataPathHelp": "Especifique una ubicaci\u00f3n personalizada para ilustraciones y metadatos descargados.",
    "LabelTranscodingTempPath": "Ruta para transcodificaci\u00f3n temporal:",
    "LabelTranscodingTempPathHelp": "Esta carpeta contiene archivos de trabajo usados por el transcodificador. Especifique una ruta personalizada, o d\u00e9jela vac\u00eda para utilizar su valor por omisi\u00f3n en la carpeta de datos del servidor.",
    "TabBasics": "B\u00e1sicos",
    "TabTV": "TV",
    "TabGames": "Juegos",
    "TabMusic": "M\u00fasica",
    "TabOthers": "Otros",
    "OptionMovies": "Pel\u00edculas",
    "OptionEpisodes": "Episodios",
    "OptionOtherVideos": "Otros Videos",
    "ExtractThumbnailImagesHelp": "La creaci\u00f3n de im\u00e1genes en miniatura permitir\u00e1 a las aplicaciones Emby mostrar men\u00fas de selecci\u00f3n de escenas gr\u00e1ficas. El proceso puede ser lento, requiere de una gran cantidad de CPU y puede requerir varios gigabytes de espacio. Se ejecuta al descubrir videos, y tambi\u00e9n como una tarea programada nocturna. El horario es configurable en el \u00e1rea de tareas programadas. No se recomienda ejecutar esta tarea durante horas pico de uso.",
    "TabGuide": "Gu\u00eda",
    "TabChannels": "Canales",
    "TabCollections": "Colecciones",
    "HeaderChannels": "Canales",
    "TabRecordings": "Grabaciones",
    "TabSeries": "Series",
    "TabFavorites": "Favoritos",
    "TabMyLibrary": "Mi Biblioteca",
    "TabSettings": "Configuraci\u00f3n",
    "ButtonRefreshGuideData": "Actualizar Datos de la Gu\u00eda",
    "ButtonRefresh": "Actualizar",
    "OptionPriority": "Prioridad",
    "OptionRecordOnAllChannels": "Grabar en todos los canales",
    "OptionRecordAnytime": "Grabar en cualquier momento",
    "OptionRecordOnlyNewEpisodes": "Grabar s\u00f3lo nuevos episodios",
    "HeaderDays": "D\u00edas",
    "ButtonEdit": "Editar",
    "ButtonRecord": "Grabar",
    "ButtonDelete": "Eliminar",
    "ButtonRemove": "Eliminar",
    "OptionRecordSeries": "Grabar Series",
    "HeaderDetails": "Detalles",
    "TitleLiveTV": "TV en Vivo",
    "LabelNumberOfGuideDays": "N\u00famero de d\u00edas de datos de la programaci\u00f3n a descargar",
    "LabelNumberOfGuideDaysHelp": "Descargar m\u00e1s d\u00edas de datos de programaci\u00f3n permite programar con mayor anticipaci\u00f3n y ver m\u00e1s listados, pero tomar\u00e1 m\u00e1s tiempo en descargar. Auto seleccionara basado en el numero de canales. Por favor note que sin importar cuantos d\u00edas elija, los datos deben existir en la gu\u00eda fuente para poder ser descargados. Algunos proveedores de gu\u00edas solo proveen 24 horas. Los Datos de Guia Emby soportan hasta 14 d\u00edas.",
    "OptionAutomatic": "Autom\u00e1tico",
    "HeaderServices": "Servicios",
    "LabelCustomizeOptionsPerMediaType": "Personalizar por tipo de medio:",
    "OptionDownloadThumbImage": "Miniatura",
    "OptionDownloadMenuImage": "Men\u00fa",
    "OptionDownloadLogoImage": "Logo",
    "OptionDownloadBoxImage": "Caja",
    "OptionDownloadDiscImage": "DIsco",
    "OptionDownloadBannerImage": "Cart\u00e9l",
    "OptionDownloadBackImage": "Reverso",
    "OptionDownloadArtImage": "Arte",
    "OptionDownloadPrimaryImage": "Principal",
    "HeaderFetchImages": "Buscar im\u00e1genes:",
    "TabOther": "Otros",
    "LabelMaxBackdropsPerItem": "N\u00famero m\u00e1ximo de im\u00e1genes de fondo por \u00edtem:",
    "LabelMaxScreenshotsPerItem": "N\u00famero m\u00e1ximo de capturas de pantalla por \u00edtem:",
    "LabelMinBackdropDownloadWidth": "Anchura m\u00ednima de descarga de im\u00e1genes de fondo:",
    "LabelMinScreenshotDownloadWidth": "Anchura m\u00ednima de descarga de capturas de pantalla:",
    "ButtonAddScheduledTaskTrigger": "Agregar Disparador",
    "HeaderAddScheduledTaskTrigger": "Agregar Disparador",
    "ButtonAdd": "Agregar",
    "LabelTriggerType": "Tipo de Evento:",
    "OptionDaily": "Diario",
    "OptionWeekly": "Semanal",
    "OptionOnInterval": "En un intervalo",
    "OptionOnAppStartup": "Al iniciar la aplicaci\u00f3n",
    "OptionAfterSystemEvent": "Despu\u00e9s de un evento del sistema",
    "LabelDay": "D\u00eda:",
    "LabelTime": "Hora:",
    "LabelEvent": "Evento:",
    "OptionWakeFromSleep": "Al Despertar",
    "LabelEveryXMinutes": "Cada:",
    "HeaderTvTuners": "Sintonizadores",
    "TabFolders": "Carpetas",
    "LabelSpecialSeasonsDisplayName": "Nombre de la temporada de Especiales:",
    "LabelEnableRealtimeMonitor": "Activar monitoreo en tiempo real",
    "LabelEnableRealtimeMonitorHelp": "Los cambios en los archivos ser\u00e1n procesados inmediatamente, en los sistemas de archivo que lo soporten.",
    "HeaderMediaFolders": "Carpetas de Medios",
    "HeaderThemeVideos": "Videos de Tema",
    "HeaderThemeSongs": "Canciones de Tema",
    "HeaderSpecialFeatures": "Caracter\u00edsticas Especiales",
    "HeaderAdditionalParts": "Partes Adicionales",
    "ButtonSplitVersionsApart": "Separar Versiones",
    "ButtonPlayTrailer": "Tr\u00e1iler",
    "LabelMissing": "Falta",
    "OptionSpecialEpisode": "Especiales",
    "OptionMissingEpisode": "Episodios Faltantes",
    "OptionUnairedEpisode": "Episodios no Emitidos",
    "OptionEpisodeSortName": "Nombre para Ordenar el Episodio",
    "OptionTvdbRating": "Calificaci\u00f3n de Tvdb",
    "HeaderAddTitles": "Agregar T\u00edtulos",
    "TabHome": "Inicio",
    "HeaderLinks": "Enlaces",
    "LinkCommunity": "Comunidad",
    "LinkGithub": "Github",
    "LinkApi": "Api",
    "LabelFriendlyServerName": "Nombre amigable del servidor:",
    "LabelFriendlyServerNameHelp": "Este nombre ser\u00e1 usado para identificar este servidor. Si se deja en blanco, se usar\u00e1 el nombre de la computadora.",
    "LabelPreferredDisplayLanguage": "Idioma de pantalla preferido:",
    "LabelPreferredDisplayLanguageHelp": "La traducci\u00f3n de Emby es un proyecto en curso.",
    "LabelReadHowYouCanContribute": "Inf\u00f3rmese de c\u00f3mo puede contribuir.",
    "ButtonSubmit": "Enviar",
    "ButtonCreate": "Crear",
    "LabelCustomCss": "css personalizado:",
    "LabelCustomCssHelp": "Aplicar tu propia css personalizada a la interfaz web.",
    "LabelLocalHttpServerPortNumber": "N\u00famero de puerto http local:",
    "LabelLocalHttpServerPortNumberHelp": "El numero de puerto tcp con el que se deber\u00e1 vincular el servidor http de Emby.",
    "LabelPublicHttpPort": "N\u00famero de puerto http publico:",
    "LabelPublicHttpPortHelp": "El numero de puerto que debe ser mapeado a el puerto http local.",
    "LabelPublicHttpsPort": "N\u00famero de puerto https publico:",
    "LabelPublicHttpsPortHelp": "El n\u00famero de puerto p\u00fablico que deber\u00e1 ser mapeado al puerto local de https.",
    "RequireHttps": "Requerir https para conexiones externas",
    "RequireHttpsHelp": "Si lo habilita, las conexiones sobre http ser\u00e1n redirigidas a https.",
    "LabelHttpsPort": "N\u00famero de puerto https local:",
    "LabelHttpsPortHelp": "El numero de puerto tcp con el que se deber\u00e1 vincular el servidor https de Emby.",
    "LabelEnableAutomaticPortMap": "Habilitar mapeo autom\u00e1tico de puertos",
    "LabelEnableAutomaticPortMapHelp": "Intentar mapear autom\u00e1ticamente el puerto p\u00fablico con el puerto local via UPnP. Esto podr\u00eda no funcionar con algunos modelos de ruteadores.",
    "LabelExternalDDNS": "Dominio externo:",
    "LabelExternalDDNSHelp": "Si tiene un DNS din\u00e1mico o nombre de dominio introd\u00fazcalo aqu\u00ed, sin protocolo o puerto. Las aplicaciones Emby lo usaran cuando se conecten remotamente. Este campo es obligatorio cuando se usa un certificado ssl personalizado. Ejemplo: midominio.com.",
    "LabelMinResumePercentage": "Porcentaje m\u00ednimo para continuar:",
    "LabelMaxResumePercentage": "Porcentaje m\u00e1ximo para continuar:",
    "LabelMinResumeDuration": "Duraci\u00f3n m\u00ednima para continuar (segundos):",
    "LabelMinResumePercentageHelp": "Se asumir\u00e1 que los t\u00edtulos no han sido reproducidos si se detienen antes de este momento",
    "LabelMaxResumePercentageHelp": "Se asumir\u00e1 que los t\u00edtulos han sido reproducidos por completo si se detienen despu\u00e9s de este momento",
    "LabelMinResumeDurationHelp": "Los titulos con duraci\u00f3n menor a esto no podr\u00e1n ser continuados",
    "HeaderName": "Nombre",
    "HeaderDate": "Fecha",
    "HeaderSource": "Fuente",
    "HeaderStatus": "Estado",
    "HeaderDestination": "Destino",
    "Subscriptions": "Suscripciones",
    "HeaderProgram": "Programa",
    "HeaderClients": "Clientes",
    "LabelCompleted": "Completado",
    "LabelFailed": "Fallido",
    "LabelSkipped": "Omitido",
    "LabelSeries": "Series:",
    "LabelEndingEpisodeNumber": "N\u00famero episodio final:",
    "LabelEndingEpisodeNumberHelp": "S\u00f3lo requerido para archivos multi-episodio",
    "HeaderSupportTheTeam": "Apoye al equipo de Emby",
    "HeaderSupportTheTeamHelp": "Ayude a asegurar el desarrollo continuo de este proyecto adquiriendo Emby Premier. Una parte de todos los ingresos ser\u00e1n destinados a contribuciones a otras herramientas libres de las cuales dependemos.",
    "DonationNextStep": "Una vez completado, por favor regerese e introduzca su clave de Emby Premier, la cual recibir\u00e1 por correo electr\u00f3nico.",
    "LabelSeasonFolderPattern": "Patr\u00f3n de la carpeta para temporadas:",
    "LabelSeasonZeroFolderName": "Nombre de la carpeta para la temporada cero:",
    "HeaderResult": "Resultado",
    "LabelTransferMethod": "M\u00e9todo de transferencia",
    "HeaderLatestNews": "Noticias Recientes",
    "HeaderRunningTasks": "Tareas en Ejecuci\u00f3n",
    "HeaderActiveDevices": "Dispositivos Activos",
    "HeaderPendingInstallations": "Instalaciones Pendientes",
    "ButtonRestartNow": "Reiniciar Ahora",
    "ButtonShutdown": "Apagar el Servidor Emby",
    "ButtonUpdateNow": "Actualizar Ahora",
    "TabHosting": "Hospedaje",
    "PleaseUpdateManually": "Por favor apague el Servidor Emby e instale la versi\u00f3n mas reciente.",
    "NewServerVersionAvailable": "\u00a1Una nueva versi\u00f3n del Servidor Emby esta disponible!",
    "ServerUpToDate": "El Servidor Emby esta actualizado",
    "LabelComponentsUpdated": "Los siguientes componentes han sido instalados o actualizados:",
    "MessagePleaseRestartServerToFinishUpdating": "Por favor reinicie el servidor para completar la aplicaci\u00f3n de las actualizaciones.",
    "LabelDownMixAudioScale": "Fortalecimiento de audio durante el downmix:",
    "LabelDownMixAudioScaleHelp": "Fortalezca el audio cuando se hace down mix. Coloque 1 para preservar el valor del volumen original.",
    "LabelCurrentEmailAddress": "Direcci\u00f3n de correo electr\u00f3nico actual",
    "LabelCurrentEmailAddressHelp": "La direcci\u00f3n de correo electr\u00f3nico actual a la que se envi\u00f3 la clave nueva.",
    "HeaderForgotKey": "No recuerdo mi clave",
    "LabelSupporterEmailAddress": "La direcci\u00f3n de correo electr\u00f3nico que fue utilizada para comprar la clave.",
    "ButtonRetrieveKey": "Recuperar Clave",
    "LabelSupporterKey": "Clave de Emby premier (p\u00e9guela desde el correo electr\u00f3nico):",
    "LabelSupporterKeyHelp": "Introduzca su clave de Emby Premier para comenzar a disfrutar beneficios adicionales.",
    "MessageInvalidKey": "La clave de Emby Premier no se encuentra o es inv\u00e1lida.",
    "ErrorMessageInvalidKey": "Para que cualquier contenido premium sea registrado, tambi\u00e9n debe contar con una suscripci\u00f3n de Emby Premier.",
    "HeaderRequireManualLogin": "Requerir captura de nombre de usuario manual para:",
    "HeaderRequireManualLoginHelp": "Cuando se encuentra desactivado las aplicaciones Emby podr\u00edan mostrar una pantalla de inicio de sesi\u00f3n con una selecci\u00f3n visual de los usuarios.",
    "OptionOtherApps": "Otras applicaciones",
    "OptionMobileApps": "Apps m\u00f3viles",
    "LabelNotificationEnabled": "Habilitar esta notificaci\u00f3n",
    "LabelMonitorUsers": "Monitorear actividad desde:",
    "LabelSendNotificationToUsers": "Enviar la notificaci\u00f3n a:",
    "LabelUseNotificationServices": "Emplear los siguientes servicios:",
    "CategoryUser": "Usuario",
    "CategorySystem": "Sistema",
    "CategoryApplication": "Aplicaci\u00f3n",
    "CategoryPlugin": "Complemento",
    "LabelAvailableTokens": "Detalles disponibles:",
    "AdditionalNotificationServices": "Explore el {0}cat\u00e1logo de complementos{1} de Emby para instalar servicios de notificaci\u00f3n adicionales.",
    "OptionAllUsers": "Todos los usuarios",
    "OptionAdminUsers": "Administradores",
    "OptionCustomUsers": "Personalizado",
    "ButtonArrowUp": "Arriba",
    "ButtonArrowDown": "Abajo",
    "ButtonArrowLeft": "Izquierda",
    "ButtonArrowRight": "Derecha",
    "ButtonBack": "Atr\u00e1s",
    "ButtonInfo": "Info",
    "ButtonHome": "Inicio",
    "ButtonSearch": "B\u00fasqueda",
    "ButtonSettings": "Configuraci\u00f3n",
    "Audio": "Audio",
    "PlayOnAnotherDevice": "Reproducir en otro dispositivo",
    "LetterButtonAbbreviation": "A",
    "TabControls": "Controles",
    "ButtonSubtitles": "Subt\u00edtulos",
    "ButtonPreviousTrack": "Pista anterior",
    "ButtonNextTrack": "Pista siguiente",
    "ButtonStop": "Detener",
    "ButtonPause": "Pausar",
    "ButtonNext": "Siguiente",
    "ButtonPrevious": "Previo",
    "LabelGroupMoviesIntoCollections": "Agrupar pel\u00edculas en colecciones",
    "LabelGroupMoviesIntoCollectionsHelp": "Cuando se muestran listados de pel\u00edculas, las pel\u00edculas que pertenecen a una colecci\u00f3n ser\u00e1n mostradas agrupadas en un solo \u00edtem.",
    "HeaderCollections": "Colecciones",
    "LabelMaxBitrate": "Tasa de bits m\u00e1xima:",
    "LabelMaxBitrateHelp": "Especifique la tasa de bits m\u00e1xima para ambientes con un ancho de banda limitado, o si el dispositivo impone sus propios l\u00edmites.",
    "LabelMusicStaticBitrate": "Tasa de bits de sincronizaci\u00f3n de m\u00fasica",
    "LabelMusicStaticBitrateHelp": "Especifique la tasa de bits m\u00e1xima al sincronizar m\u00fasica",
    "LabelDeviceDescription": "Descripci\u00f3n del dispositivo",
    "HeaderDownloadSubtitlesFor": "Descargar subt\u00edtulos para:",
    "LabelSkipIfGraphicalSubsPresent": "Omitir si el video ya contiene subt\u00edtulos embebidos",
    "LabelSkipIfGraphicalSubsPresentHelp": "Manteniendo las versiones de texto de los subtitulos resultara una entrega mas eficiente de los mismos y disminuir\u00e1 las posibilidades de que un video sea transcodificado.",
    "TabSubtitles": "Subt\u00edtulos",
    "LabelDownloadLanguages": "Descargar lenguajes:",
    "LabelSkipIfAudioTrackPresent": "Omitir si la pista de audio por defecto coincide con el lenguaje de descarga",
    "LabelSkipIfAudioTrackPresentHelp": "Desactive esto para asegurar que todos los videos tengan subt\u00edtulos, independientemente del lenguaje del audio.",
    "SendMessage": "Enviar mensaje",
    "HeaderSendMessage": "Enviar Mensaje",
    "ButtonSend": "Enviar",
    "ViewPlaybackInfo": "Ver informaci\u00f3n de reproducci\u00f3n",
    "LabelMessageText": "Texto del Mensaje:",
    "LabelMessageTitle": "T\u00edtulo del Mensaje:",
    "MessageNoAvailablePlugins": "No hay complementos disponibles.",
    "LabelDisplayPluginsFor": "Mostrar complementos para:",
    "PluginTabAppClassic": "Emby para Windows Media Center",
    "HeaderTypeText": "Introduzca Texto",
    "LabelTypeText": "Texto",
    "TabDisplay": "Pantalla",
    "TabLanguages": "Idiomas",
    "TabAppSettings": "Configuracion del App",
    "HeaderHomePage": "P\u00e1gina de Inicio",
    "OptionAuto": "Autom\u00e1tico",
    "OptionYes": "Si",
    "OptionNo": "No",
    "HeaderOptions": "Opciones",
    "OptionResumablemedia": "Continuar",
    "OptionLatestMedia": "Agregadas recientemente",
    "OptionLatestChannelMedia": "\u00cdtems recientes de canales",
    "OptionNone": "Ninguno",
    "HeaderLiveTv": "TV en Vivo",
    "HeaderSettings": "Configuraci\u00f3n",
    "OptionDefaultSort": "Por defecto",
    "TabNextUp": "A Continuaci\u00f3n",
    "MessageNoMovieSuggestionsAvailable": "No hay sugerencias de pel\u00edculas disponibles en este momento. Comienza a ver y a calificar tus pel\u00edculas, y regresa para ver tus recomendaciones.",
    "MessageNoCollectionsAvailable": "Las colecciones le permiten disfrutar de agrupaciones personalizadas de Pel\u00edculas, Series, \u00c1lbumes, Libros y Juegos. Haga clic en el bot\u00f3n + para iniciar la creaci\u00f3n de Colecciones.",
    "MessageNoPlaylistsAvailable": "Las listas de reproducci\u00f3n le permiten crear listas de contenidos a ser reproducidos de manera consecutiva. Para agregar \u00edtems a una lista de reproducci\u00f3n, haga clic derecho o seleccione y mantenga, despu\u00e9s seleccione Agregar a Lista de Reproducci\u00f3n.",
    "MessageNoPlaylistItemsAvailable": "Esta lista de reproducci\u00f3n se encuentra vac\u00eda.",
    "ButtonEditOtherUserPreferences": "Editar el perf\u00edl de este usuario. im\u00e1gen y preferencias personales.",
    "LabelChannelStreamQuality": "Calidad preferida para canal de internet:",
    "LabelChannelStreamQualityHelp": "En un ambiente de ancho de banda limitado, limitar la calidad puede ayudar a asegurar una experiencia de transimisi\u00f3n en tiempo real fluida.",
    "OptionBestAvailableStreamQuality": "La mejor disponible",
    "ViewTypeMovies": "Pel\u00edculas",
    "ViewTypeTvShows": "TV",
    "ViewTypeGames": "Juegos",
    "ViewTypeMusic": "M\u00fasica",
    "HeaderOtherDisplaySettings": "Configuraci\u00f3n de Pantalla",
    "ViewTypeMusicSongs": "Canciones",
    "ViewTypeMusicFavorites": "Favoritos",
    "ViewTypeMusicFavoriteAlbums": "\u00c1lbumes Favoritos",
    "ViewTypeMusicFavoriteArtists": "Artistas Favoritos",
    "ViewTypeMusicFavoriteSongs": "Canciones Favoritas",
    "HeaderMyViews": "Mis Vistas",
    "OptionDisplayAdultContent": "Mostrar contenido para Adultos",
    "OptionLibraryFolders": "Carpetas de medios",
    "TitleRemoteControl": "Control Remoto",
    "OptionDisplayChannelsInline": "Mostrar canales como carpetas de medios",
    "OptionDisplayChannelsInlineHelp": "Al activarse, estos canales ser\u00e1n mostrados directamente junto con otras bibliotecas de medios. Si esta deshabilitado, ser\u00e1n mostrados dentro de una carpeta independiente de Canales.",
    "LabelDisplayCollectionsView": "Desplegar una vista de colecciones para mostrar las colecciones de pel\u00edculas",
    "LabelDisplayCollectionsViewHelp": "Esto crear\u00e1 una vista separada para mostrar colecciones de pel\u00edculas que usted haya creado o a las que tenga acceso. Para crear una colecci\u00f3n, haga clic derecho o presione y mantenga sobre cualquier pel\u00edcula y seleccione 'Agregar a Colecci\u00f3n'.",
    "TabServices": "Servicios",
    "TabLogs": "Bit\u00e1coras",
    "TabBranding": "Establecer Marca",
    "HeaderBrandingHelp": "Personaliza la apariencia de Emby para ajustarla a su grupo u organizaci\u00f3n.",
    "LabelLoginDisclaimer": "Aviso legal:",
    "LabelLoginDisclaimerHelp": "Esto se mostrara al final de la pagina de inicio de sesi\u00f3n.",
    "OptionList": "Lista",
    "TabDashboard": "Panel de Control",
    "TitleServer": "Servidor",
    "LabelCache": "Cach\u00e9:",
    "LabelLogs": "Bit\u00e1coras:",
    "LabelMetadata": "Metadatos:",
    "LabelTranscodingTemporaryFiles": "Archivos temporales de transcodificaci\u00f3n:",
    "HeaderBranding": "Establecer Marca",
    "HeaderApiKeys": "Llaves de API",
    "HeaderApiKeysHelp": "Son necesarias aplicaciones externas para obtener una clave Api para comunicarse con el Servidor Emby. Las clave son emitidas accediendo con una cuenta Emby, u obteniendo manualmente la clave de la aplicaci\u00f3n.",
    "HeaderApiKey": "Llave de API",
    "HeaderApp": "App",
    "HeaderDevice": "Dispositivo",
    "HeaderUser": "Usuario",
    "HeaderDateIssued": "Fecha de Emisi\u00f3n",
    "HeaderHttpHeaders": "Encabezados Http",
    "TabView": "Vista",
    "TabFilter": "Filtro",
    "ButtonView": "Vista",
    "LabelView": "Vista:",
    "TabUsers": "Usuarios",
    "HeaderFeatures": "Caracter\u00edsticas",
    "HeaderAdvanced": "Avanzado",
    "HeaderScheduledTasks": "Tareas Programadas",
    "HeaderResumeSettings": "Configuraci\u00f3n para Continuar",
    "TitleUsers": "Usuarios",
    "ButtonClose": "Cerrar",
    "LabelAllLanguages": "Todos los lenguajes",
    "OptionAll": "Todos",
    "LabelImage": "Im\u00e1gen:",
    "HeaderImages": "Im\u00e1genes",
    "HeaderBackdrops": "Im\u00e1genes de fondo",
    "LabelJpgPngOnly": "JPG\/PNG solamente",
    "OptionSeason0": "Temporada 0",
    "HeaderFetcherSettings": "Configuraci\u00f3n de Recolectores",
    "HeaderActivity": "Actividad",
    "PluginInstalledWithName": "{0} fue instalado",
    "PluginUpdatedWithName": "{0} fue actualizado",
    "PluginUninstalledWithName": "{0} fue desinstalado",
    "LabelIpAddressValue": "Direcci\u00f3n IP: {0}",
    "HeaderEmbyServer": "Servidor Emby",
    "MessageServerConfigurationUpdated": "Se ha actualizado la configuraci\u00f3n del servidor",
    "MessageNamedServerConfigurationUpdatedWithValue": "Se ha actualizado la secci\u00f3n {0} de la configuraci\u00f3n del servidor",
    "MessageApplicationUpdated": "El servidor Emby ha sido actualizado",
    "ProviderValue": "Proveedor: {0}",
    "HeaderRecentActivity": "Actividad Reciente",
    "HeaderPeople": "Personas",
    "OptionComposers": "Compositores",
    "OptionOthers": "Otros",
    "ViewTypeFolders": "Carpetas",
    "OptionDisplayFolderView": "Mostrar una vista de carpetas para mostrar carpetas de medios simples",
    "OptionDisplayFolderViewHelp": "Se se habilita, las aplicaciones Emby mostraran una categor\u00eda llamada Carpetas junto con su biblioteca de medios. Esto es \u00fatil si prefiere tener  vistas sencillas de las carpetas.",
    "ViewTypeLiveTvRecordingGroups": "Grabaciones",
    "ViewTypeLiveTvChannels": "Canales",
    "HeaderPassword": "Contrase\u00f1a",
    "HeaderViewOrder": "Orden de Despliegue",
    "HeaderPersonInfo": "Info de la Persona",
    "HeaderConfirmDeletion": "Confirmar Eliminaci\u00f3n",
    "LabelAlbumArtist": "Artista del \u00e1lbum:",
    "LabelAirDate": "D\u00edas al aire:",
    "LabelAirTime:": "Duraci\u00f3n:",
    "LabelDisplaySpecialsWithinSeasons": "Mostrar especiales dentro de las temporadas en que fueron transmitidos",
    "ButtonPurchase": "Comprar",
    "HeaderPhotoInfo": "Info de Fotograf\u00eda:",
    "HeaderInstall": "Instalar",
    "LabelSelectVersionToInstall": "Seleccionar versi\u00f3n a instalar:",
    "LinkLearnMoreAboutSubscription": "Aprenda sobre Emby Premier",
    "MessagePluginRequiresSubscription": "Este complemento requiere de una suscripci\u00f3n de Emby Premier activa despu\u00e9s del periodo de prueba gratuita de 14 d\u00edas.",
    "MessagePremiumPluginRequiresMembership": "Este complemento requiere de una suscripci\u00f3n de Emby Premier activa para poder comprarlo despu\u00e9s del periodo de prueba gratuita de 14 d\u00edas.",
    "HeaderDeveloperInfo": "Info del desarrollador",
    "HeaderRevisionHistory": "Historial de Versiones",
    "ButtonViewWebsite": "Ver sitio web",
    "OptionSaveMetadataAsHidden": "Guardar metadatos e im\u00e1genes como archivos ocultos",
    "LabelExtractThumbnailsDuringLibraryScan": "Crear im\u00e1genes en miniatura durante el escaneo de la biblioteca",
    "LabelExtractThumbnailsDuringLibraryScanHelp": "Al habilitarse, las im\u00e1genes en miniatura se crear\u00e1n cuando los videos se importen durante el escaneo de la biblioteca. Si se deshabilita, se crear\u00e1n durante la ejecuci\u00f3n de la tarea programada de im\u00e1genes en miniatura, permiti\u00e9ndo que el escaneo de la biblioteca se complete m\u00e1s r\u00e1pido.",
    "LabelConnectGuestUserName": "Su nombre correo electr\u00f3nico de Emby Connect o nombre de usuario:",
    "LabelConnectUserName": "(Opcional) Nombre de usuario de Emby Connect o correo electr\u00f3nico:",
    "LabelConnectUserNameHelp": "Opcionalmente conecte este usuario local a una cuenta Emby Connect para facilitar el ingreso desde cualquier aplicaci\u00f3n Emby sin tener que conocer la direcci\u00f3n ip del servidor.",
    "ButtonLearnMoreAboutEmbyConnect": "Conocer mas acerca de Emby Connect",
    "LabelExternalPlayers": "Reproductores Externos:",
    "LabelNativeExternalPlayersHelp": "Mostrar botones para reproducir el contenido en reproductores externos",
    "TabPlayback": "Reproducci\u00f3n",
    "TitlePlayback": "Reproducci\u00f3n",
    "LabelDateAddedBehavior": "Comportamiento de fecha de adici\u00f3n para nuevo contenido:",
    "OptionDateAddedImportTime": "Emplear la fecha de escaneo en la biblioteca",
    "OptionDateAddedFileTime": "Emplear fecha de creaci\u00f3n del archivo",
    "LabelDateAddedBehaviorHelp": "Si se encuentra un valor en los metadados siempre ser\u00e1 empleado antes que cualquiera de estas opciones.",
    "TitleDevices": "Dispositivos",
    "TabCameraUpload": "Subir desde la C\u00e1mara",
    "TabDevices": "Dispositivos",
    "HeaderLibrarySettings": "Configuraciones de Biblioteca",
    "HeaderThumbnailImages": "im\u00e1genes en miniatura",
    "HeaderSubtitleDownloads": "Descarga de Subtitulos",
    "HeaderCameraUploadHelp": "Las aplicaciones de Emby pueden subir autom\u00e1ticamente fotograf\u00edas tomadas desde sus dispositivos m\u00f3viles al Servidor Emby.",
    "LabelCameraUploadPath": "Ruta para subir desde la c\u00e1mara:",
    "LabelCameraUploadPathHelp": "Seleccione una ruta personalizada de subida. Esto tendr\u00e1 prioridad sobre cualquier configuraci\u00f3n predeterminada en la secci\u00f3n de \"Cargar desde Camara\". Si se deja en blanco, se utilizara una carpeta predeterminada. Si se usa una ruta personalizada necesita ser agregada tambi\u00e9n como una biblioteca en la configuraci\u00f3n de bibliotecas de Emby.",
    "DefaultCameraUploadPathHelp": "Seleccione una ruta personalizada de subida. Si se deja en blanco, se utilizara una carpeta predeterminada. Si se usa una ruta personalizada necesita ser agregada tambi\u00e9n como una biblioteca en la configuraci\u00f3n de bibliotecas de Emby.",
    "LabelCreateCameraUploadSubfolder": "Crear una subcarpeta para cada dispositivo",
    "LabelCreateCameraUploadSubfolderHelp": "Se pueden especificar carpetas espec\u00edficas para un dispositivo haciendo clic en \u00e9l desde la p\u00e1gina de Dispositivos.",
    "LabelCustomDeviceDisplayName": "Nombre a mostrar:",
    "LabelCustomDeviceDisplayNameHelp": "Proporcione un nombre personalizado para mostrar o d\u00e9jelo vac\u00edo para usar el nombre reportado por el dispositivo.",
    "HeaderInviteUser": "Invitar Usuario",
    "LabelConnectGuestUserNameHelp": "Este es el nombre de usuario que su amigo usa para accesar a la pagina web de Emby, o su direcci\u00f3n de correo electr\u00f3nico.",
    "HeaderInviteUserHelp": "Compartir sus medios con amigos es mas f\u00e1cil que nunca con Emby Connect.",
    "ButtonSendInvitation": "Enviar invitaci\u00f3n",
    "HeaderGuests": "Invitados",
    "HeaderPendingInvitations": "Invitaciones Pendientes",
    "TabParentalControl": "Control Parental",
    "HeaderAccessSchedule": "Acceder Programaci\u00f3n",
    "HeaderAccessScheduleHelp": "Crear programaci\u00f3n de acceso para limitar el acceso a ciertos horarios.",
    "LabelAccessDay": "D\u00eda de la semana:",
    "LabelAccessStart": "Horario de comienzo:",
    "LabelAccessEnd": "Horario de fin:",
    "HeaderSchedule": "Programaci\u00f3n",
    "OptionEveryday": "Todos los d\u00edas",
    "OptionWeekdays": "Entre semana",
    "OptionWeekends": "Fines de semana",
    "HeaderOptionalLinkEmbyAccount": "Opcional: Enlazar su cuenta Emby Connect",
    "ButtonTrailer": "Trailer",
    "MessageNoTrailersFound": "No se encontraron tr\u00e1ilers. Instale el canal de tr\u00e1ilers para mejorar su experiencia con pel\u00edculas al agregar una biblioteca de tr\u00e1ilers desde el Internet.",
    "HeaderNewUsers": "Nuevos Usuarios",
    "TitleNewUser": "Nuevo Usuario",
    "ButtonConfigurePassword": "Configura una Contrase\u00f1a",
    "HeaderDashboardUserPassword": "Las contrase\u00f1as de usuario son manejadas dentro de las configuraciones personales de cada perfil de usuario.",
    "HeaderLibraryAccess": "Acceso a la Biblioteca",
    "HeaderChannelAccess": "Acceso a los Canales",
    "HeaderLatestItems": "\u00cdtems Recientes",
    "LabelForgotPasswordUsernameHelp": "Introduce tu nombre de usuario, si lo recuerdas.",
    "TitlePasswordReset": "Restablecer Contrase\u00f1a",
    "HeaderParentalRatings": "Clasificaci\u00f3n Parental",
    "HeaderVideoTypes": "Tipos de Video",
    "HeaderYears": "A\u00f1os",
    "HeaderBlockItemsWithNoRating": "Bloquear \u00edtems sin clasificaci\u00f3n o con informaci\u00f3n de clasificaci\u00f3n desconocida:",
    "LabelBlockContentWithTags": "Restringir Items Con Etiquetas:",
    "LabelTagRestrictionMode": "Modo de restricci\u00f3n por etiquetas:",
    "BlockItemsWithTheseTags": "Bloquear \u00edtems con estas etiquetas",
    "AllowItemsWithTheseTags": "Permitir solo \u00edtems con estas etiquetas",
    "TabActivity": "Actividad",
    "OptionAllowSyncContent": "Permitir Sincronizar",
    "OptionAllowContentDownloading": "Permitir descarga de medios",
    "LabelNewUserNameHelp": "Los nombres de usuario pueden contener letras (a-z), n\u00fameros (0-9), guiones (-), guiones bajos (_) y puntos (.)",
    "HeaderThisUserIsCurrentlyDisabled": "Este usuario se encuentra actualmente deshabilitado. Para habilitar este usuario, por favor vea la opci\u00f3n al fondo de esta pagina.",
    "OptionEnableTranscodingThrottle": "Habilitar contenci\u00f3n",
    "OptionEnableTranscodingThrottleHelp": "La contenci\u00f3n permite ajustar autom\u00e1ticamente la velocidad de transcodificaci\u00f3n para minimizar la utilizaci\u00f3n del procesador en el servidor durante la reproducci\u00f3n.",
    "LabelUploadSpeedLimit": "L\u00edmite de velocidad de subida (mbps):",
    "OptionAllowSyncTranscoding": "Permitir descarga de medios que requieran transcodificaci\u00f3n",
    "AllowMediaConversion": "Permitir conversi\u00f3n de medios",
    "AllowMediaConversionHelp": "Permitir o denegar acceso a la funci\u00f3n de convertir medios.",
    "HeaderPlayback": "Reproducci\u00f3n de Medios",
    "OptionAllowAudioPlaybackTranscoding": "Permitir la reproducci\u00f3n de audio que requiera de transcodificaci\u00f3n",
    "OptionAllowVideoPlaybackTranscoding": "Permitir la reproducci\u00f3n de video que requiera de transcodificaci\u00f3n",
    "OptionAllowVideoPlaybackRemuxing": "Permitir reproducci\u00f3n de video que requiera conversi\u00f3n sin re-codificar",
    "OptionAllowMediaPlaybackTranscodingHelp": "Restringir el acceso a transcodificacion dehabilitara la selecci\u00f3n de calidad de v\u00eddeo y podr\u00eda causar fallas en la reproducci\u00f3n en las aplicaciones Emby debido a medios no soportados o ancho de banda insuficiente.",
    "TabStreaming": "Transmisi\u00f3n",
    "LabelRemoteClientBitrateLimit": "Limite de tasa de bits para transmisi\u00f3n por Internet (Mbps):",
    "LabelRemoteClientBitrateLimitHelp": "Un l\u00edmite opcional en la tasa de bits para cada transmisi\u00f3n para todos los dispositivos fuera de la red local. Esto es \u00fatil para evitar que los clientes soliciten una tasa de bits mayor a la que su conexi\u00f3n de internet puede soportar. Puede resultar en un incremente en la carga del CPU de su servidor para poder transmitir videos al vuelo a una resoluci\u00f3n baja.",
    "LabelUserRemoteClientBitrateLimitHelp": "Esto tendr\u00e1 prioridad sobre el valor por defecto global configurado en configuraciones avanzadas de servidor.",
    "LabelConversionCpuCoreLimit": "L\u00edmite de n\u00facleos de CPU:",
    "LabelConversionCpuCoreLimitHelp": "L\u00edmitar el n\u00famero de n\u00facleos del CPU que ser\u00e1n utilizados durante la conversi\u00f3n en segundo plano.",
    "OptionEnableFullSpeedConversion": "Habilitar conversi\u00f3n a m\u00e1xima velocidad",
    "OptionEnableFullSpeedConversionHelp": "Por defecto, las conversiones ser\u00e1n realizadas a baja velocidad para minimizar el consumo de recursos.",
    "TabPhotos": "Fotos",
    "HeaderWelcomeToEmby": "Bienvenidos a Emby",
    "EmbyIntroMessage": "Con Emby usted puede transmitir videos, musica y fotos hacia su telefono inteligente, tabla u otros equipos desde su Servidor Emby.",
    "ButtonConnect": "Conectar",
    "HeaderNewServer": "Nuevo Servidor",
    "HeaderExport": "Exportar",
    "HeaderColumns": "Columnas",
    "ButtonReset": "Resetear",
    "OptionEnableExternalVideoPlayers": "Habilitar reproductores externos de video",
    "LabelEnableFullScreen": "Habilitar modo de pantalla completa",
    "TabHomeScreen": "Pantalla de Inicio",
    "HeaderDisplay": "Pantalla",
    "HeaderNavigation": "Navegaci\u00f3n",
    "OptionEnableAutomaticServerUpdates": "Habilitar actualizaciones autom\u00e1ticas del servidor",
    "HeaderOverview": "Resumen",
    "HeaderType": "Tipo",
    "HeaderTunerDevices": "Sintonizadores",
    "HeaderTVSources": "Fuentes de TV",
    "HeaderAddDevice": "Agregar Dispositivo",
    "HeaderExternalServices": "Servicios Externos",
    "LabelTunerIpAddress": "Direcci\u00f3n IP del Sintonizador:",
    "HeaderGuideProviders": "Proveedores de Gu\u00edas de TV",
    "AddGuideProviderHelp": "Agregar una fuente para informaci\u00f3n de Gu\u00eda de TV",
    "LabelZipCode": "C\u00f3digo Postal:",
    "GuideProviderSelectListings": "Elegir Listados",
    "GuideProviderLogin": "Iniciar Sesi\u00f3n",
    "LabelLineup": "Programaci\u00f3n:",
    "MessageTunerDeviceNotListed": "\u00bfSu sintonizador no se muestra? Intente instalar un proveedor de servicio externo para mas opciones de TV en Vivo.",
    "LabelImportOnlyFavoriteChannels": "Restringir a canales marcados como favoritos",
    "ImportFavoriteChannelsHelp": "Si se habilita, solo los canales marcados como favoritos en el dispositivo sintonizador ser\u00e1n importados.",
    "ButtonRepeat": "Repetir",
    "LabelEnableThisTuner": "Habilitar este sintonizador",
    "LabelEnableThisTunerHelp": "Quitar selecci\u00f3n para evitar importar canales de este dispositivo.",
    "HeaderImagePrimary": "Principal",
    "HeaderImageBackdrop": "Imagen de Fondo",
    "HeaderImageLogo": "Logo",
    "HeaderUserPrimaryImage": "Imagen de Usuario",
    "ButtonProfile": "Perf\u00edl",
    "ButtonProfileHelp": "Establezca su im\u00e1gen del perf\u00edl y contrase\u00f1a.",
    "HeaderHomeScreenSettings": "Configuraci\u00f3n de pantalla de inicio",
    "HeaderProfile": "Perf\u00edl",
    "HeaderLanguage": "Idioma",
    "LabelTranscodingThreadCount": "Conteo de hilos de transcodificaci\u00f3n:",
    "LabelTranscodingThreadCountHelp": "Elija el numero m\u00e1ximo de hilos a usar para transcodificar. Reduciendo el conteo de hilos disminuir\u00e1 el uso del cpu pero es posible que no convierta lo suficientemente r\u00e1pido para obtener una reproducci\u00f3n fluida.",
    "OptionMax": "M\u00e1ximo",
    "LabelTunerType": "Tipo de sintonizador:",
    "HeaderSetupTVGuide": "Configurar Gu\u00eda de TV",
    "LabelDataProvider": "Proveedor de datos:",
    "HeaderDefaultRecordingSettings": "Configuraci\u00f3n Predeterminada de Grabaciones",
    "OptionEnableRecordingSubfolders": "Crear sub-carpetas para categor\u00edas como Deportes, Ni\u00f1os, etc.",
    "HeaderSubtitles": "Subt\u00edtulos",
    "HeaderVideos": "Videos",
    "LabelHardwareAccelerationType": "Aceleraci\u00f3n por Hardware:",
    "LabelHardwareAccelerationTypeHelp": "Disponible \u00fanicamente en sistemas soportados.",
    "HeaderAdmin": "Admin",
    "HeaderCameraUpload": "Subir desde la C\u00e1mara",
    "ButtonClear": "Limpiar",
    "LabelFolder": "Carpeta:",
    "HeadersFolders": "Carpetas",
    "LabelDisplayName": "Nombre a mostrar:",
    "OptionConvertRecordingsToStreamingFormat": "Convertir autom\u00e1ticamente las grabaciones a un formato amigable para transmisi\u00f3n",
    "OptionConvertRecordingsToStreamingFormatHelp": "Las grabaciones ser\u00e1n convertidas en tiempo real a MKV para una f\u00e1cil reproducci\u00f3n en sus dispositivos.",
    "OptionDownloadImagesInAdvance": "Descargar las im\u00e1genes desde el inicio.",
    "OptionDownloadImagesInAdvanceHelp": "Por defecto, la mayor\u00eda de las im\u00e1genes son descargadas solo cuando son solicitadas por alguna aplicaci\u00f3n Emby. Habilite esta opci\u00f3n para descargar todas las im\u00e1genes desde por adelantado, conforme se vayan agregando mas medios. Esto podr\u00eda causar escaneos de bibliotecas mas largos.",
    "DeleteImage": "Eliminar imagen",
    "MessageThankYouForSupporting": "Gracias por apoyar Emby.",
    "FileReadCancelled": "La lectura del archivo ha sido cancelada.",
    "FileNotFound": "Archivo no encontrado.",
    "FileReadError": "Ha ocurrido un error al leer el archivo.",
    "PinCodeResetComplete": "El c\u00f3digo pin ha sido restablecido.",
    "PinCodeResetConfirmation": "\u00bfEsta seguro de querer restablecer el c\u00f3digo pin?",
    "HeaderPinCodeReset": "Restablecer C\u00f3digo Pin",
    "NoPluginConfigurationMessage": "El complemento no tiene configuraciones disponibles.",
    "NoPluginsInstalledMessage": "No tiene complementos instalados.",
    "BrowsePluginCatalogMessage": "Explorar el catalogo de complementos para ver los complementos disponibles.",
    "HeaderNewApiKey": "Nueva llave de API",
    "LabelAppName": "Nombre del App",
    "LabelAppNameExample": "Ejemplo: Sickbeard, NzbDrone",
    "HeaderNewApiKeyHelp": "Conceder acceso a una aplicaci\u00f3n para comunicarse con el Servidor Emby.",
    "MessageKeyEmailedTo": "Clave enviada por correo a {0}.",
    "HeaderConfirmation": "Confirmaci\u00f3n",
    "MessageKeyUpdated": "Gracias. Su clave de Emby Premier se ha actualizado.",
    "MessageKeyRemoved": "Gracias. Su clave de Emby Premier ha sido removida.",
    "TextEnjoyBonusFeatures": "Disfruta de Caracter\u00edsticas Premium",
    "HeaderAddTag": "Agregar Etiqueta",
    "ButtonSelectView": "Seleccionar vista",
    "LabelFromHelp": "Ejemplo: {0} (en el servidor)",
    "MessageErrorLoadingSupporterInfo": "Ha ocurrido un error al cargar la informaci\u00f3n de Emby Premier. Por favor int\u00e9ntelo de nuevo m\u00e1s tarde.",
    "HeaderConfirmRemoveUser": "Eliminar Usuario",
    "ValueTimeLimitSingleHour": "L\u00edmite de tiempo: 1 hora",
    "ValueTimeLimitMultiHour": "L\u00edmite de tiempo: {0} horas",
    "General": "General",
    "HeaderScreenSavers": "Protector de Pantalla",
    "Notifications": "Notificaciones",
    "Metadata": "Metadatos",
    "Reporting": "Reportes",
    "HeaderSearch": "Buscar",
    "ValueDateCreated": "Fecha de creaci\u00f3n: {0}",
    "LabelArtist": "Artista",
    "LabelMovie": "Pel\u00edcula",
    "LabelMusicVideo": "Video Musical",
    "LabelEpisode": "Episodio",
    "Series": "Series",
    "LabelStopping": "Deteniendo",
    "LabelCancelled": "Cancelado",
    "ButtonDownload": "Descargar",
    "HeaderDevices": "Dispositivos",
    "HeaderSelectCertificatePath": "Seleccione la Ruta del Certificado",
    "HeaderSupporterBenefit": "Una suscripci\u00f3n Emby Premiere activa provee beneficios adicionales como acceso a Emby DVR, medios sin conexion, complementos premium, y mas. {0}Conocer mas{1}.",
    "HeaderWelcomeBack": "\u00a1Bienvenido nuevamente!",
    "HeaderSelectDevices": "Seleccionar Dispositivos",
    "ButtonReenable": "Re-habilitar",
    "LabelAbortedByServerShutdown": "(Abortada por apagado del servidor)",
    "LabelScheduledTaskLastRan": "Ejecutado hace {0}, tomando {1}.",
    "HeaderDeleteTaskTrigger": "Borrar Disparador de Tarea",
    "MessageDeleteTaskTrigger": "\u00bfEst\u00e1 seguro de querer eliminar este disparador de tarea?",
    "MessageNoPluginsInstalled": "No tienes extensiones instaladas.",
    "MessageNoPluginsDueToAppStore": "Para administrar los complementos, utilice por favor la web app de Emby.",
    "LabelVersionInstalled": "{0} instalado",
    "LabelNumberReviews": "{0} Rese\u00f1as",
    "LabelFree": "Gratis",
    "HeaderSelectAudio": "Seleccionar Audio",
    "HeaderSelectSubtitles": "Seleccionar Subtitulos",
    "LabelDefaultStream": "(Por defecto)",
    "LabelForcedStream": "(Forzado)",
    "LabelDefaultForcedStream": "(Por Defecto\/Forzado)",
    "LabelUnknownLanguage": "Idioma Desconocido",
    "ButtonMute": "Mudo",
    "ButtonUnmute": "Quitar mudo",
    "ButtonPlaylist": "Lista de Reprod.",
    "LabelEnabled": "Habilitado",
    "LabelDisabled": "Desactivado",
    "Disabled": "Desactivado",
    "ButtonMoreInformation": "Mas Informaci\u00f3n",
    "LabelNoUnreadNotifications": "No hay notificaciones sin leer.",
    "HeaderConfirmSeriesCancellation": "Confirmar Cancelaci\u00f3n de Serie",
    "HeaderConfirmRecordingDeletion": "Confirmar Eliminaci\u00f3n de Grabaci\u00f3n",
    "OptionWeekend": "Fines de Semana",
    "OptionWeekday": "Entre semana",
    "LiveTvUpdateAvailable": "(Actualizaci\u00f3n disponible)",
    "LabelVersionUpToDate": "\u00a1Actualizado!",
    "ButtonResetTuner": "Resetear sintonizador",
    "HeaderResetTuner": "Resetear Sintonizador",
    "MessageConfirmResetTuner": "\u00bfEst\u00e1 seguro de querer restablecer las configuraciones de este sintonizador? Cualquier reproducci\u00f3n o grabaci\u00f3n sera interrumpida abruptamente.",
    "ButtonCancelSeries": "Cancelar Series",
    "HeaderSeriesRecordings": "Grabaciones de Series",
    "LabelAnytime": "Cuando sea",
    "StatusRecording": "Grabando",
    "StatusWatching": "Viendo",
    "StatusRecordingProgram": "Grabando {0}",
    "StatusWatchingProgram": "Viendo {0}",
    "HeaderSplitMedia": "Dividir y Separar Medios",
    "MessageConfirmSplitMedia": "\u00bfEst\u00e1 seguro de querer separar estos medios en \u00edtems separados?",
    "HeaderError": "Error",
    "HeaderSelectServerCachePath": "Seleccionar ruta para Cach\u00e9 del Servidor",
    "HeaderSelectTranscodingPath": "Seleccionar Ruta para Transcodificaci\u00f3n Temporal",
    "HeaderSelectMetadataPath": "Seleccionar Ruta para Metadatos",
    "HeaderSelectServerCachePathHelp": "Explore o introduzca la ruta a utilizar para los archivos del cach\u00e9 del servidor. La carpeta debe tener permisos de escritura.",
    "HeaderSelectTranscodingPathHelp": "Explore o introduzca la ruta a utilizar para los archivos temporales de transcodificaci\u00f3n. La carpeta debe tener permisos de escritura.",
    "HeaderSelectMetadataPathHelp": "Explore o introduzca la ruta donde desea almacenar los metadatos. La carpeta debe tener permisos de escritura.",
    "MessageFileWillBeDeleted": "El siguiente archivo sera eliminado:",
    "MessageSureYouWishToProceed": "\u00bfEst\u00e1 seguro de querer continuar?",
    "MessageFollowingFileWillBeMovedFrom": "El siguiente archivo sera movido de:",
    "MessageDestinationTo": "a:",
    "HeaderRestart": "Reiniciar",
    "HeaderShutdown": "Apagar",
    "MessageConfirmRestart": "\u00bfEsta seguro de que desea reiniciar el Servidor Emby?",
    "MessageConfirmShutdown": "\u00bfEsta seguro de querer detener el Servidor Emby?",
    "ValueItemCount": "{0} \u00edtem",
    "ValueItemCountPlural": "{0} \u00edtems",
    "NewVersionOfSomethingAvailable": "\u00a1Una nueva versi\u00f3n de {0} esta disponible!",
    "VersionXIsAvailableForDownload": "La versi\u00f3n {0} ahora esta disponible para descargar.",
    "LabelVersionNumber": "Versi\u00f3n {0}",
    "LabelPlayMethodTranscoding": "Trasncodificado",
    "LabelPlayMethodDirectStream": "Transmisi\u00f3n Directa",
    "LabelPlayMethodDirectPlay": "Reproducci\u00f3n Directa",
    "LabelLocalAccessUrl": "Acceso en casa (LAN): {0}",
    "LabelRemoteAccessUrl": "Acceso remoto (WAN): {0}",
    "LabelRunningOnPort": "Ejecut\u00e1ndose en el puerto http {0}.",
    "LabelRunningOnPorts": "Ejecut\u00e1ndose en el puerto http {0} y el puerto https {1}.",
    "HeaderLatestFromChannel": "M\u00e1s recientes desde {0}",
    "ButtonRemoteControl": "Control Remoto",
    "HeaderLatestTvRecordings": "Grabaciones Recientes",
    "LabelCurrentPath": "Ruta actual:",
    "HeaderSelectMediaPath": "Seleccionar ruta a medios",
    "HeaderSelectPath": "Seleccionar Ruta",
    "ButtonNetwork": "Red",
    "MessageDirectoryPickerInstruction": "Las rutas de red pueden ser introducidas manualmente en caso de que el bot\u00f3n de Red no pueda localizar sus dispositivos. Por ejemplo, {0} or {1}.",
    "MessageDirectoryPickerBSDInstruction": "Para BSD, quiz\u00e1s necesite configurar el almacenamiento dentro de su \"FreeNAS Jail\" de manera que permita a Emby accesarlo.",
    "MessageDirectoryPickerLinuxInstruction": "Para Linux en Arch Linux, CentOS, Debian, Dedora, OpenSuse, o Ubuntu, debe dar al usuario de sistema Emby al menos permisos de lectura a las rutas de almacenamiento.",
    "HeaderMenu": "Men\u00fa",
    "ButtonOpen": "Abrir",
    "ButtonShuffle": "Aleatorio",
    "HeaderAudioTracks": "Pistas de Audio",
    "HeaderLibraries": "Bibliotecas",
    "MessageErrorPlayingVideo": "Ha ocurrido un error al reproducir el video.",
    "MessageEnsureOpenTuner": "Por favor aseg\u00farese de que se encuentre disponible un sintonizador abierto.",
    "ButtonReports": "Reportes",
    "MetadataManager": "Administrador de Metadatos",
    "HeaderTime": "Hora",
    "LabelAddedOnDate": "Agregado {0}",
    "ButtonStart": "Iniciar",
    "OptionBlockOthers": "Otros",
    "OptionBlockTvShows": "Programas de TV",
    "OptionBlockTrailers": "Tr\u00e1ilers",
    "OptionBlockMusic": "M\u00fasica",
    "OptionBlockMovies": "Pel\u00edculas",
    "OptionBlockBooks": "Libros",
    "OptionBlockGames": "Juegos",
    "OptionBlockLiveTvPrograms": "Programas de TV en Vivo",
    "OptionBlockLiveTvChannels": "Canales de TV en Vivo",
    "OptionBlockChannelContent": "Contenido de Canales de Internet",
    "ButtonRevoke": "Revocar",
    "MessageConfirmRevokeApiKey": "\u00bfEsta seguro de querer revocar esta clave api? La conexi\u00f3n de la aplicaci\u00f3n con el Servidor Emby sera terminada abruptamente.",
    "HeaderConfirmRevokeApiKey": "Revocar llave de API",
    "ValueContainer": "Contenedor: {0}",
    "ValueAudioCodec": "C\u00f3dec de Audio: {0}",
    "ValueVideoCodec": "C\u00f3dec de Video: {0}",
    "ValueCodec": "C\u00f3dec: {0}",
    "ValueConditions": "Condiciones: {0}",
    "LabelAll": "Todos",
    "HeaderDeleteImage": "Eliminar Im\u00e1gen",
    "MessageFileNotFound": "Archivo no encontrado.",
    "ButtonNextPage": "P\u00e1gina Siguiente",
    "ButtonPreviousPage": "P\u00e1gina Anterior",
    "MessagePleaseAcceptTermsOfServiceBeforeContinuing": "Por favor acepte los t\u00e9rminos del servicio antes de continuar.",
    "OptionOff": "No",
    "OptionOn": "Si",
    "ButtonUninstall": "Desinstalar",
    "HeaderLiveTV": "TV en Vivo",
    "MissingPrimaryImage": "Falta im\u00e1gen principal.",
    "MissingBackdropImage": "Falta im\u00e1gen de fondo.",
    "MissingLogoImage": "Falta im\u00e1gen de logo.",
    "MissingEpisode": "Falta episodio.",
    "OptionBackdrops": "Fondos",
    "OptionImages": "Im\u00e1genes",
    "OptionKeywords": "Palabras clave",
    "OptionTags": "Etiquetas",
    "OptionStudios": "Estudios",
    "OptionName": "Nombre",
    "OptionOverview": "Sinopsis",
    "OptionGenres": "G\u00e9neros",
    "OptionPeople": "Personas",
    "OptionBirthLocation": "Lugar de Nacimiento",
    "HeaderChangeFolderType": "Cambiar Tipo de Contenido",
    "HeaderChangeFolderTypeHelp": "Para cambiar el tipo, por favor elimine y reconstruya la biblioteca con el nuevo tipo.",
    "HeaderAlert": "Alerta",
    "MessagePleaseRestart": "Por favor reinicie para finalizar la actualizaci\u00f3n.",
    "ButtonHide": "Ocultar",
    "MessageSettingsSaved": "Configuraci\u00f3n guardada.",
    "TabLibrary": "Biblioteca",
    "TabLiveTV": "TV en Vivo",
    "TabPlugins": "Complementos",
    "TabHelp": "Ayuda",
    "HeaderNotifications": "Notificaciones",
    "HeaderSelectPlayer": "Seleccionar Reproductor",
    "HeaderSpecials": "Especiales",
    "HeaderTrailers": "Tr\u00e1ilers",
    "HeaderResolution": "Resoluci\u00f3n",
    "HeaderRuntime": "Duraci\u00f3n",
    "HeaderParentalRating": "Clasificaci\u00f3n Parental",
    "HeaderReleaseDate": "Fecha de estreno",
    "HeaderSeries": "Series:",
    "HeaderSeason": "Temporada",
    "HeaderSeasonNumber": "N\u00famero de temporada",
    "HeaderNetwork": "Cadena",
    "HeaderYear": "A\u00f1o:",
    "HeaderEmbeddedImage": "Im\u00e1gen embebida",
    "HeaderTrack": "Pista",
    "OptionCollections": "Colecciones",
    "OptionSeries": "Series",
    "OptionGames": "Juegos",
    "OptionGameSystems": "Sistemas de juegos",
    "OptionMusicArtists": "Int\u00e9rpretes",
    "OptionMusicAlbums": "\u00c1lbumes musicales",
    "OptionMusicVideos": "Videos musicales",
    "OptionSongs": "Canciones",
    "OptionHomeVideos": "Videos caseros y fotograf\u00edas",
    "OptionBooks": "Libros",
    "ButtonUp": "Arriba",
    "ButtonDown": "Abajo",
    "LabelMetadataReaders": "Lectores de metadatos:",
    "LabelMetadataReadersHelp": "Ordene sus fuentes de metadatos locales por prioridad. El primer archivo encontrado ser\u00e1 le\u00eddo.",
    "LabelSubtitleDownloaders": "Recolectores de Subtitulos:",
    "SubtitleDownloadersHelp": "Habilite y priorice sus recolectores de subtitulos en orden de preferencia. Mas proveedores de subtitulos pueden ser instalados usando el catalogo de complementos de Emby.",
    "LabelMetadataDownloaders": "Recolectores de metadatos:",
    "LabelMetadataDownloadersHelp": "Habilite y priorice sus recolectores de metadatos preferidos. Los recolectores de metadatos de menor prioridad solo ser\u00e1n utilizados para llenar informaci\u00f3n faltante.",
    "LabelMetadataSavers": "Grabadores de metadatos:",
    "LabelMetadataSaversHelp": "Seleccione los formatos de archivo con los que se guardaran sus metadatos.",
    "LabelImageFetchers": "Recolectores de im\u00e1genes:",
    "LabelImageFetchersHelp": "Habilite y priorice sus recolectores de im\u00e1genes preferidos.",
    "PersonTypePerson": "Persona",
    "OptionSortName": "Nombre para ordenar",
    "LabelDateOfBirth": "Fecha de nacimiento:",
    "HeaderRemoveMediaLocation": "Eliminar Ubicaci\u00f3n de Medios",
    "MessageConfirmRemoveMediaLocation": "\u00bfEst\u00e1 seguro de querer eliminar esta ubicaci\u00f3n?",
    "LabelNewName": "Nuevo nombre:",
    "HeaderRemoveMediaFolder": "Eliminar Carpteta de Medios",
    "MessageTheFollowingLocationWillBeRemovedFromLibrary": "Las siguientes ubicaciones de medios ser\u00e1n eliminadas de su biblioteca Emby:",
    "MessageAreYouSureYouWishToRemoveMediaFolder": "\u00bfEst\u00e1 seguro de querer eliminar esta carpeta de medios?",
    "ButtonRename": "Renombrar",
    "ButtonChangeContentType": "Cambiar tipo de contenido",
    "HeaderMediaLocations": "Ubicaciones de Medios",
    "LabelContentTypeValue": "Tipo de contenido: {0}",
    "FolderTypeUnset": "Contenido mixto",
    "HeaderPluginInstallation": "Instalaci\u00f3n de complemento",
    "MessageAlreadyInstalled": "Esta versi\u00f3n ya se encuentra instalada.",
    "MessageYouHaveVersionInstalled": "Actualmente cuenta con la vesi\u00f3n {0} instalada.",
    "MessageTrialExpired": "El periodo de prueba de esta caracter\u00edstica ya ha expirado.",
    "MessageTrialWillExpireIn": "El periodo de prueba de esta caracter\u00edstica expirar\u00e1 en {0} d\u00eda(s).",
    "MessageInstallPluginFromApp": "El complemento debe estar instalado desde la aplicaci\u00f3n en la que va a utilizarlo.",
    "ValuePriceUSD": "Precio: {0} (USD)",
    "MessageFeatureIncludedWithSupporter": "Se encuentra registrado para esta caracter\u00edstica, y podr\u00e1 continuar us\u00e1ndola con una suscripci\u00f3n activa de Emby Premier.",
    "HeaderUnrated": "Sin clasificar",
    "HeaderUnknownDate": "Fecha Desconocida",
    "HeaderUnknownYear": "A\u00f1o Desconocido",
    "HeaderSelectExternalPlayer": "Seleccionar Reproductor Externo",
    "HeaderExternalPlayerPlayback": "Reproducci\u00f3n con Reproductor Externo",
    "OptionWatched": "Vista",
    "OptionUnwatched": "No vista",
    "LabelMarkAs": "Marcar como:",
    "OptionInProgress": "En Progreso",
    "LabelResumePoint": "Punto de reinicio:",
    "ValueOneTrailer": "1 tr\u00e1iler",
    "ValueTrailerCount": "{0} tr\u00e1ilers",
    "ValueSeriesYearToPresent": "{0} - Actualidad",
    "ValueAwards": "Premios: {0}",
    "ValuePremiered": "Estrenado: {0}",
    "ValuePremieres": "Estrenos: {0}",
    "ValueStudio": "Estudio: {0}",
    "ValueStudios": "Estudios: {0}",
    "ValueStatus": "Estado: {0}",
    "LabelLimit": "L\u00edmite:",
    "ValueLinks": "Enlaces: {0}",
    "ValueArtist": "Artista: {0}",
    "ValueArtists": "Artistas: {0}",
    "MediaInfoCameraMake": "Marca de la c\u00e1mara",
    "MediaInfoCameraModel": "Modelo de la c\u00e1mara",
    "MediaInfoAltitude": "Altitud",
    "MediaInfoAperture": "Apertura",
    "MediaInfoExposureTime": "Tiempo de exposici\u00f3n",
    "MediaInfoFocalLength": "Distancia focal",
    "MediaInfoOrientation": "Orientaci\u00f3n",
    "MediaInfoIsoSpeedRating": "Tasa de velocidad ISO",
    "MediaInfoLatitude": "Latitud",
    "MediaInfoLongitude": "Longitud",
    "MediaInfoShutterSpeed": "Velocidad del obturador",
    "MediaInfoSoftware": "Software",
    "HeaderMovies": "Pel\u00edculas",
    "HeaderAlbums": "\u00c1lbumes",
    "HeaderGames": "Juegos",
    "HeaderBooks": "Libros",
    "HeaderEpisodes": "Episodios",
    "HeaderTracks": "Pistas",
    "HeaderItems": "\u00cdtems",
    "HeaderOtherItems": "Otros \u00cdtems",
    "ValueAsRole": "como {0}",
    "ValueGuestStar": "Estrella invitada",
    "TabExpert": "Experto",
    "HeaderSelectCustomIntrosPath": "Seleccionar Ruta de Intros Personalizados",
    "HeaderThankYou": "Gracias",
    "ReleaseYearValue": "A\u00f1o de estreno: {0}",
    "TabExtras": "Extras",
    "DeviceLastUsedByUserName": "\u00daltimo usado por {0}",
    "HeaderSelectUploadPath": "Seleccionar ruta de subida",
    "ErrorMessageStartHourGreaterThanEnd": "El horario de fin debe ser mayor al de comienzo.",
    "ButtonLibraryAccess": "Acceso a biblioteca",
    "ButtonParentalControl": "Control parental",
    "MessageUnableToConnectToServer": "No es posible conectarse al servidor seleccionado en este momento. Por favor aseg\u00farese de que se encuentra en ejecuci\u00f3n e int\u00e9ntelo nuevamente.",
    "MessagePluginConfigurationRequiresLocalAccess": "Para configurar este complemento por favor inicie sesi\u00f3n en su servidor local directamente.",
    "MessageLoggedOutParentalControl": "El acceso se encuentra restringido en este momento. Por favor int\u00e9ntelo de nuevo mas tarde.",
    "ButtonLinkMyEmbyAccount": "Enlazar mi cuenta ahora",
    "MessageConnectAccountRequiredToInviteGuest": "Para poder enviar invitaciones necesita primero enlazar su cuenta Emby con este servidor.",
    "HeaderCancelSyncJob": "Cancelar Sincronizaci\u00f3n",
    "MovieLibraryHelp": "Vea la {0}Gu\u00eda para nombrar pel\u00edculas en Emby{1}",
    "TvLibraryHelp": "Vea la {0}Gu\u00eda para nombrar series de TV en Emby{1}",
    "BookLibraryHelp": "Los libros de texto est\u00e1n soportados. Revise la {0} Gu\u00eda para nomenclatura de libros de Emby {1}.",
    "MessageGamePluginRequired": "Requiere instalaci\u00f3n del complemento de GameBrowser",
    "MessageUnsetContentHelp": "El contenido ser\u00e1 mostrado como carpetas simples.",
    "ButtonNewServer": "Nuevo Servidor",
    "ButtonRemote": "Remoto",
    "HeaderUnlockApp": "Desbloquear App",
    "HeaderUnlockSync": "Desbloquear Sincronizaci\u00f3n Emby",
    "MessagePaymentServicesUnavailable": "Los servicios de pago no se encuentran disponibles actualmente. Por favor intente de nuevo mas tarde.",
    "HeaderLibrary": "Biblioteca",
    "HeaderMedia": "Medios",
    "NoNewDevicesFound": "No se encontraron nuevos dispositivos. Para agregar un sintonizador nuevo, cierre este cuadro de dialogo e introduzca a la informaci\u00f3n del dispositivo manualmente.",
    "NoResultsFound": "No se encontraron resultados.",
    "ManageLibrary": "Administrar biblioteca",
    "HeaderConfirm": "Confirmar",
    "MessageConfirmDeleteTunerDevice": "\u00bfEst\u00e1 seguro de querer eliminar este dispositivo?",
    "MessageConfirmDeleteGuideProvider": "\u00bfEst\u00e1 seguro de querer eliminar este proveedor de gu\u00eda?",
    "HeaderDeleteProvider": "Eliminar Proveedor",
    "ErrorAddingTunerDevice": "Hubo un error al agregar el dispositivo sintonizador. Por favor aseg\u00farese de que este disponible e intente de nuevo.",
    "ErrorSavingTvProvider": "Hubo un error al salvar el proveedor de TV. Por favor aseg\u00farese de que este disponible e intente de nuevo.",
    "ErrorGettingTvLineups": "Hubo un error al descargar la programaci\u00f3n de TV. Por favor aseg\u00farese que su informaci\u00f3n este correctas e intente de nuevo.",
    "MessageCreateAccountAt": "Crear una cuenta en {0}",
    "ErrorPleaseSelectLineup": "Por favor seleccione una programaci\u00f3n e intente de nuevo. Si no hay disponible ninguna, entonces por favor verifique que su nombre de usuario, contrase\u00f1a, y c\u00f3digo postal sean correctos.",
    "HeaderTryEmbyPremiere": "Intente Emby Premiere",
    "OptionEnableDisplayMirroring": "Habilitar duplicaci\u00f3n de pantalla",
    "ErrorValidatingSupporterInfo": "Ha ocurrido un error al validar su informaci\u00f3n de Emby Premier. Por favor int\u00e9ntelo de nuevo m\u00e1s tarde.",
    "LabelLocalSyncStatusValue": "Estado: {0}",
    "OptionBackdropSlideshow": "Presentaci\u00f3n de Im\u00e1genes de Fondo",
    "HeaderTopPlugins": "Complementos Destacados",
    "ButtonOther": "Otros",
    "HeaderSortBy": "Ordenar Por",
    "HeaderSortOrder": "Ordenado Por",
    "ButtonMenu": "Men\u00fa",
    "ForAdditionalLiveTvOptions": "Explore el {0}catalogo de complementos{1} de Emby para instalar proveedores de TV en vivo adicionales.",
    "ButtonGuide": "Gu\u00eda",
    "ButtonYes": "Si",
    "AddUser": "Agregar usuario",
    "ButtonNo": "No",
    "HeaderLatestMovies": "Pel\u00edculas Recientes",
    "HeaderEmailAddress": "Direcci\u00f3n de Correo",
    "NumLocationsValue": "{0} carpetas",
    "ButtonAddMediaLibrary": "Agregar Biblioteca de Medios",
    "ButtonManageFolders": "Administrar carpetas",
    "ErrorAddingListingsToSchedulesDirect": "Hubo un error agregando la programaci\u00f3n de su cuenta de Schedules Direct. Schedules Direct solo permite un numero limitado de programaciones por cuenta. Tal vez necesite acceder al sitio web de Schedules Direct y eliminar otras programaciones de su cuenta antes de continuar.",
    "PleaseAddAtLeastOneFolder": "Por favor agregue al menos una carpeta a esta biblioteca dando clic al bot\u00f3n de Agregar.",
    "ErrorAddingMediaPathToVirtualFolder": "Hubo un error agregando la ruta de medios. Por favor aseg\u00farese de que la ruta es valida y que el proceso del Servidor Emby tenga acceso a ese destino.",
    "ErrorAddingEmbyConnectAccount3": "La cuenta Emby ya se encuentra vinculada a un usuario local. Una cuenta Emby solo puede estar vinculada a un usuario local a la vez.",
    "HeaderConfirmPluginInstallation": "Confirmar Instalaci\u00f3n de Complemento",
    "PleaseConfirmPluginInstallation": "Por favor haga clic en OK para confirmar que ha leido lo que se encuentra arriba y que desea proceder con la instalaci\u00f3n del complemento.",
    "MessagePluginInstallDisclaimer": "Los complementos desarrollados por miembros de la comunidad Emby son una gran forma de mejorar su experiencia con Emby con caracter\u00edsticas y beneficios adicionales. Antes de instalar, conozca el impacto que pueden ocasionar en su Servidor Emby, tales como exploraci\u00f3n de la biblioteca que puede tomar m\u00e1s tiempo, procesamiento en segundo plano adicional y estabilidad del sistema reducida.",
    "TitleHardwareAcceleration": "Aceleraci\u00f3n por Hardware",
    "HardwareAccelerationWarning": "Habilitar la aceleraci\u00f3n por hardware podr\u00eda causar inestabilidad en algunos entornos, Aseg\u00farese de que su sistema operativo y controladores de video est\u00e1n actualizados. Si tiene dificultades reproduciendo vides despu\u00e9s de habilitar esto, necesita cambiar las configuraciones de nuevo a Auto,",
    "HeaderSelectCodecIntrosPath": "Seleccionar ruta de Intros de C\u00f3dec",
    "ValueExample": "Ejemplo: {0}",
    "OptionEnableAnonymousUsageReporting": "Habilitar envi\u00f3 de reportes an\u00f3nimo",
    "OptionEnableAnonymousUsageReportingHelp": "Permite a Emby colectar informaci\u00f3n an\u00f3nima como los complementos instalados, el numero de versi\u00f3n de sus apps Emby, etc. Esta informaci\u00f3n sera usada con el \u00fanico prop\u00f3sito de mejorar el software.",
    "LabelFileOrUrl": "Archivo o url:",
    "OptionEnableForAllTuners": "Habilitar para todos los dispositivos sintonizadores",
    "HeaderTuners": "Sintonizador",
    "LabelOptionalM3uUrl": "url M3U (opcional):",
    "LabelOptionalM3uUrlHelp": "Algunos dispositivos soportan un listado de canales M3U.",
    "TabResumeSettings": "Configuraci\u00f3n para Continuar",
    "DrmChannelsNotImported": "Los canales con DRM no ser\u00e1n importados.",
    "LabelAllowHWTranscoding": "Permitir transcodificacion de hardware",
    "AllowHWTranscodingHelp": "Si se habilita, permite a la sintonizadora transcodificar transmisiones al vuelo. Esto podr\u00eda ayudar a reducir la transcodificacion requerida por el Servidor Emby.",
    "MetadataSettingChangeHelp": "Cambiar los ajustes de metadata afectar\u00e1 al contenido nuevo a\u00f1adido a partir de ahora. Para actualizar el contenido existente, abra la pantalla de detalles y haga clic en actualizar, o realice actualizaciones masivas usando el administrador de metadata.",
    "OptionConvertRecordingPreserveAudio": "Conserve el audio original cuando convierta grabaciones (cuando sea posible).",
    "OptionConvertRecordingPreserveAudioHelp": "Esto proveer\u00e1 mejor audio pero podr\u00eda requerir transcodificar durante la reproducci\u00f3n en algunos dispositivos.",
    "AddItemToCollectionHelp": "Agregue items a colecciones busc\u00e1ndolas y usando el men\u00fa de de clic derecho o de toque para agregarlos a una colecci\u00f3n.",
    "RecordingPathChangeMessage": "Cambiar su carpeta de grabaciones no mover\u00e1 sus grabaciones existentes del la antigua locaci\u00f3n a la nueva. Necesita moverlas manualmente si lo desea.",
    "LabelSportsCategories": "Categor\u00edas de Deportes:",
    "XmlTvSportsCategoriesHelp": "Los programas con estas categor\u00edas ser\u00e1n mostrados como programas deportivos. Separe varios con un \"|\".",
    "LabelNewsCategories": "Categor\u00edas de Noticias:",
    "XmlTvNewsCategoriesHelp": "Los programas con estas categor\u00edas ser\u00e1n mostrado como programas noticiosos. Separe varios con un \"|\".",
    "LabelKidsCategories": "Categor\u00edas infantiles:",
    "XmlTvKidsCategoriesHelp": "Los programas con estas categor\u00edas ser\u00e1n mostrados como programas infantiles. Separe varios con un \"|\".",
    "LabelMovieCategories": "Categor\u00edas de pel\u00edculas:",
    "XmlTvMovieCategoriesHelp": "Los programas con estas categor\u00edas ser\u00e1n mostrado como pel\u00edculas. Separe varios con un \"|\".",
    "XmlTvPathHelp": "Una ruta a un archivo xml tv. Emby leer\u00e1 este archivo y peri\u00f3dicamente verificara si se ha actualizado. Usted sera el encargado de crear y actualizar el archivo.",
    "LabelBindToLocalNetworkAddress": "Atar a la direcci\u00f3n de red local:",
    "LabelBindToLocalNetworkAddressHelp": "Opcional. Sobre escribir la direcci\u00f3n IP local que el Servidor Emby presentara a las Apps Emby. Si se deja en blanco, el servidor detectara la direcci\u00f3n IP local.",
    "TitleHostingSettings": "Configuraciones de Alojamiento",
    "SettingsWarning": "Cambiar estos valores podr\u00eda causar inestabilidad o fallas de conexi\u00f3n, si experimenta cualquier problema, recomendamos volver a los valores por defecto.",
    "MapChannels": "Mapear Canales",
    "OptionSaveMetadataAsHiddenHelp": "Cambiar esto aplicar\u00e1 a nuevos metadatos alamacenados en lo sucesivo. Los archivos de metadatos existentes ser\u00e1n actualizados la pr\u00f3xima vez que sean guardados por el Servidor Emby",
    "EnablePhotos": "Habilitar fotograf\u00edas",
    "EnablePhotosHelp": "Las fotograf\u00edas ser\u00e1n detectadas y mostradas junto con otros archivos de medios.",
    "ManageOfflineDownloads": "Administrar elementos sin conexi\u00f3n",
    "RememberMe": "Recuerdame",
    "HeaderOfflineSync": "Sincronizar Desconectado",
    "LabelMaxAudioFileBitrate": "Tasa de bits m\u00e1xima para archivos de audio:",
    "LabelMaxAudioFileBitrateHelp": "Archivos de audio con una tasa de bits mas alta ser\u00e1n convertidos por el Servidor Emby. Elija un valor mas alto para una mejor calidad, o uno mas bajo para ahorrar espacio de almacenamiento local.",
    "SaveThumbnailImagesIntoMediaFolders": "Guardar im\u00e1genes en miniatura en las carpetas de medios",
    "OptionExtractThumbnailImage": "Habilitar la creaci\u00f3n de im\u00e1genes en miniatura",
    "LabelEnableDebugLogging": "Habilitar bit\u00e1coras de depuraci\u00f3n",
    "OptionEnableExternalContentInSuggestions": "Habilitar contenido externo en las sugerencias",
    "OptionEnableExternalContentInSuggestionsHelp": "Permitir que los trailers de Internet y programas de tv en vivo sean incluidos dentro del contenido sugerido.",
    "LabelH264EncodingPreset": "Codificaci\u00f3n H264 predefinido:",
    "H264EncodingPresetHelp": "Elija un valor mas r\u00e1pido para mejorar el rendimiento, o uno mas lento para mejorar la calidad.",
    "LabelH264Crf": "CRF de codificaci\u00f3n H264:",
    "H264CrfHelp": "El \"Factor de Transferencia Constante\" o \"Constant Rate Factor\" (CFR) es la configuraci\u00f3n por defecto para el codificador x264. Puede poner valores entre 0 y 51, donde los valores mas bajos dan como resultado mejor calidad (a expensas de archivos mas grandes). Los valores comunes son entre 18 y 28. El valor por defecto para x264 es 23, puede usar este valor como punto de referencia.",
    "LabelConvertRecordingsTo": "Convertir grabaciones a:",
    "LabelOptionalNetworkPath": "(Opcional) Carpeta de red compartida:",
    "LabelOptionalNetworkPathHelp": "Si esta carpeta es compartida en su red, proveer la ruta del recurso compartido de red puede permitir a las aplicaciones Emby en otros dispositivos acceder a los archivos de medios directamente.",
    "SynologyUpdateInstructions": "Por favor inicie sesi\u00f3n en DSM y vaya al Centro de Paquetes para actualizar.",
    "LabelMoviePrefix": "Prefijo de la pel\u00edcula:",
    "LabelMoviePrefixHelp": "Si un prefijo es aplicado al titulo de las pel\u00edculas, introd\u00fazcalo aqu\u00ed para que emby pueda tratarlo adecuadamente.",
    "HeaderRecordingPostProcessing": "Post Procesado de las Grabaciones",
    "LabelPostProcessorArguments": "Argumentos de linea de comando para el post-procesador:",
    "LabelPostProcessorArgumentsHelp": "Use {path} como la ruta a el archivo de grabado.",
    "LabelPostProcessor": "Aplicaci\u00f3n de Post Procesado:",
    "ErrorAddingXmlTvFile": "Hubo un error accediendo al archivo XmlTV. Por favor aseg\u00farese de que el archivo existe e intente de nuevo.",
    "OptionAutomaticallyGroupSeries": "Fusionar autom\u00e1ticamente series esparcidas a trav\u00e9s de m\u00faltiples carpetas.",
    "OptionAutomaticallyGroupSeriesHelp": "Si se habilita, las series que se reparten a trav\u00e9s de m\u00faltiples carpetas dentro de esta biblioteca ser\u00e1n fusionadas en una sola serie.",
    "WhenDidYouPurchaseApp": "\u00bfCuando compro originalmente esta app?",
    "PreferEmbeddedTitlesOverFileNames": "Prefererir titulos embebidos por encima de los nombres de archivo",
    "PreferEmbeddedTitlesOverFileNamesHelp": "Esto determina el titulo mostrado por defecto cuando no hay disponibles metadatos en internet o localmente.",
    "HeaderUpcomingEpisodes": "Episodios por Estrenarse",
    "HeaderLiveTvTunerSetup": "Configuraci\u00f3n del sintonizador de TV",
    "HeaderTVSourceSetup": "Configuraci\u00f3n de Fuentes de TV",
    "HeaderDetectMyDevices": "Detectar Mis Dispositivos",
    "MessagePleaseWait": "Espere por favor. Esto podr\u00eda tomar un minuto.",
    "DetectingDevices": "Detectando dispositivos",
    "LabelAutomaticallyRefreshInternetMetadataEvery": "Actualizar autom\u00e1ticamente metadatos de internet:",
    "Never": "Nunca",
    "EveryNDays": "Cada {0} d\u00edas",
    "HeaderNewDevices": "Nuevos Dispositivos",
    "LabelCertificatePassword": "Contrase\u00f1a del certificado:",
    "LabelCertificatePasswordHelp": "Si su certificado requiere de una contrase\u00f1a, por favor introd\u00fazcala aqu\u00ed.",
    "LabelEnableHardwareDecodingFor": "Habilitar decodificacion por hardware para:",
    "EnableHardwareEncoding": "Habilitar codificaci\u00f3n por hardware",
    "Rate": "Calificaci\u00f3n",
    "HeaderNewLibrary": "Nueva Biblioteca",
    "HttpsRequiresCert": "Para habilitar las conexiones seguras, es necesario proporcionar un certificado SSL de confianza, como el de \"Lets Encrypt\". Por favor proporcione un certificado, o desactive las conexiones seguras.",
    "ServerRestartNeededAfterPluginInstall": "El Servidor Emby necesitar\u00e1 reiniciarse despu\u00e9s de instalar un complemento.",
    "PluginInstalledMessage": "El complemento ha sido instalado exitosamente. El Servidor Emby necesitar\u00e1 reiniciarse para que los cambios surtan efecto.",
    "Themes": "Temas",
    "MessagePremiereStatusGood": "Tiene {0} un plan Emby Premiere y el uso de sus dispositivos este dentro del limite.",
    "MessagePremiereStatusClose": "Tiene {0} un plan Emby Premiere y el uso de sus dispositivos este cerca del limite.",
    "MessagePremiereExtendedPlans": "Considera un {0} plan de dispositivos extendido {1}",
    "MessagePremiereStatusOver": "Tiene un {0} plan de Emby Premiere, pero ha excedido su limite de dispositivos",
    "ListItemPremiereSub": "{0} suscripci\u00f3n comprada v\u00eda {2} expira en {1}",
    "LabelClickToCancel": "Clic para cancelar esta suscripci\u00f3n",
    "LabelCancelInfo": "Puede administrar esta suscripci\u00f3n directamente con {0}",
    "LabelAlreadyCanceled": "Esta suscripci\u00f3n ha sido cancelada. La clave permanecer\u00e1 valida hasta que expire.",
    "HeaderCancelSub": "Cancelar Emby Premiere",
    "MessageConfirmSubCancel": "NO, Por favor no te vayas... Extra\u00f1aras todas las grandes funciones de Emby Premiere",
    "ButtonCancelSub": "Lo se, deseo cancelarlo de cualquier modo",
    "ButtonDontCancelSub": "Conservar Emby Premiere",
    "MessageSubCancelReqSent": "Se ha enviado un correo electr\u00f3nico al propietario de la clave. Por favor siga las instrucciones de dicho correo electr\u00f3nico para completar la cancelaci\u00f3n de esta suscripci\u00f3n. \u00a1Esperamos verte de nuevo pronto!.",
    "MessageSubCancelError": "Algo salio mal a tratar de cancelar. Por favor envi\u00e9 un correo electr\u00f3nico a {0} y nos encargaremos de ello.",
    "LabelAlreadyCancelled": "Esta suscripci\u00f3n ha sido cancelada. No se volver\u00e1 a hacer el cobro pero las funciones funcionaran hasta la fecha de arriba.",
    "AllowOnTheFlySubtitleExtraction": "Permitir la extracci\u00f3n de subtitulos al vuelo",
    "AllowOnTheFlySubtitleExtractionHelp": "Los subtitulos embebidos puedes ser extra\u00eddos de los videos y enviados a las aplicaciones Emby en texto plano esto para prevenir la transcodificacion del video. En algunos sistemas esto puede tomar un tiempo mas largo y causar problemas de reproducci\u00f3n durante el proceso de extracci\u00f3n. Deshabilite esto para tener subtitulos embebidos \"quemados\" en la transcodificacion de video cuando no son soportados nativamente por el dispositivo cliente.",
    "ButtonStopRecording": "Detener Grabaci\u00f3n",
    "EnableDebugLoggingHelp": "El registro de depuraci\u00f3n deber\u00eda ser habilitado solamente para prop\u00f3sitos de soluci\u00f3n de problemas. El incremento en el archivo de sistema podr\u00eda prevenir que el servidor entre en modo suspendido bajo algunos entornos.",
    "LabelSimultaneousConnectionLimit": "Limite de transmisiones simultaneas:",
    "SimultaneousConnectionLimitHelp": "El numero m\u00e1ximo de transmisiones simultaneas permitidas. Ingrese 0 para ilimitados.",
    "LaunchWebAppOnStartup": "Iniciar la aplicaci\u00f3n web de Emby en mi navegador web cuando se inicie el Servidor Emby",
    "LaunchWebAppOnStartupHelp": "Esto abrir\u00e1 tu navegador web predeterminado cuando el Servidor Emby se inicie. Esto no ocurrir\u00e1 cuando se use la opci\u00f3n de reiniciar servidor.",
    "LabelReferrerHeader": "Referente al encabezado http:",
    "LabelUserAgentHeader": "Encabezado http del agente de usuario:",
    "SupplyCustomValueIfNeeded": "Suministre un valor personalizado para el encabezado http, si es necesario.",
    "HeaderConfigureRemoteAccess": "Configurar Acceso Remoto",
    "LearnHowToCreateSynologyShares": "Aprenda como compartir carpetas en Synology.",
    "LabelAllowedRemoteAddresses": "Filtrar IP remota:",
    "LabelAllowedRemoteAddressesMode": "Modo de filtrado de IP remota:",
    "Whitelist": "Permitidos",
    "Blacklist": "Bloqueados",
    "AllowedRemoteAddressesHelp": "Lista separada por comas de direcciones IP\/mascaras de subred para las redes a las que se les permitir\u00e1 conectarse remotamente. Si se deja en blanco, todas las IP remotas ser\u00e1n permitidas.",
    "LabelLanNetworks": "Redes LAN:",
    "LanNetworksHelp": "Lista separada por comas de direcciones IP o IP\/mascaras de subred para las redes que ser\u00e1n consideradas como locales cuando se apliquen restricciones de ancho de banda. Si se activa, todas las dem\u00e1s direcciones IP ser\u00e1n consideradas como redes externas y estar\u00e1n sujetas a restricciones de ancho de banda de redes externas. Si se deja en blanco, s\u00f3lo la subred del servidor y las IP privadas comunes (10.0.0.0.\/8 192.168.0.0\/24) ser\u00e1n consideradas como red local.",
    "LabelSecureConnectionsMode": "Modo de conexi\u00f3n segura:",
    "PreferredNotRequired": "Preferido, m\u00e1s no es requerido.",
    "RequiredForAllRemoteConnections": "Requerido para todas las conexiones remotas",
    "HandledByProxy": "Manejado por un proxy inverso",
    "SaveSubtitlesIntoMediaFolders": "Guardar subtitulos en las carpetas de medios",
    "SaveSubtitlesIntoMediaFoldersHelp": "Almacenar subtitulos junto al archivo de video permitir\u00e1 administrarlos con mas facilidad.",
    "AutomaticSubtitleDownloadInstructions": "Para administrar la descarga autom\u00e1tica de subtitulos, de clic en una biblioteca en la configuraci\u00f3n de bibliotecas, y edite la configuraci\u00f3n de descarga de subtitulo para esa biblioteca.",
    "OpenSubtitleInstructions": "Necesita configurar la informaci\u00f3n de cuenta de Open Subtitles en la pantalla de configuraci\u00f3n de Open Subtitles en el Panel de Control del Servidor.",
    "LabelEnableHardwareAcceleration": "Habilitar aceleraci\u00f3n por hardware si se encuentra disponble:",
    "HeaderPreferredHardwareDecoders": "Decodificadores de Hardware Preferidos",
    "HeaderPreferredHardwareEncoders": "Codificadores de Hardware Preferidos",
    "AllowChangingImageAndPassword": "Permitir a este usuario cambiar su contrase\u00f1a e imagen de perfil",
    "LabelTranscodeBuffer": "Buffer de Transcodificacion:",
    "LabelTranscodePosition": "Posici\u00f3n de Transcodificacion:",
    "LabelPlaybackPosition": "Posici\u00f3n de Reproducci\u00f3n:",
    "LabelSimultaneousStreamLimit": "Numero m\u00e1ximo de transmisiones de v\u00eddeo simultaneas:",
    "SimultaneousStreamLimitHelp": "Limitar el numero m\u00e1ximo de reproducciones de v\u00eddeo concurrentes."
}