{
    "LabelPrevious": "Forrige",
    "LabelFinish": "Ferdig",
    "LabelNext": "Neste",
    "LabelYoureDone": "Ferdig!",
    "ThisWizardWillGuideYou": "Denne wizarden vil guide deg gjennom server-konfigurasjonen. For \u00e5 begynne, vennligst velg spr\u00e5k.",
    "HeaderCreateYourFirstUser": "Opprett din f\u00f8rste bruker",
    "ButtonQuickStartGuide": "Hurtigstartveiledning",
    "MoreUsersCanBeAddedLater": "Du kan legge til flere brukere senere via kontrollpanelet",
    "UserProfilesIntro": "Emby har innebygd st\u00f8tte for brukerprofiler, slik at hver bruker har sine egne skjerminnstillinger, avspillingstatus og foreldrekontroll.",
    "WizardCompleted": "Det er alt vi trenger for n\u00e5. Emby har begynt \u00e5 samle informasjon om mediebiblioteket. Sjekk ut noen av v\u00e5re apper, og klikk deretter <b> Fullf\u00f8r <\/b> for \u00e5 se <b> Kontrollpanelet<\/b>.",
    "HeaderTermsOfService": "Emby vilk\u00e5r for bruk.",
    "MessagePleaseAcceptTermsOfService": "Vennligst aksepter v\u00e5re servicevilk\u00e5r og personvernpolicy f\u00f8r du fortsetter.",
    "OptionIAcceptTermsOfService": "Jeg aksepterer servicevilk\u00e5rene",
    "HeaderGuideDataSetup": "TV Guide innstillinger",
    "LabelGuideSource": "TV Guide kilde:",
    "SeeOurHwaGuide": "See our {0}hardware acceleration setup guide{1}.",
    "HeaderEmbyServerReleaseNotes": "Emby Server utgivelsesnotater",
    "AllowSubtitleDownloading": "Tillat nedlasting av undertekst",
    "AllowSubtitleManagement": "Tillat sletting av eksisterende undertekst filer",
    "NewUserNameHelp": "Slik vil brukeren vises p\u00e5 serveren din.",
    "ChapterMarkers": "Kapittelmark\u00f8rer",
    "LabelThumbnailImagesInterval": "Thumbnail images interval:",
    "ThumbnailImagesIntervalHelp": "Hyppigere miniatyrbilder vil resultere i en bedre opplevelse, men krever mer diskplass og tid for \u00e5 lage bildene.",
    "LabelAuthProvider": "Autentiseringsleverand\u00f8r",
    "AuthProviderHelp": "Administratorer bruker alltid standard Emby-leverand\u00f8ren for \u00e5 sikre at du aldri er l\u00e5st.",
    "HeaderNewUser": "Ny bruker",
    "EditServerDisplayName": "Bytt navn p\u00e5 server",
    "LabelPinCode": "Pin kode:",
    "ShowAdvancedSettings": "Vis avanserte innstillinger",
    "ChangingMetadataImageSettingsNewContent": "Changes to metadata or artwork downloading settings will only apply to new content added to your library. To apply the changes to existing titles, you'll need to refresh their metadata manually.",
    "AllowRemoteAccess": "Tillat ekstern tilkobling til denne Emby-serveren.",
    "AllowRemoteAccessHelp": "Hvis deaktivert, vil alle eksterne tilkoblinger bli blokkert.",
    "Alerts": "Varsel",
    "LabelTrackTitleDisplay": "Embedded track title display:",
    "GenerateUserFriendlyTrackTitles": "Generate user friendly titles using track information",
    "PreferOriginalTrackTitles": "Foretrekk innebygde titler",
    "TrackTitleDisplayHelp": "Choose the display title of embedded audio and subtitle tracks. Preferring embedded is not recommended unless you are manually curating embedded track information.",
    "EnableTranscodingThrottle": "Enable throttling",
    "EnableTranscodingThrottleHelp": "Emby will dynamically adjust transcoding speed based in order to reduce CPU utilization.",
    "LabelTypeMetadataDownloaders": "{0} metadatanedlastere:",
    "HeaderTypeImageFetchers": "{0} Image Fetchers",
    "HeaderImageOptions": "Bildealternativer\n",
    "OptionBeta": "Beta",
    "HeaderTaskTriggers": "Oppgave Triggers",
    "HeaderPaths": "Stier",
    "CategorySync": "Synk",
    "RegisterWithPayPal": "Registrer med PayPal",
    "LabelSyncTempPath": "Midlertidig fil-sti:",
    "LabelSyncTempPathHelp": "Spesifiser din egen synk-mappe. Konverterte mediefiler opprettet ved synkronisering vil lagres her.",
    "LabelCustomCertificatePath": "Tilpasset ssl-sertifikatbane:",
    "LabelCustomCertificatePathHelp": "Path to a PKCS #12 file containing a certificate and private key to enable TLS support on a custom domain.",
    "HeaderSetupLibrary": "Sett opp dine media bibliotek",
    "LabelTimeLimitHours": "Tidsbegrensning (timer):",
    "HeaderPreferredMetadataLanguage": "Foretrukket spr\u00e5k for metadata",
    "LabelSaveLocalMetadata": "Lagre cover og metadata i medie-mappene",
    "LabelSaveLocalMetadataHelp": "Lagring av artwork og metadata direkte gjennom mediemapper vil legge dem et sted hvor de lett kan editeres.",
    "TabPassword": "Passord",
    "TabLibraryAccess": "Bibliotektilgang",
    "TabAccess": "Tilgang",
    "TabImage": "Bilde",
    "TabProfile": "Profil",
    "TabMetadata": "Metadata",
    "TabImages": "Bilder",
    "HeaderDeviceAccess": "Enhetstilgang",
    "OptionEnableAccessFromAllDevices": "Gi tilgang fra alle enheter",
    "OptionEnableAccessToAllChannels": "Gi tilgang til alle kanaler",
    "OptionEnableAccessToAllLibraries": "Gi tilgang til alle bibliotek",
    "DeviceAccessHelp": "Dette gjelder bare for enheter som som kan unikt identifiseres og vil ikke forindre tilgang fra nettleser. Filtrering av brukerens enhet vil forhindre dem fra \u00e5 bruke nye enheter inntil de har blitt godkjent her.",
    "LabelDisplayMissingEpisodesWithinSeasons": "Vis episoder som mangler fra sesongen",
    "LabelDisplayMissingEpisodesWithinSeasonsHelp": "Denne m\u00e5 ogs\u00e5 v\u00e6re aktivert for TV biblioteker  i Emby Server oppsett.",
    "LabelUnairedMissingEpisodesWithinSeasons": "Vis episoder som enn\u00e5 ikke har blitt sendt",
    "ImportMissingEpisodesHelp": "Hvis aktivert, vil informasjon om manglende episoder importeres inn i databasen og Emby vises i \u00e5rstider og serier. Dette kan f\u00f8re til betydelig lengre bibliotek skanninger.",
    "MessageEnablingOptionLongerScans": "Aktivering av dette alternativet kan f\u00f8re til betydelig lengre biblioteksskaning.",
    "TabSecurity": "Sikkerhet",
    "ButtonSave": "Lagre",
    "LabelUrl": "Adresse:",
    "HeaderCreatePassword": "Lag nytt passord",
    "LabelMaxParentalRating": "Maks tillatt sensur:",
    "MaxParentalRatingHelp": "Innhold med h\u00f8yere aldersgrense vil bli skjult for brukeren",
    "LibraryAccessHelp": "Velg media mappe som skal deles med denne brukren. Administrator vil ha mulighet for \u00e5 endre alle mapper ved \u00e5 bruke metadata behandler.",
    "ChannelAccessHelp": "Velg kanaler som skal deler med denne brukeren. Administratorer har mulighet til \u00e5 editere p\u00e5 alle kanaler som benytter metadata behandleren.",
    "ButtonDeleteImage": "Slett bilde",
    "LabelSelectUsers": "Velg brukere:",
    "HeaderUploadNewImage": "Last opp nytt bilde",
    "ImageUploadAspectRatioHelp": "1:1 sideforhold anbefales. Kun JPG\/PNG.",
    "MessagePleaseEnsureInternetMetadata": "P\u00e5se at nedlasting av internet-metadata er sl\u00e5tt p\u00e5.",
    "AlreadyPaidHelp1": "Hvis du allerede har betalt for \u00e5 installere en eldre versjon av Media Browser for Android, trenger du ikke \u00e5 betale p\u00e5 nytt for \u00e5 aktivere dette programmet. Klikk OK for \u00e5 sende oss en e-post p\u00e5 {0}, og vi vil f\u00e5 det aktivert for deg.",
    "AlreadyPaidHelp2": "Har du Emby Premiere? Da kan du avbryte denne dialogen. Logg inn p\u00e5 web-klienten under Hjelp  -> Emby Premiere og tast inn din Premiere n\u00f8kkel for \u00e5 l\u00e5se opp disse funksjonene.",
    "TabSuggestions": "Forslag",
    "TabLatest": "Siste",
    "TabUpcoming": "Kommer",
    "TabShows": "Show",
    "TabEpisodes": "Episoder",
    "TabGenres": "Sjangre",
    "TabNetworks": "Nettverk",
    "HeaderUsers": "Brukere",
    "TabMyPlugins": "Mine programtillegg",
    "TabCatalog": "Katalog",
    "TitlePlugins": "Programtillegg",
    "HeaderAutomaticUpdates": "Automatiske oppdateringer",
    "HeaderLatestAlbums": "Siste album",
    "HeaderLatestSongs": "Siste l\u00e5ter",
    "LabelVideoType": "Video-type:",
    "OptionBluray": "Bluray",
    "OptionDvd": "DVD",
    "OptionIso": "ISO",
    "Option3D": "3D",
    "Standard": "Standard",
    "LabelLastResult": "Siste resultat:",
    "OptionHasSpecialFeatures": "Spesialfunksjoner",
    "OptionImdbRating": "IMDb Rangering",
    "OptionParentalRating": "Foreldresensur",
    "OptionPremiereDate": "Premieredato",
    "TabBasic": "Enkel",
    "TabAdvanced": "Avansert",
    "TabGeneral": "Genrelt",
    "TitleSupport": "Support",
    "TabAbout": "Om",
    "TabSupporterKey": "Emby Premiere N\u00f8kkel",
    "TabBecomeSupporter": "Skaff Emby Premiere",
    "TabEmbyPremiere": "Emby Premiere",
    "OptionHideUserLocal": "Skjul denne brukeren fra innloggingsskjermen p\u00e5 det lokale nettverket",
    "OptionHideUserRemote": "Hide this user from login screens when connected remotely",
    "OptionHideUserFromLoginHelp": "Praktisk for private eller skjulte administratorer. Brukeren vil m\u00e5tte logge inn manuelt ved \u00e5 skrive inn brukernavn og passord.",
    "OptionDisableUser": "Deaktiver denne brukeren",
    "OptionDisableUserHelp": "Hvis avsl\u00e5tt vil ikke serveren godta noen forbindelser fra denne brukeren. Eksisterende forbindelser vil avsluttes umiddelbart.",
    "ButtonHelp": "Hjelp",
    "OptionAllowUserToManageServer": "TIllatt denne brukeren \u00e5 administrere serveren",
    "HeaderFeatureAccess": "Funksjonstilgang",
    "OptionAllowMediaPlayback": "Tillate avspilling av media",
    "OptionAllowBrowsingLiveTv": "Tillate Live TV",
    "AllLibraries": "Alle biblioteker",
    "HeaderAllowMediaDeletionFrom": "Tillat sletting av media ifra",
    "AllowDeletionFromAll": "Allow media deletion from all libraries",
    "OptionAllowManageLiveTv": "Tillate administrasjon av Live TV",
    "OptionAllowRemoteControlOthers": "Tillat fjernstyring av andre brukere",
    "OptionAllowRemoteSharedDevices": "Tillate fjernstyring av delte enheter",
    "OptionAllowRemoteSharedDevicesHelp": "DLNA-enheter betraktes som delte inntil en bruker begynner \u00e5 styre dem.",
    "OptionAllowLinkSharing": "Tillat deling p\u00e5 sosiale media",
    "OptionAllowLinkSharingHelp": "Bare websider som inneholder medieinformasjon blir delt . Mediefiler blir aldri delt offentlig. Delt innhold er tidsbegrenset og utl\u00f8per etter {0} dager.",
    "OptionMissingTmdbId": "Mangler Tmdb ID",
    "OptionIsHD": "HD",
    "OptionIsSD": "SD",
    "ButtonSelect": "Velg",
    "HeaderCredits": "Credits",
    "PleaseSupportOtherProduces": "Vennligst gi st\u00f8tte til andre gratisprodukter vi benytter:",
    "VersionNumber": "Versjon {0}",
    "TabPaths": "Stier",
    "TabServer": "Server",
    "OptionRelease": "Offisiell utgivelse",
    "LabelAllowServerAutoRestart": "Tillat at serveren restartes automatisk for \u00e5 gjennomf\u00f8re oppdateringer",
    "LabelAllowServerAutoRestartHelp": "Serveren vil kun restartes i inaktive perioder, n\u00e5r ingen brukere er aktive.",
    "LabelRunServerAtStartup": "Start server ved maskin-oppstart",
    "LabelRunServerAtStartupHelp": "This will start the Emby tray icon on Windows startup. If you've set up a Windows service then leave this unchecked and configure the service to run at startup.",
    "ButtonSelectDirectory": "Velg Katalog",
    "LabelCachePath": "Buffer sti:",
    "DefaultMetadataLangaugeDescription": "Dette er standardverdiene dine, og kan tilpasses per bibliotek.",
    "LabelCachePathHelp": "Angi en egendefinert plassering for server cache-filer, for eksempel bilder. La st\u00e5 tomt for \u00e5 bruke serveren standard.",
    "LabelRecordingPath": "Standard opptaks bane",
    "LabelMovieRecordingPath": "Filmopptak sti (valgfritt):",
    "LabelSeriesRecordingPath": "Serieopptak sti (valgfritt):",
    "LabelRecordingPathHelp": "Angi en egendefinert sted \u00e5 lagre opptakene. Dersom du lar den st\u00e5 tom vil serveren sin data mappe bli brukt.",
    "LabelMetadataPath": "Metadatasti:",
    "LabelMetadataPathHelp": "Spesifisere en tilpasset lokasjon for nedlastet grafikk og metadata.",
    "LabelTranscodingTempPath": "Sti for midlertidig transcoding:",
    "LabelTranscodingTempPathHelp": "Denne mappen inneholder fungerende filer som blir brukt av transcoderen. Spesifiser en tilpasset sti eller la det st\u00e5 tomt for \u00e5 benytte serverens standard sti.",
    "TabBasics": "Basics",
    "TabTV": "TV",
    "TabGames": "Spill",
    "TabMusic": "Musikk",
    "TabOthers": "Andre",
    "OptionMovies": "Filmer",
    "OptionEpisodes": "Episoder",
    "OptionOtherVideos": "Andre Videoer",
    "ExtractThumbnailImagesHelp": "Creating thumbnail images will allow Emby apps to display graphical scene selection menus. The process can be slow, cpu-intensive and may require several gigabytes of space. It runs when videos are discovered, and also as a nightly scheduled task. The schedule is configurable in the scheduled tasks area. It is not recommended to run this task during peak usage hours.",
    "TabGuide": "Guide",
    "TabChannels": "Kanaler",
    "TabCollections": "Samlinger",
    "HeaderChannels": "Kanaler",
    "TabRecordings": "Opptak",
    "TabSeries": "Serier",
    "TabFavorites": "Favoritter",
    "TabMyLibrary": "Mitt Bibliotek",
    "TabSettings": "Innstillinger",
    "ButtonRefreshGuideData": "Oppdater Guide Data",
    "ButtonRefresh": "Oppdater",
    "OptionPriority": "Prioritet",
    "OptionRecordOnAllChannels": "Ta opptak p\u00e5 alle kanaler",
    "OptionRecordAnytime": "Ta opptak n\u00e5r som helst",
    "OptionRecordOnlyNewEpisodes": "Ta opptak kun av nye episoder",
    "HeaderDays": "Dager",
    "ButtonEdit": "Rediger",
    "ButtonRecord": "Opptak",
    "ButtonDelete": "Slett",
    "ButtonRemove": "Fjern",
    "OptionRecordSeries": "Ta opptak av Serier",
    "HeaderDetails": "Detaljer",
    "TitleLiveTV": "Live TV",
    "LabelNumberOfGuideDays": "Antall dager av guide data som skal lastes ned",
    "LabelNumberOfGuideDaysHelp": "Nedlasting av guide data for flere dager gir muligheten for \u00e5 planlegge i forveien og for \u00e5 se flere listinger. Dette vil ogs\u00e5 ta lengre tid for nedlasting. Auto vil velge basert p\u00e5 antall kanaler.",
    "OptionAutomatic": "Auto",
    "HeaderServices": "Tjenester",
    "LabelCustomizeOptionsPerMediaType": "Tilpass for media type:",
    "OptionDownloadThumbImage": "Thumb",
    "OptionDownloadMenuImage": "Meny",
    "OptionDownloadLogoImage": "Logo",
    "OptionDownloadBoxImage": "Boks",
    "OptionDownloadDiscImage": "Disk",
    "OptionDownloadBannerImage": "Banner",
    "OptionDownloadBackImage": "Tilbake",
    "OptionDownloadArtImage": "Art",
    "OptionDownloadPrimaryImage": "Prim\u00e6r",
    "HeaderFetchImages": "Hent Bilder:",
    "TabOther": "Andre",
    "LabelMaxBackdropsPerItem": "Maks antall bakgrunner for hvert element:",
    "LabelMaxScreenshotsPerItem": "Maks antall av screenshots for hvert element:",
    "LabelMinBackdropDownloadWidth": "Minimum bredde for nedlastet bakgrunn:",
    "LabelMinScreenshotDownloadWidth": "Minimum nedlasted screenshot bredde:",
    "ButtonAddScheduledTaskTrigger": "Legg til trigger",
    "HeaderAddScheduledTaskTrigger": "Legg til trigger",
    "ButtonAdd": "Legg til",
    "LabelTriggerType": "Trigger Type:",
    "OptionDaily": "Daglig",
    "OptionWeekly": "Ukentlig",
    "OptionOnInterval": "P\u00e5 intervall",
    "OptionOnAppStartup": "Ved applikasjonens oppstart",
    "OptionAfterSystemEvent": "Etter systemhendelse",
    "LabelDay": "Dag:",
    "LabelTime": "Tid:",
    "LabelEvent": "Hendelse:",
    "OptionWakeFromSleep": "V\u00e5kne fra dvale",
    "LabelEveryXMinutes": "Hver",
    "HeaderTvTuners": "Tunere",
    "TabFolders": "Mapper",
    "LabelSpecialSeasonsDisplayName": "Spesial sesong visningsnavn:",
    "LabelEnableRealtimeMonitor": "Aktiver sanntids monitorering",
    "LabelEnableRealtimeMonitorHelp": "Endinger vil bli prossesert umiddelbart, til st\u00f8ttede filsystemer.",
    "HeaderMediaFolders": "Mediemapper",
    "HeaderThemeVideos": "Temavideoer",
    "HeaderThemeSongs": "Temasanger",
    "HeaderSpecialFeatures": "Spesielle Funksjoner",
    "HeaderAdditionalParts": "Tilleggsdeler",
    "ButtonSplitVersionsApart": "Splitt versjoner fra hverandre",
    "ButtonPlayTrailer": "Trailer",
    "LabelMissing": "Mangler",
    "OptionSpecialEpisode": "Spesialer",
    "OptionMissingEpisode": "Mangler Episoder",
    "OptionUnairedEpisode": "Kommende Episoder",
    "OptionEpisodeSortName": "Episode Etter Navn",
    "OptionTvdbRating": "Tvdb Rangering",
    "HeaderAddTitles": "Legg til Titler",
    "TabHome": "Hjem",
    "HeaderLinks": "Lenker",
    "LinkCommunity": "Samfunn",
    "LinkGithub": "Github",
    "LinkApi": "API",
    "LabelFriendlyServerName": "Vennlig server navn:",
    "LabelFriendlyServerNameHelp": "Dette navnet vil bli brukt for \u00e5 identifisere denne serveren. Hvis feltet er tomt, vil maskinens navn bli brukt.",
    "LabelPreferredDisplayLanguage": "Foretrukket spr\u00e5k:",
    "LabelPreferredDisplayLanguageHelp": "Oversettelse av Emby er et p\u00e5g\u00e5ende prosjekt.",
    "LabelReadHowYouCanContribute": "L\u00e6r hvordan du kan bidra",
    "ButtonSubmit": "Send",
    "ButtonCreate": "Opprett",
    "LabelCustomCss": "Tilpass CSS:",
    "LabelCustomCssHelp": "Bruk din egen CSS p\u00e5 web-grensesnittet.",
    "LabelLocalHttpServerPortNumber": "Lokal http-port:",
    "LabelLocalHttpServerPortNumberHelp": "TCP-portnummeret som Emby sin http server skal koble seg til.",
    "LabelPublicHttpPort": "Offentlig http-port:",
    "LabelPublicHttpPortHelp": "Den offentlige porten som kobles til den lokale porten.",
    "LabelPublicHttpsPort": "Offentlig HTTPS port:",
    "LabelPublicHttpsPortHelp": "Den offentlige porten som den lokale porten kobles til.",
    "RequireHttps": "Krev https for ekstern tilkobling",
    "RequireHttpsHelp": "If enabled, connections over http will be redirected to https.",
    "LabelHttpsPort": "Lokal HTTPS port:",
    "LabelHttpsPortHelp": "TCP-portnummeret som Emby sin https server skal koble seg til.",
    "LabelEnableAutomaticPortMap": "Aktiver automatisk portmapping",
    "LabelEnableAutomaticPortMapHelp": "Fors\u00f8k automatisk mapping av den offentlige port til den lokale port via UPnP. Dette fungerer ikke med alle rutere.",
    "LabelExternalDDNS": "Eksternt domene:",
    "LabelExternalDDNSHelp": "If you have a dynamic DNS or domain name, enter it here, without protocol or port. Emby apps will use it when connecting remotely. This field is required when used with a custom ssl certificate. Example: mydomain.com.",
    "LabelMinResumePercentage": "Minimum fortsettelsesprosent:",
    "LabelMaxResumePercentage": "Maksimum fortsettelsesprosent:",
    "LabelMinResumeDuration": "Minimum fortsettelsesvarighet (sekunder)",
    "LabelMinResumePercentageHelp": "Titler blir antatt som ikke avspilt hvis de stopper f\u00f8r denne tiden",
    "LabelMaxResumePercentageHelp": "Titler blir antatt som fullstendig avspilt hvis de stopper etter denne tiden",
    "LabelMinResumeDurationHelp": "Titler kortere enn dette kan ikke fortsettes.",
    "HeaderName": "Navn",
    "HeaderDate": "Dato",
    "HeaderSource": "Kilde",
    "HeaderStatus": "Status",
    "HeaderDestination": "Destinasjon",
    "Subscriptions": "Subscriptions",
    "HeaderProgram": "Program",
    "HeaderClients": "Klienter",
    "LabelCompleted": "Fullf\u00f8rt",
    "LabelFailed": "Feilet",
    "LabelSkipped": "Hoppet over",
    "LabelSeries": "Serie:",
    "LabelEndingEpisodeNumber": "Ending av episode nummer:",
    "LabelEndingEpisodeNumberHelp": "Kun n\u00f8dvendig for multi-episode filer",
    "HeaderSupportTheTeam": "St\u00f8tt Emby teamet!",
    "HeaderSupportTheTeamHelp": "Bidra til \u00e5 sikre fortsatt utvikling av dette prosjektet ved \u00e5 kj\u00f8pe Emby Premiere. En del av alle inntektene vil bli ogs\u00e5  bidratt til andre gratisverkt\u00f8y vi er avhengige av.",
    "DonationNextStep": "N\u00e5r du er ferdig, kan du g\u00e5 tilbake og skriv inn Emby Premiere n\u00f8kkel, som du vil motta per e-post.",
    "LabelSeasonFolderPattern": "Sesong mappe m\u00f8nster:",
    "LabelSeasonZeroFolderName": "Sesong null mappe navn:",
    "HeaderResult": "Resultat",
    "LabelTransferMethod": "overf\u00f8ringsmetoder",
    "HeaderLatestNews": "Siste nyheter",
    "HeaderRunningTasks": "Kj\u00f8rende oppgaver",
    "HeaderActiveDevices": "Aktive enheter",
    "HeaderPendingInstallations": "Installeringer i k\u00f8",
    "ButtonRestartNow": "Restart N\u00e5",
    "ButtonShutdown": "Avslutt Emby Server",
    "ButtonUpdateNow": "Oppdater N\u00e5",
    "TabHosting": "Hoster",
    "PleaseUpdateManually": "Vennligst avslutt Emby Server og installer den nyeste versjonen.",
    "NewServerVersionAvailable": "En ny versjon av Emby Server er tilgjengelig!",
    "ServerUpToDate": "Emby Server er oppdatert med seneste versjon",
    "LabelComponentsUpdated": "F\u00f8lgende komponenter har blitt installert eller oppdatert:",
    "MessagePleaseRestartServerToFinishUpdating": "Vennligst restart serveren for \u00e5 fullf\u00f8re installasjon av oppdateringer.",
    "LabelDownMixAudioScale": "Lyd boost ved downmixing:",
    "LabelDownMixAudioScaleHelp": "Boost lyd n\u00e5r downmixing. Set til 1 for \u00e5 bevare orginal volum verdi.",
    "LabelCurrentEmailAddress": "Gjeldende epostadresse",
    "LabelCurrentEmailAddressHelp": "Den aktuelle e-postadressen som den nye n\u00f8kkelen ble sendt.",
    "HeaderForgotKey": "Glemt N\u00f8kkel",
    "LabelSupporterEmailAddress": "Epostadressen som ble brukt for \u00e5 kj\u00f8pe n\u00f8kkelen.",
    "ButtonRetrieveKey": "Motta N\u00f8kkel",
    "LabelSupporterKey": "Emby Premiere n\u00f8kkel (lim in fra epost)",
    "LabelSupporterKeyHelp": "Tast inn din Emby Premiere n\u00f8kkel, slik at du kan nyte ytterligere fordeler.",
    "MessageInvalidKey": "Emby Premiere n\u00f8kkel mangler eller er ugyldig",
    "ErrorMessageInvalidKey": "For at eventuelt premiuminnhold registreres, m\u00e5 du ogs\u00e5 ha et aktivt Emby Premiere abonnement.",
    "HeaderRequireManualLogin": "Krev manuell brukernavn oppf\u00f8ring for:",
    "HeaderRequireManualLoginHelp": "When disabled, Emby apps may present a login screen with a visual selection of users.",
    "OptionOtherApps": "Andre applikasjoner",
    "OptionMobileApps": "Mobile applikasjoner",
    "LabelNotificationEnabled": "Sl\u00e5 p\u00e5 denne varslingen",
    "LabelMonitorUsers": "Monitorer aktivitet fra:",
    "LabelSendNotificationToUsers": "Send varslingen til:",
    "LabelUseNotificationServices": "Bruk f\u00f8lgende tjeneste:",
    "CategoryUser": "Bruker",
    "CategorySystem": "System",
    "CategoryApplication": "Applikasjon",
    "CategoryPlugin": "Programtillegg",
    "LabelAvailableTokens": "Tilgjengelige tokens:",
    "AdditionalNotificationServices": "Bla gjennom Emby {0} katalogen{1} over programtillegg for \u00e5 installere valgfrie varslingstjenester.",
    "OptionAllUsers": "Alle brukere:",
    "OptionAdminUsers": "Administratorer",
    "OptionCustomUsers": "Tilpasset",
    "ButtonArrowUp": "Opp",
    "ButtonArrowDown": "Ned",
    "ButtonArrowLeft": "Venstre",
    "ButtonArrowRight": "H\u00f8yre",
    "ButtonBack": "Tilbake",
    "ButtonInfo": "Info",
    "ButtonHome": "Hjem",
    "ButtonSearch": "S\u00f8k",
    "ButtonSettings": "Innstillinger",
    "Audio": "Lyd",
    "PlayOnAnotherDevice": "Spill p\u00e5 en annen enhet",
    "LetterButtonAbbreviation": "A",
    "TabControls": "Kontrollerer",
    "ButtonSubtitles": "Undertekster",
    "ButtonPreviousTrack": "Forrige Spor",
    "ButtonNextTrack": "Neste Spor",
    "ButtonStop": "Stopp",
    "ButtonPause": "Pause",
    "ButtonNext": "Neste",
    "ButtonPrevious": "Forrige",
    "LabelGroupMoviesIntoCollections": "Grupp\u00e9r filmer i samlinger",
    "LabelGroupMoviesIntoCollectionsHelp": "Ved visning av filmlister vil filmer som tilh\u00f8rer en samling bli vist som ett gruppeelement.",
    "HeaderCollections": "Samlinger",
    "LabelMaxBitrate": "Maks bitrate:",
    "LabelMaxBitrateHelp": "Spesifiser en maks bitrate i for begrensede b\u00e5ndbredde milj\u00f8er, eller hvis enheten p\u00e5legger sin egen begrensning.",
    "LabelMusicStaticBitrate": "Musikk synk bitrate:",
    "LabelMusicStaticBitrateHelp": "Spesifiser en maks bitrate for musikk syncking",
    "LabelDeviceDescription": "Enhet beskrivelse",
    "HeaderDownloadSubtitlesFor": "Last ned undertekster for:",
    "LabelSkipIfGraphicalSubsPresent": "Hopp over hvis videoen allerede inneholder innebygde undertekster",
    "LabelSkipIfGraphicalSubsPresentHelp": "Bevaring tekstversjoner av underteksting vil resultere i mer effektiv levering og redusere sannsynligheten for video transkoding.",
    "TabSubtitles": "Undertekster",
    "LabelDownloadLanguages": "Last ned spr\u00e5k:",
    "LabelSkipIfAudioTrackPresent": "Hopp hvis standard lydsporet matcher nedlastingen spr\u00e5k",
    "LabelSkipIfAudioTrackPresentHelp": "Fjern merkingen for \u00e5 sikre at alle videoene har undertekster, uavhengig av lydspr\u00e5k.",
    "SendMessage": "Send melding",
    "HeaderSendMessage": "Send Melding",
    "ButtonSend": "Send",
    "ViewPlaybackInfo": "Vis avspilling informasjon",
    "LabelMessageText": "Meldingstekst:",
    "LabelMessageTitle": "Meldingstittel:",
    "MessageNoAvailablePlugins": "Ingen tilgjengelige programtillegg.",
    "LabelDisplayPluginsFor": "Vis plugins for:",
    "PluginTabAppClassic": "Emby for Windows Media Center",
    "HeaderTypeText": "Skriv Tekst",
    "LabelTypeText": "Tekst",
    "TabDisplay": "Skjerm",
    "TabLanguages": "Spr\u00e5k",
    "TabAppSettings": "App-innstillinger",
    "HeaderHomePage": "Hjemmeside",
    "OptionAuto": "Auto",
    "OptionYes": "Ja",
    "OptionNo": "Nei",
    "HeaderOptions": "Alternativer",
    "OptionResumablemedia": "Fortsette",
    "OptionLatestMedia": "Siste media",
    "OptionLatestChannelMedia": "Siste kanal elementer",
    "OptionNone": "Ingen",
    "HeaderLiveTv": "Live TV",
    "HeaderSettings": "Innstillinger",
    "OptionDefaultSort": "Standard",
    "TabNextUp": "Neste",
    "MessageNoMovieSuggestionsAvailable": "Ingen film forslag er forel\u00f8pig tilgjengelig. Start med \u00e5 se og ranger filmer. Kom deretter tilbake for \u00e5 f\u00e5 forslag p\u00e5 anbefalinger.",
    "MessageNoCollectionsAvailable": "Samlinger l\u00e5r deg nye personlige gruppering av Filmer, Seirer, Musikk, B\u00f8ker og Spill. Trykk p\u00e5 + knappen og start en samling.",
    "MessageNoPlaylistsAvailable": "Spillelister tillater deg \u00e5 lage lister over innhold til \u00e5 spille etter hverandre p\u00e5 en gang. For \u00e5 legge til elementer i spillelister, h\u00f8yreklikk eller trykk og hold, og velg Legg til i spilleliste.",
    "MessageNoPlaylistItemsAvailable": "Denne spillelisten er forel\u00f8pig tom",
    "ButtonEditOtherUserPreferences": "Endre denne brukeren sin profilbilde og personlige innstillinger.",
    "LabelChannelStreamQuality": "Foretrukket internet kanalkvalitet:",
    "LabelChannelStreamQualityHelp": "P\u00e5 en linje med lav b\u00e5ndbredde, vil begrensing av kvalitet hjelpe med \u00e5 gi en mer behagelig str\u00f8mme opplevelse.",
    "OptionBestAvailableStreamQuality": "Beste tilgjengelig",
    "ViewTypeMovies": "Filmer",
    "ViewTypeTvShows": "TV",
    "ViewTypeGames": "Spill",
    "ViewTypeMusic": "Musikk",
    "HeaderOtherDisplaySettings": "Visnings Innstillinger",
    "ViewTypeMusicSongs": "Sanger",
    "ViewTypeMusicFavorites": "Favoritter",
    "ViewTypeMusicFavoriteAlbums": "Favorittalbumer",
    "ViewTypeMusicFavoriteArtists": "Favorittartister",
    "ViewTypeMusicFavoriteSongs": "Favorittsanger",
    "HeaderMyViews": "Mitt Syn",
    "OptionDisplayAdultContent": "Vis Voksen materiale",
    "OptionLibraryFolders": "Media Mapper",
    "TitleRemoteControl": "Ekstern Kontroll",
    "OptionDisplayChannelsInline": "Display channels as media folders",
    "OptionDisplayChannelsInlineHelp": "If enabled, channels will be displayed directly alongside other media libraries. If disabled, they'll be displayed within a separate Channels folder.",
    "LabelDisplayCollectionsView": "Vis en samling for \u00e5 vise film samlinger",
    "LabelDisplayCollectionsViewHelp": "Dette vil skape en egen visning for \u00e5 vise samlinger som du har opprettet eller har tilgang til. For \u00e5 lage en samling, h\u00f8yreklikk eller trykk-hold en film og velg \"Legg til samling\". ",
    "TabServices": "Tjenester",
    "TabLogs": "Logger",
    "TabBranding": "Merking",
    "HeaderBrandingHelp": "Tilpass utseendet Emby \u00e5 passe din gruppe eller organisasjon sine behov.",
    "LabelLoginDisclaimer": "Login ansvarsfraskrivelse:",
    "LabelLoginDisclaimerHelp": "Dette vil bli vist p\u00e5 bunnen av login siden.",
    "OptionList": "Liste",
    "TabDashboard": "Kontrollpanel",
    "TitleServer": "Server",
    "LabelCache": "Cache:",
    "LabelLogs": "Logger:",
    "LabelMetadata": "Metadata:",
    "LabelTranscodingTemporaryFiles": "Transcoder midlertidige filer:",
    "HeaderBranding": "Merking",
    "HeaderApiKeys": "Api-n\u00f8kler",
    "HeaderApiKeysHelp": "Eksterne programmer er p\u00e5lagt \u00e5 ha en API-n\u00f8kkel for \u00e5 kunne kommunisere med Emby Server. N\u00f8klene er utstedt ved \u00e5 logge p\u00e5 med en Embykonto, eller ved \u00e5 manuelt gi programmet en n\u00f8kkel.",
    "HeaderApiKey": "API-n\u00f8kkel",
    "HeaderApp": "App",
    "HeaderDevice": "Enhet",
    "HeaderUser": "Bruker",
    "HeaderDateIssued": "Dato utstedt",
    "HeaderHttpHeaders": "Http Headere",
    "TabView": "Se",
    "TabFilter": "Filter",
    "ButtonView": "Se",
    "LabelView": "Se:",
    "TabUsers": "Brukere",
    "HeaderFeatures": "Funksjoner",
    "HeaderAdvanced": "Avansert",
    "HeaderScheduledTasks": "Scheduled Tasks",
    "HeaderResumeSettings": "Fortsett Innstillinger",
    "TitleUsers": "Brukere",
    "ButtonClose": "Lukk",
    "LabelAllLanguages": "Alle spr\u00e5k",
    "OptionAll": "Alle",
    "LabelImage": "Bilde:",
    "HeaderImages": "Bilder",
    "HeaderBackdrops": "Bakgrunner",
    "LabelJpgPngOnly": "JPG\/PNG kun",
    "OptionSeason0": "Sesong 0",
    "HeaderFetcherSettings": "Fetcher Settings",
    "HeaderActivity": "Aktivitet",
    "PluginInstalledWithName": "{0} ble installert",
    "PluginUpdatedWithName": "{0} ble oppdatert",
    "PluginUninstalledWithName": "{0} ble avinstallert",
    "LabelIpAddressValue": "Ip adresse: {0}",
    "HeaderEmbyServer": "Emby Server",
    "MessageServerConfigurationUpdated": "Server konfigurasjon har blitt oppdatert",
    "MessageNamedServerConfigurationUpdatedWithValue": "Server konfigurasjon seksjon {0} har blitt oppdatert",
    "MessageApplicationUpdated": "Emby server har blitt oppdatert",
    "ProviderValue": "Tilbyder: {0}",
    "HeaderRecentActivity": "Siste Aktivitet",
    "HeaderPeople": "Personer",
    "OptionComposers": "Komponister:",
    "OptionOthers": "Andre",
    "ViewTypeFolders": "Mapper",
    "OptionDisplayFolderView": "Vis en mappe for \u00e5 vise ren tekst mapper.",
    "OptionDisplayFolderViewHelp": "Hvis aktivert, vil Emby app vise en Mapper kategorien sammen med mediebiblioteket . Dette er nyttig hvis du \u00f8nsker \u00e5 ha vanlig mappevisninger.",
    "ViewTypeLiveTvRecordingGroups": "Opptak",
    "ViewTypeLiveTvChannels": "Kanaler",
    "HeaderPassword": "Passord",
    "HeaderViewOrder": "Visnings rekkef\u00f8lge",
    "HeaderPersonInfo": "Person Info",
    "HeaderConfirmDeletion": "Bekreft Kansellering",
    "LabelAlbumArtist": "Album Artist",
    "LabelAirDate": "Sendings dager:",
    "LabelAirTime:": "Sendings tid:",
    "LabelDisplaySpecialsWithinSeasons": "Vis spesialer innenfor sesongen de ble sendt i",
    "ButtonPurchase": "Kj\u00f8p",
    "HeaderPhotoInfo": "Bildeinformasjon",
    "HeaderInstall": "Installer",
    "LabelSelectVersionToInstall": "Velg versjon for \u00e5 installere:",
    "LinkLearnMoreAboutSubscription": "L\u00e6r om Emby Premiere",
    "MessagePluginRequiresSubscription": "Dette programtillegget vil kreve et aktivt Emby Premiere abonnement etter den 14 dagers gratis pr\u00f8veperioden.",
    "MessagePremiumPluginRequiresMembership": "Dette tillegget vil kreve et aktivt Emby Premiere abonnement for \u00e5 kunne kj\u00f8pes ogs\u00e5 etter den 14 dagers pr\u00f8veperiode.",
    "HeaderDeveloperInfo": "Utvikler informasjon",
    "HeaderRevisionHistory": "Revisjonshistorikk",
    "ButtonViewWebsite": "Vis nettsted",
    "OptionSaveMetadataAsHidden": "Lagre metadata og bilder som skjulte filer",
    "LabelExtractThumbnailsDuringLibraryScan": "Create thumbnail images during the library scan",
    "LabelExtractThumbnailsDuringLibraryScanHelp": "If enabled, thumbnail images will be created when videos are imported during the library scan. If disabled they will be created during the thumbnail images scheduled task, allowing the regular library scan to complete faster.",
    "LabelConnectGuestUserName": "Emby Connect brukernavn eller epost:",
    "LabelConnectUserName": "(Valgfritt) Emby Connect brukernavn elleer epost:",
    "LabelConnectUserNameHelp": "Koble denne lokale brukeren til en online Emby konto for \u00e5 aktivere enkel p\u00e5logging tilgang fra alle Emby app uten \u00e5 vite serveren sin IP-adresse.",
    "ButtonLearnMoreAboutEmbyConnect": "L\u00e6r mer om Emby Connect",
    "LabelExternalPlayers": "Eksterne avspillere:",
    "LabelNativeExternalPlayersHelp": "Play videos using external players.",
    "TabPlayback": "Spill av",
    "TitlePlayback": "Spill av",
    "LabelDateAddedBehavior": "Dato lagt til adferd for nytt innhold:",
    "OptionDateAddedImportTime": "Bruk dato skannet inn til biblioteket",
    "OptionDateAddedFileTime": "Bruk fil opprettelse dato",
    "LabelDateAddedBehaviorHelp": "Hvis metadata verdier er tilgjengelig vil de alltid bli brukt fremfor noen av disse valgene.",
    "TitleDevices": "Enheter",
    "TabCameraUpload": "Kameraopplasting",
    "TabDevices": "Enheter",
    "HeaderLibrarySettings": "Bibliotek innstillinger",
    "HeaderThumbnailImages": "Thumbnail Images",
    "HeaderSubtitleDownloads": "Subtitle Downloads",
    "HeaderCameraUploadHelp": "Embyapper kan laste opp bilder tatt med din mobile enhet automatisk til Embyserver .",
    "LabelCameraUploadPath": "Sti til kameraopplasting:",
    "LabelCameraUploadPathHelp": "Select a custom upload path. This will override any default settings set in the Camera Upload section. If left blank, a default folder will be used. If using a custom path it will also need to be added as a library in Emby library setup.",
    "DefaultCameraUploadPathHelp": "Select a custom upload path. If left blank, a default folder will be used. If using a custom path it will also need to be added as a library in Emby library setup.",
    "LabelCreateCameraUploadSubfolder": "Lag en underkatalog for hver enhet",
    "LabelCreateCameraUploadSubfolderHelp": "Spesifikke mapper kan tildeles en enhet ved \u00e5 klikke p\u00e5 den fra Enhets-siden.",
    "LabelCustomDeviceDisplayName": "Visningsnavn:",
    "LabelCustomDeviceDisplayNameHelp": "Oppgi et egendefinert visningsnavn eller la det v\u00e6re tomt for \u00e5 bruke navnet som enheten rapporterer.",
    "HeaderInviteUser": "Invit\u00e9r Bruker",
    "LabelConnectGuestUserNameHelp": "Dette er brukernavnet som dine venner bruker til \u00e5 logge seg p\u00e5 Emby nettside, eller bruk e-postadresse.",
    "HeaderInviteUserHelp": "Dele media med venner er enklere enn noensinne med Emby Connect.",
    "ButtonSendInvitation": "Send Invitasjon",
    "HeaderGuests": "Gjester",
    "HeaderPendingInvitations": "Ventende invitasjoner",
    "TabParentalControl": "Foreldrekontroll",
    "HeaderAccessSchedule": "Tilgang Planlegger",
    "HeaderAccessScheduleHelp": "Lag en tilgang tidsplan for \u00e5 begrense tilgangen til visse tider.",
    "LabelAccessDay": "Ukedag:",
    "LabelAccessStart": "Starttid:",
    "LabelAccessEnd": "Sluttid:",
    "HeaderSchedule": "Timeplan",
    "OptionEveryday": "Hver dag",
    "OptionWeekdays": "Ukedager",
    "OptionWeekends": "Helger",
    "HeaderOptionalLinkEmbyAccount": "Valgfritt: Link til din konto p\u00e5 Emby Connect",
    "ButtonTrailer": "Trailer",
    "MessageNoTrailersFound": "Ingen trailere funnet. Installer Trailer tillegget for \u00e5 forbedre filmopplevelsen ved \u00e5 legge til et bibliotek med internet-trailere.",
    "HeaderNewUsers": "Nye Brukere",
    "TitleNewUser": "Ny bruker",
    "ButtonConfigurePassword": "Konfigurer passord",
    "HeaderDashboardUserPassword": "Brukerpassord forvaltes innenfor hver brukers personlige profilinnstillingene.",
    "HeaderLibraryAccess": "Bibliotek tilgang",
    "HeaderChannelAccess": "Kanal tilgang",
    "HeaderLatestItems": "Siste element",
    "LabelForgotPasswordUsernameHelp": "Skriv inn ditt brukernavn, hvis du husker det.",
    "TitlePasswordReset": "Resett passord",
    "HeaderParentalRatings": "Foreldresensur",
    "HeaderVideoTypes": "Videotyper",
    "HeaderYears": "\u00c5r",
    "HeaderBlockItemsWithNoRating": "Block items with no or unrecognized rating information:",
    "LabelBlockContentWithTags": "Restrict Items With Tags",
    "LabelTagRestrictionMode": "Tag restriction mode:",
    "BlockItemsWithTheseTags": "Block items with these tags",
    "AllowItemsWithTheseTags": "Allow only items with these tags",
    "TabActivity": "Aktivitet",
    "OptionAllowSyncContent": "Tillat synk",
    "OptionAllowContentDownloading": "Tillat nedlasting og synkronisering av media",
    "LabelNewUserNameHelp": "Brukernavn kan inneholder internasjonale bokstaver (a-z), tall (0-9), bindestrek (-), understrek (_), apostrof (') og punktum (.)",
    "HeaderThisUserIsCurrentlyDisabled": "Denne brukeren er deaktivert",
    "OptionEnableTranscodingThrottle": "Aktiver struping",
    "OptionEnableTranscodingThrottleHelp": "Struping vil automatisk justere transkoding hastighet for \u00e5 minimere server cpu utnyttelse under avspilling.",
    "LabelUploadSpeedLimit": "Last opp hastighetsgrensen (Mbps):",
    "OptionAllowSyncTranscoding": "Tillat nedlasting og synkronisering av media som krever transkoding",
    "AllowMediaConversion": "Tillat konvertering av media",
    "AllowMediaConversionHelp": "Tillatt eller forby tilgang til \u00e5 konvertere media",
    "HeaderPlayback": "Media avspilling",
    "OptionAllowAudioPlaybackTranscoding": "Tillat lydavspilling som krever transkoding",
    "OptionAllowVideoPlaybackTranscoding": "Tillat filmavspilling som krever transkoding",
    "OptionAllowVideoPlaybackRemuxing": "Tillat film tilbakespilling som krever konvertering uten rekoding.",
    "OptionAllowMediaPlaybackTranscodingHelp": "Restricting access to transcoding will disable quality selection and may cause playback failures in Emby apps due to unsupported media formats or insufficient network bandwidth.",
    "TabStreaming": "Streaming",
    "LabelRemoteClientBitrateLimit": "Internett str\u00f8mme bitrate grense (Mbps):",
    "LabelRemoteClientBitrateLimitHelp": "An optional per-stream bitrate limit for all out of network devices. This is useful to prevent devices from requesting a higher bitrate than your internet connection can handle. This may result in increased CPU load on your server in order to transcode videos on the fly to a lower bitrate.",
    "LabelUserRemoteClientBitrateLimitHelp": "Dette vil overstyre standardverdien i avanserte serverinnstillinger.",
    "LabelConversionCpuCoreLimit": "CPU kjerne grense:",
    "LabelConversionCpuCoreLimitHelp": "Begrenser antall CPU-kjerner som skal brukes under synk-konvertering.",
    "OptionEnableFullSpeedConversion": "Aktiver full hastighetskonvertering",
    "OptionEnableFullSpeedConversionHelp": "Som standard er synk-konvertering utf\u00f8res ved en lav hastighet for \u00e5 minimere ressursforbruk.",
    "TabPhotos": "Bilder",
    "HeaderWelcomeToEmby": "Velkommen til Emby",
    "EmbyIntroMessage": "Med Emby kan du enkelt str\u00f8mme filmer, musikk og bilder til smartelefon, tablet eller  andre enheter fra din Emby server.",
    "ButtonConnect": "Koble til",
    "HeaderNewServer": "Ny server",
    "HeaderExport": "Eksporter",
    "HeaderColumns": "Kolonner",
    "ButtonReset": "Resett",
    "OptionEnableExternalVideoPlayers": "Aktiver eksterne videoavspillere",
    "LabelEnableFullScreen": "Aktiver fullskjermmodus",
    "TabHomeScreen": "Hjemskjerm",
    "HeaderDisplay": "Vis",
    "HeaderNavigation": "Navigasjon",
    "OptionEnableAutomaticServerUpdates": "Aktiver automatisk server oppdateringer",
    "HeaderOverview": "Overview",
    "HeaderType": "Type",
    "HeaderTunerDevices": "Tuner enheter",
    "HeaderTVSources": "TV Kilder",
    "HeaderAddDevice": "Legg til enhet",
    "HeaderExternalServices": "Eksterne tjenester",
    "LabelTunerIpAddress": "Tuner IP-adresse:",
    "HeaderGuideProviders": "TV Guide leverand\u00f8rer",
    "AddGuideProviderHelp": "Legg til kilde for TV Guide informasjon",
    "LabelZipCode": "Post kode",
    "GuideProviderSelectListings": "Velg Oppf\u00f8ring",
    "GuideProviderLogin": "Login",
    "LabelLineup": "Oppstilling",
    "MessageTunerDeviceNotListed": "Er din tuner enheten ikke er oppf\u00f8rt? Pr\u00f8v \u00e5 installere en ekstern tjenesteleverand\u00f8r for flere Direkte TV-alternativer.",
    "LabelImportOnlyFavoriteChannels": "Begrens til kanaler som er merket som favoritt",
    "ImportFavoriteChannelsHelp": "Hvis aktivert, blir kun kanaler som er mekret som favoritt p\u00e5 tuneren bli importert.",
    "ButtonRepeat": "Reprise",
    "LabelEnableThisTuner": "Aktiver denne tuneren",
    "LabelEnableThisTunerHelp": "Fjern haken for \u00e5 hindre import av kanaler fra denne tuneren.",
    "HeaderImagePrimary": "Primary",
    "HeaderImageBackdrop": "Bakgrunn",
    "HeaderImageLogo": "Logo",
    "HeaderUserPrimaryImage": "User Image",
    "ButtonProfile": "Profil",
    "ButtonProfileHelp": "Sett ditt profilbilde og passord",
    "HeaderHomeScreenSettings": "Innstillinger for Hjemskjerm",
    "HeaderProfile": "Profil",
    "HeaderLanguage": "Spr\u00e5k",
    "LabelTranscodingThreadCount": "Antall tr\u00e5der for transkoding",
    "LabelTranscodingThreadCountHelp": "Velg maksimalt antall tr\u00e5der som skal brukes n\u00e5r transkoding. Redusering av  tr\u00e5der vil senke CPU-bruk, men kan resultere i at  Emby ikke konvertere raskt nok for en jevn avspillingsopplevelse.",
    "OptionMax": "Maks",
    "LabelTunerType": "Tuner type",
    "HeaderSetupTVGuide": "Sett opp TV Guide",
    "LabelDataProvider": "Dataleverand\u00f8rer",
    "HeaderDefaultRecordingSettings": "Standard opptak innstillinger",
    "OptionEnableRecordingSubfolders": "Opprett undermapper for kategorier slik som sport, barn, etc.",
    "HeaderSubtitles": "Undertekster",
    "HeaderVideos": "Filmer",
    "LabelHardwareAccelerationType": "Maskinvareakselerasjon:",
    "LabelHardwareAccelerationTypeHelp": "Kun tilgjengelig p\u00e5 systemer som st\u00f8ttes.",
    "HeaderAdmin": "Admin",
    "HeaderCameraUpload": "Kameraopplasting",
    "ButtonClear": "T\u00f8m",
    "LabelFolder": "Mappe:",
    "HeadersFolders": "Mapper:",
    "LabelDisplayName": "Visningsnavn:",
    "OptionConvertRecordingsToStreamingFormat": "Automatisk konvertere opptak til et str\u00f8mme vennlig format",
    "OptionConvertRecordingsToStreamingFormatHelp": "Recordings will be converted on the fly to MKV for easy playback on your devices.",
    "OptionDownloadImagesInAdvance": "Last ned bilder p\u00e5 forh\u00e5nd",
    "OptionDownloadImagesInAdvanceHelp": "By default, most images are only downloaded when requested by an Emby app. Enable this option to download all images in advance, as new media is imported. This may cause significantly longer library scans.",
    "DeleteImage": "Slett bilde",
    "MessageThankYouForSupporting": "Takk for at du st\u00f8tter Emby.",
    "FileReadCancelled": "Lesing av filen kansellert.",
    "FileNotFound": "Fil ikke funnet",
    "FileReadError": "Feil oppstod i det filen ble lest",
    "PinCodeResetComplete": "PIN-koden har blitt tilbakestilt",
    "PinCodeResetConfirmation": "Er du sikker p\u00e5 at du vil tilbakestille PIN-koden?",
    "HeaderPinCodeReset": "Tilbakestill PIN-kode",
    "NoPluginConfigurationMessage": "This plugin has no settings to configure.",
    "NoPluginsInstalledMessage": "Du har ingen programtillegg installert.",
    "BrowsePluginCatalogMessage": "Browse v\u00e5r plugin-katalog for \u00e5 se tilgjengelige plugins",
    "HeaderNewApiKey": "Ny Api-n\u00f8kkel",
    "LabelAppName": "Applikasjonsnavn",
    "LabelAppNameExample": "Eksempel: Sickbeard, NzbDrone",
    "HeaderNewApiKeyHelp": "Gi applikasjonen tillatelse til \u00e5 kommunisere med Embyserveren.",
    "MessageKeyEmailedTo": "N\u00f8kkel sendt til {0}",
    "HeaderConfirmation": "Bekreftelse",
    "MessageKeyUpdated": "Takk. Din Emby Premiere n\u00f8kkel har blitt oppdatert.",
    "MessageKeyRemoved": "Takk. Din Emby Premiere n\u00f8kkel har blitt fjernet.",
    "TextEnjoyBonusFeatures": "Nyt bonusfunksjonene",
    "HeaderAddTag": "Legg til tag",
    "ButtonSelectView": "Velg vising",
    "LabelFromHelp": "Eksempel: {0} (p\u00e5 serveren)",
    "MessageErrorLoadingSupporterInfo": "Det skjedde en feil under lasting av Emby Premiere informasjon. Vennligst pr\u00f8v igjen senere.",
    "HeaderConfirmRemoveUser": "Fjern bruker",
    "ValueTimeLimitSingleHour": "Tidsgrense: 1 time",
    "ValueTimeLimitMultiHour": "Tidsgrense: {0} time",
    "General": "General",
    "HeaderScreenSavers": "Skjermspar",
    "Notifications": "Varsler",
    "Metadata": "Metadata",
    "Reporting": "Reporting",
    "HeaderSearch": "S\u00f8k",
    "ValueDateCreated": "Dato opprettet: {0}",
    "LabelArtist": "Artist",
    "LabelMovie": "Film",
    "LabelMusicVideo": "Musikk Video",
    "LabelEpisode": "Episode",
    "Series": "Serier",
    "LabelStopping": "Stoppe",
    "LabelCancelled": "Kansellert",
    "ButtonDownload": "Nedlasting",
    "HeaderDevices": "Enheter",
    "HeaderSelectCertificatePath": "Velg sti for sertifikat:",
    "HeaderSupporterBenefit": "An active Emby Premiere subscription provides additional benefits such as access to Emby DVR, offline media, premium plugins, and more. {0}Learn more{1}.",
    "HeaderWelcomeBack": "Velkommen tilbake!",
    "HeaderSelectDevices": "Velg enheter",
    "ButtonReenable": "Skru p\u00e5 igjen",
    "LabelAbortedByServerShutdown": "(Avbrutt av server shutdown)",
    "LabelScheduledTaskLastRan": "Sist kj\u00f8rt {0}, tok {1}.",
    "HeaderDeleteTaskTrigger": "Slett Oppgave Trigger",
    "MessageDeleteTaskTrigger": "Er du sikker p\u00e5 at du vil slette denne oppgave triggeren?",
    "MessageNoPluginsInstalled": "Du har ingen programtillegg installert.",
    "MessageNoPluginsDueToAppStore": "For \u00e5 administrere Emby Plugins vennligst bruk Emby Web Applikasjon.",
    "LabelVersionInstalled": "{0} installert.",
    "LabelNumberReviews": "{0} Anmeldelser",
    "LabelFree": "Gratis",
    "HeaderSelectAudio": "Velg Lyd",
    "HeaderSelectSubtitles": "Velg Undertekst",
    "LabelDefaultStream": "(Standard)",
    "LabelForcedStream": "(Tvunget)",
    "LabelDefaultForcedStream": "(Standard\/Tvunget)",
    "LabelUnknownLanguage": "Ukjent spr\u00e5k",
    "ButtonMute": "Mute",
    "ButtonUnmute": "Lyd p\u00e5",
    "ButtonPlaylist": "Spilleliste",
    "LabelEnabled": "Aktivert",
    "LabelDisabled": "Deaktivert",
    "Disabled": "Disabled",
    "ButtonMoreInformation": "Mer Informasjon",
    "LabelNoUnreadNotifications": "Ingen uleste meldinger.",
    "HeaderConfirmSeriesCancellation": "Bekreft Serier kansellering",
    "HeaderConfirmRecordingDeletion": "Bekreft Sletting av Opptak",
    "OptionWeekend": "Helger",
    "OptionWeekday": "Ukedager",
    "LiveTvUpdateAvailable": "(Oppdatering tilgjengelig)",
    "LabelVersionUpToDate": "Oppdatert!",
    "ButtonResetTuner": "Reset tuner",
    "HeaderResetTuner": "Reset Tuner",
    "MessageConfirmResetTuner": "Er du sikker p\u00e5 at du vil resette denne tuneren? Alle aktive enheter eller opptak vil br\u00e5tt stoppe.",
    "ButtonCancelSeries": "Kanseller Serier",
    "HeaderSeriesRecordings": "Serie Opptak",
    "LabelAnytime": "N\u00e5r som helst",
    "StatusRecording": "Opptak",
    "StatusWatching": "Ser P\u00e5",
    "StatusRecordingProgram": "Opptak {0}",
    "StatusWatchingProgram": "Ser P\u00e5 {0}",
    "HeaderSplitMedia": "Del Media Fra Hverandre",
    "MessageConfirmSplitMedia": "Er du sikker at du vil splitte mediakilden i separerte elementer?",
    "HeaderError": "Feil",
    "HeaderSelectServerCachePath": "Velg Sti for Server Cache",
    "HeaderSelectTranscodingPath": "Velg Sti for Midlertidig Transcoding",
    "HeaderSelectMetadataPath": "Velg Sti for Metadata",
    "HeaderSelectServerCachePathHelp": "Bla eller skriv stien som skal brukes for server cache filer. Mappen m\u00e5 v\u00e6re skrivbar.",
    "HeaderSelectTranscodingPathHelp": "Bla eller skriv stien som skal brukes for transcoding av midlertidige filer. Mappen m\u00e5 v\u00e6re skrivbar.",
    "HeaderSelectMetadataPathHelp": "Bla eller skriv stien som skal brukes for metadata. Mappen m\u00e5 v\u00e6re skrivbar.",
    "MessageFileWillBeDeleted": "F\u00f8lgende fil vil bli slettet:",
    "MessageSureYouWishToProceed": "Er du sikker p\u00e5 at du vil fortsette?",
    "MessageFollowingFileWillBeMovedFrom": "F\u00f8lgende fil har blitt flyttet fra:",
    "MessageDestinationTo": "til:",
    "HeaderRestart": "Omstart",
    "HeaderShutdown": "Sl\u00e5 Av",
    "MessageConfirmRestart": "Er du sikker p\u00e5 at du vil starte Emby Server p\u00e5 nytt?",
    "MessageConfirmShutdown": "Er du sikker p\u00e5 at du vil avslutte Emby Server?",
    "ValueItemCount": "{0} element",
    "ValueItemCountPlural": "{0} elementer",
    "NewVersionOfSomethingAvailable": "En ny versjon av {0} er tilgjengelig!",
    "VersionXIsAvailableForDownload": "Versjon {0} er n\u00e5 tilgjengelig for nedlasting.",
    "LabelVersionNumber": "Versjon {0}",
    "LabelPlayMethodTranscoding": "Transcoding",
    "LabelPlayMethodDirectStream": "Direkte Str\u00f8mming",
    "LabelPlayMethodDirectPlay": "Direkte Avspilling",
    "LabelLocalAccessUrl": "In-Home (LAN) access: {0}",
    "LabelRemoteAccessUrl": "Remote (WAN) access: {0}",
    "LabelRunningOnPort": "Kj\u00f8rer p\u00e5 http-port {0}.",
    "LabelRunningOnPorts": "Kj\u00f8rer p\u00e5 http-port {0} og https-port {1}.",
    "HeaderLatestFromChannel": "Siste fra {0}",
    "ButtonRemoteControl": "Ekstern Kontroll",
    "HeaderLatestTvRecordings": "Siste Opptak",
    "LabelCurrentPath": "N\u00e5v\u00e6rende sti:",
    "HeaderSelectMediaPath": "Velg Media Sti",
    "HeaderSelectPath": "Velg sti",
    "ButtonNetwork": "Nettverk",
    "MessageDirectoryPickerInstruction": "Nettverksti kan skrives inn manuelt i tilfelle Nettverk-knappen ikke klarer \u00e5 lokalisere enhetene dine. For eksempel {0} eller {1}.",
    "MessageDirectoryPickerBSDInstruction": "For BSD Systemer, m\u00e5 du kanskje endre lagring inntilligner fra din FreeNAS Jail slik at Emby har tilgang dit.",
    "MessageDirectoryPickerLinuxInstruction": "Linux brukere (ArchLinux, CentOS, Debian, Ubuntu osv) m\u00e5 du gi Emby lese tilgang til dine lagringsenheter.",
    "HeaderMenu": "Meny",
    "ButtonOpen": "\u00c5pne",
    "ButtonShuffle": "Tilfeldig",
    "HeaderAudioTracks": "Lydspor",
    "HeaderLibraries": "Bibliotek",
    "MessageErrorPlayingVideo": "Det oppstod en feil ved avspilling av vidoen.",
    "MessageEnsureOpenTuner": "Vennligst s\u00f8rg for at det minst er \u00e9n \u00e5pen tuner tilgjengelig.",
    "ButtonReports": "Rapporter",
    "MetadataManager": "Metadatabehandler",
    "HeaderTime": "Tid",
    "LabelAddedOnDate": "Lagt til {0}",
    "ButtonStart": "Start",
    "OptionBlockOthers": "Andre",
    "OptionBlockTvShows": "TV Serier",
    "OptionBlockTrailers": "Trailere",
    "OptionBlockMusic": "Musikk",
    "OptionBlockMovies": "Filmer",
    "OptionBlockBooks": "B\u00f8ker",
    "OptionBlockGames": "Spill",
    "OptionBlockLiveTvPrograms": "Live TV Programmer",
    "OptionBlockLiveTvChannels": "Live TV Kanaler",
    "OptionBlockChannelContent": "Innhold fra Internettkanal",
    "ButtonRevoke": "Tilbakekall",
    "MessageConfirmRevokeApiKey": "Er du sikker p\u00e5 at du vil oppheve denne API-n\u00f8kkelen? Applikasjonens tilkobling til serveren vil bli br\u00e5tt avsluttet.",
    "HeaderConfirmRevokeApiKey": "Tilbakekall API-n\u00f8kkel",
    "ValueContainer": "Kontainer: {0}",
    "ValueAudioCodec": "Lyd Kodek: {0}",
    "ValueVideoCodec": "Video Kodek: {0}",
    "ValueCodec": "Kodek: {0}",
    "ValueConditions": "Tilstand: {0}",
    "LabelAll": "Alle",
    "HeaderDeleteImage": "Slett bilde",
    "MessageFileNotFound": "Fant ikke fil.",
    "ButtonNextPage": "Neste Side",
    "ButtonPreviousPage": "Forrige Side",
    "MessagePleaseAcceptTermsOfServiceBeforeContinuing": "Vennligst aksepter tjenestevilk\u00e5rene f\u00f8r du fortsetter.",
    "OptionOff": "Av",
    "OptionOn": "P\u00e5",
    "ButtonUninstall": "Avinstaller",
    "HeaderLiveTV": "Live TV",
    "MissingPrimaryImage": "Mangler primary bilde.",
    "MissingBackdropImage": "Mangler bakgrunnsbilde.",
    "MissingLogoImage": "Mangler logo bilde.",
    "MissingEpisode": "Mangler episode.",
    "OptionBackdrops": "Bakgrunner",
    "OptionImages": "Bilder",
    "OptionKeywords": "N\u00f8kkelord",
    "OptionTags": "Tagger",
    "OptionStudios": "Studioer",
    "OptionName": "Navn",
    "OptionOverview": "Oversikt",
    "OptionGenres": "Sjangere",
    "OptionPeople": "Person",
    "OptionBirthLocation": "F\u00f8dested",
    "HeaderChangeFolderType": "Endre innholdstype",
    "HeaderChangeFolderTypeHelp": "For \u00e5 endre type, m\u00e5 du fjerne og gjenoppbygge biblioteket med den nye typen.",
    "HeaderAlert": "Varsling",
    "MessagePleaseRestart": "Vennligst utf\u00f8r en omstart for \u00e5 fullf\u00f8re oppdatering.",
    "ButtonHide": "Skjul",
    "MessageSettingsSaved": "Innstillinger lagret.",
    "TabLibrary": "Bibliotek",
    "TabLiveTV": "Live TV",
    "TabPlugins": "Programtillegg",
    "TabHelp": "Hjelp",
    "HeaderNotifications": "Melding",
    "HeaderSelectPlayer": "Velg avspiller",
    "HeaderSpecials": "Spesialer",
    "HeaderTrailers": "Trailere",
    "HeaderResolution": "Oppl\u00f8sning",
    "HeaderRuntime": "Spilletid",
    "HeaderParentalRating": "Parental Rating",
    "HeaderReleaseDate": "Utgivelsesdato",
    "HeaderSeries": "Series:",
    "HeaderSeason": "Sesong",
    "HeaderSeasonNumber": "Sesong nummer",
    "HeaderNetwork": "Nettverk",
    "HeaderYear": "Year:",
    "HeaderEmbeddedImage": "innebygd bilde",
    "HeaderTrack": "Spor",
    "OptionCollections": "Samlinger",
    "OptionSeries": "Serier",
    "OptionGames": "Spill",
    "OptionGameSystems": "Spill systemer",
    "OptionMusicArtists": "Musikk artist",
    "OptionMusicAlbums": "Musikk album",
    "OptionMusicVideos": "Musikk videoer",
    "OptionSongs": "Sanger",
    "OptionHomeVideos": "Home videos & photos",
    "OptionBooks": "B\u00f8ker",
    "ButtonUp": "Opp",
    "ButtonDown": "Ned",
    "LabelMetadataReaders": "Metadatalesere:",
    "LabelMetadataReadersHelp": "Ranger dine prefererte lokale metadata kilder i prioritert rekkef\u00f8lge. F\u00f8rste fil funnet vil bli lest.",
    "LabelSubtitleDownloaders": "Subtitle downloaders:",
    "SubtitleDownloadersHelp": "Enable and rank your preferred subtitle downloaders in order of priority. More subtitle providers can be installed using the Emby plugin catalog.",
    "LabelMetadataDownloaders": "Metadatanedlastere:",
    "LabelMetadataDownloadersHelp": "Aktiver og ranger din foretrukne metadatanedlaster i f\u00f8lgende prioritet. Nedlastingere med lavere prioritet vil kun bli brukt for \u00e5 fylle inn manglende informasjon",
    "LabelMetadataSavers": "Metadata savers:",
    "LabelMetadataSaversHelp": "Velg filformatene dine metadata skal lagres til.",
    "LabelImageFetchers": "Bildekilder:",
    "LabelImageFetchersHelp": "Aktiver og ranger dine foretrukne bildekilder i prioritert rekkef\u00f8lge.",
    "PersonTypePerson": "Person",
    "OptionSortName": "Sorterings navn",
    "LabelDateOfBirth": "F\u00f8dseldato:",
    "HeaderRemoveMediaLocation": "Fjern Mediamappe",
    "MessageConfirmRemoveMediaLocation": "Er du sikker p\u00e5 at du vil slette denne plasseringen?",
    "LabelNewName": "Nytt navn:",
    "HeaderRemoveMediaFolder": "Fjern Mediamappe",
    "MessageTheFollowingLocationWillBeRemovedFromLibrary": "F\u00f8lgende medielokasjoner vil bli fjernet fra ditt Embybibliotek:",
    "MessageAreYouSureYouWishToRemoveMediaFolder": "Er du sikker p\u00e5 at du vil slette denne media-mappen?",
    "ButtonRename": "Nytt navn",
    "ButtonChangeContentType": "Velg innholdtype",
    "HeaderMediaLocations": "Media Steder",
    "LabelContentTypeValue": "Innholdstype {0}",
    "FolderTypeUnset": "Blandet innhold",
    "HeaderPluginInstallation": "Programtillegg installasjon",
    "MessageAlreadyInstalled": "Denne versjonen er allerede installert.",
    "MessageYouHaveVersionInstalled": "Du har for \u00f8yeblikket versjon {0} installert",
    "MessageTrialExpired": "Pr\u00f8veperioden for denne funksjonen er utl\u00f8pt",
    "MessageTrialWillExpireIn": "Pr\u00f8veperioden for denne funksjonen utl\u00f8per om {0} dag (er)",
    "MessageInstallPluginFromApp": "Dette programtillegget m\u00e5 installeres direkte i appen du har tenkt \u00e5 bruke den i.",
    "ValuePriceUSD": "Pris: {0} (USD)",
    "MessageFeatureIncludedWithSupporter": "Du er registrert for denne funksjonen, og vil v\u00e6re i stand til \u00e5 fortsette \u00e5 bruke den med et aktivt Emby Premiere abonnement.",
    "HeaderUnrated": "Uvurdert",
    "HeaderUnknownDate": "Ukjent dato",
    "HeaderUnknownYear": "Ukjent \u00e5r",
    "HeaderSelectExternalPlayer": "Velg ekstern avspiller",
    "HeaderExternalPlayerPlayback": "Ekstern avspilling",
    "OptionWatched": "Sett",
    "OptionUnwatched": "Usett",
    "LabelMarkAs": "Merk som:",
    "OptionInProgress": "Igang",
    "LabelResumePoint": "Fortsettelsespunkt",
    "ValueOneTrailer": "1 trailer",
    "ValueTrailerCount": "{0} trailere",
    "ValueSeriesYearToPresent": "{0} - Present",
    "ValueAwards": "Priser: {0}",
    "ValuePremiered": "Premiere {0}",
    "ValuePremieres": "Premiere {0}",
    "ValueStudio": "Studio: {0}",
    "ValueStudios": "Studioer: {0}",
    "ValueStatus": "Status: {0}",
    "LabelLimit": "Grense:",
    "ValueLinks": "Lenker: {0}",
    "ValueArtist": "Artist: {0}",
    "ValueArtists": "Artister: {0}",
    "MediaInfoCameraMake": "Kameramerke",
    "MediaInfoCameraModel": "Kameramodell",
    "MediaInfoAltitude": "H\u00f8yde",
    "MediaInfoAperture": "Blender\u00e5pning",
    "MediaInfoExposureTime": "Eksponeringstid",
    "MediaInfoFocalLength": "Brennvidde",
    "MediaInfoOrientation": "Orientering",
    "MediaInfoIsoSpeedRating": "ISO innstilling",
    "MediaInfoLatitude": "Breddegrad",
    "MediaInfoLongitude": "Lengdegrad",
    "MediaInfoShutterSpeed": "Lukkerhastighet",
    "MediaInfoSoftware": "Programvare",
    "HeaderMovies": "Filmer",
    "HeaderAlbums": "Albumer",
    "HeaderGames": "Spill",
    "HeaderBooks": "B\u00f8ker",
    "HeaderEpisodes": "Episoder:",
    "HeaderTracks": "Spor",
    "HeaderItems": "Elementer",
    "HeaderOtherItems": "Andre elementer",
    "ValueAsRole": "som {0}",
    "ValueGuestStar": "Gjesteartist",
    "TabExpert": "Ekspert",
    "HeaderSelectCustomIntrosPath": "Velg tilpasset intro sti",
    "HeaderThankYou": "Takk",
    "ReleaseYearValue": "Utgivelse \u00e5r: {0}",
    "TabExtras": "Ekstra",
    "DeviceLastUsedByUserName": "Sist brukt av {0}",
    "HeaderSelectUploadPath": "Velg Opplastingssti",
    "ErrorMessageStartHourGreaterThanEnd": "Sluttid m\u00e5 v\u00e6re senere enn starttid.",
    "ButtonLibraryAccess": "Bibliotektilgang",
    "ButtonParentalControl": "Foreldrekontroll",
    "MessageUnableToConnectToServer": "Vi kan ikke kontakte angitt server akkurat n\u00e5. Sjekk at den er startet og pr\u00f8v igjen.",
    "MessagePluginConfigurationRequiresLocalAccess": "Logg inn p\u00e5 din lokale server direkte for \u00e5 konfigurere dette programtillegget.",
    "MessageLoggedOutParentalControl": "Tilgangen er forel\u00f8pig begrenset. Vennligst pr\u00f8v igjen senere.",
    "ButtonLinkMyEmbyAccount": "Link kontoen min n\u00e5",
    "MessageConnectAccountRequiredToInviteGuest": "For \u00e5 invitere gjester, m\u00e5 du f\u00f8rst koble din Emby bruker til denne serveren.",
    "HeaderCancelSyncJob": "Avbryt synkronisering",
    "MovieLibraryHelp": "Se Gjennom {0} Emby-filmenavnf\u00f8ringsveiledningen {1}.",
    "TvLibraryHelp": "G\u00e5 gjennom {0} Emby-tv navn veiledningen {1}.",
    "BookLibraryHelp": "Lydb\u00f8ker er st\u00f8ttet. G\u00e5 gjennom {0} Emby lydbok veiledningen {1}.",
    "MessageGamePluginRequired": "Forutsetter at programtillegget GameBrowser er installert",
    "MessageUnsetContentHelp": "Innhold vises som enkle mapper.",
    "ButtonNewServer": "Ny server",
    "ButtonRemote": "Fjernkont.",
    "HeaderUnlockApp": "L\u00e5s opp Appen",
    "HeaderUnlockSync": "L\u00e5s opp Emby Synkronisering",
    "MessagePaymentServicesUnavailable": "Betalingstjenester er fortiden utilgjengelig. Vennligst pr\u00f8v igjen p\u00e5 et senere tidspunkt.",
    "HeaderLibrary": "Bibliotek",
    "HeaderMedia": "Media",
    "NoNewDevicesFound": "Ingen nye enheter funnet. For \u00e5 legge til en ny tuner, lukk denne dialogboksen og skriv inn enhetens informasjon manuelt.",
    "NoResultsFound": "Ingen resulterer funnet.",
    "ManageLibrary": "Administrere biblioteket",
    "HeaderConfirm": "Bekreft",
    "MessageConfirmDeleteTunerDevice": "Er du sikker p\u00e5 at du vil slette denne enheten?",
    "MessageConfirmDeleteGuideProvider": "Er du sikker p\u00e5 at du vil slette denne guide leverand\u00f8ren?",
    "HeaderDeleteProvider": "Slett leverand\u00f8r",
    "ErrorAddingTunerDevice": "Det oppstod en feil ulegge til tuner enhet. Vennligst sikre at den er tilgjengelig, og pr\u00f8v p\u00e5 nytt.",
    "ErrorSavingTvProvider": "Det oppstod en feil ved lagring av TV-leverand\u00f8r. Vennligst  forsikre  deg om at den er tilgjengelig, og pr\u00f8v p\u00e5 nytt.",
    "ErrorGettingTvLineups": "Det var en feil under nedlasting tv oppstillinger. Vennligst forsikre deg om at informasjonen er korrekt og pr\u00f8v igjen.",
    "MessageCreateAccountAt": "Opprett en konto p\u00e5 {0}",
    "ErrorPleaseSelectLineup": "Velg en oppstilling og pr\u00f8v igjen. Hvis ingen oppstillinger er tilgjengelig, s\u00e5 vennligst sjekk at brukernavn, passord og postnummer er riktig.",
    "HeaderTryEmbyPremiere": "Pr\u00f8v Emby Premiere",
    "OptionEnableDisplayMirroring": "Aktiver skjerm speiling.",
    "ErrorValidatingSupporterInfo": "Det oppstod en feil under validering din Emby Premiere informasjon. Vennligst pr\u00f8v igjen senere.",
    "LabelLocalSyncStatusValue": "Status {0}",
    "OptionBackdropSlideshow": "Bakgrunn lysbildefremviser",
    "HeaderTopPlugins": "Topp Plugins",
    "ButtonOther": "Andre",
    "HeaderSortBy": "Sorter etter",
    "HeaderSortOrder": "Sortieing rekkef\u00f8lge",
    "ButtonMenu": "Meny",
    "ForAdditionalLiveTvOptions": "Browse the Emby {0}plugin catalog{1} to install additional Live TV providers.",
    "ButtonGuide": "Guide",
    "ButtonYes": "Ja",
    "AddUser": "Legg til bruker",
    "ButtonNo": "Nei",
    "HeaderLatestMovies": "Siste Filmer",
    "HeaderEmailAddress": "Epost adresse",
    "NumLocationsValue": "{0} mapper",
    "ButtonAddMediaLibrary": "Legg element til biblioteket",
    "ButtonManageFolders": "Mappebehandling",
    "ErrorAddingListingsToSchedulesDirect": "Det oppstod en feil mens du legger din oppstilling til tidsplaner Direkte konto. Direkte tidsplaner kun tillatt et begrenset antall oppstillingkombinasjoner per brukerkonto. Du b\u00f8r logge inn p\u00e5 nettstedet i planene Direct konto og noen samlinger av kontoen din for \u00e5 slette f\u00f8r du fortsetter.",
    "PleaseAddAtLeastOneFolder": "Vennligst legg til minst en mappe ved \u00e5 trykke p\u00e5 Legg til knappen.",
    "ErrorAddingMediaPathToVirtualFolder": "Det oppstod en feil \u00e5 legge mediebanen . S\u00f8rg for at banen er gyldig og Emby Server prosessen har tilgang til stedet.",
    "ErrorAddingEmbyConnectAccount3": "Denne Emby brukeren er alt koblet til en eksisterende lokal bruker. Emby konto kan bare v\u00e6re tilkoblet en lokal bruker omgangen.",
    "HeaderConfirmPluginInstallation": "Bekreft Installasjon av Plugin",
    "PleaseConfirmPluginInstallation": "Klikk p\u00e5 OK for \u00e5 bekrefte at du har lest ovenfor og \u00f8nsker \u00e5 fortsette med installasjonen.",
    "MessagePluginInstallDisclaimer": "Plugins bygget av Emby samfunnsmedlemmer er en fin m\u00e5te \u00e5 forbedre Emby erfaringen, med flere funksjoner og andre fordeler. F\u00f8r du installerer, m\u00e5 du v\u00e6re klar over effekten de kan ha p\u00e5 din Emby Server, for eksempel tregere bibliotek skanner, ekstra bakgrunnsprosessering, og redusert systemstabilitet.",
    "TitleHardwareAcceleration": "Maskinvareakselerasjon",
    "HardwareAccelerationWarning": "Aktivering av maskinvareakselerasjon kan f\u00f8re til ustabilitet i enkelte milj\u00f8er. S\u00f8rg for at operativsystemet og skjermdriverne dine er fullt oppdatert. Hvis du har problemer med \u00e5 spille videoer etter \u00e5 ha aktivert dette, m\u00e5 du endre innstillingen tilbake til Auto.",
    "HeaderSelectCodecIntrosPath": "Velg Kodek Intro Bane",
    "ValueExample": "Eksempel: {0}",
    "OptionEnableAnonymousUsageReporting": "Aktiver anonym bruksrapportering",
    "OptionEnableAnonymousUsageReportingHelp": "Tillat Emby \u00e5 samle inn anonyme data som installerte plugins, versjonsnumrene for dine Emby apps osv Denne informasjonen brukes kun forbedre programvaren.",
    "LabelFileOrUrl": "Fil eller URL:",
    "OptionEnableForAllTuners": "Aktiver aller tuner enheter",
    "HeaderTuners": "Tuner",
    "LabelOptionalM3uUrl": "M3U URL (valgfri)",
    "LabelOptionalM3uUrlHelp": "Noen enheter st\u00f8tter en M3U kanalliste.",
    "TabResumeSettings": "Resume innstillinger.",
    "DrmChannelsNotImported": "Kanaler med DRM vill ikke bli importert.",
    "LabelAllowHWTranscoding": "Tillat maskinvaretranskoding",
    "AllowHWTranscodingHelp": "Hvis aktivert, vil tuneren konvertere str\u00f8mmer fortl\u00f8pende. Dette kan bidra til \u00e5 redusere transkoding som kreves av Emby Server.",
    "MetadataSettingChangeHelp": "Endre metadatainnstillinger vil p\u00e5virke nytt innhold blir lagt fremover. For \u00e5 oppdatere eksisterende innhold, \u00e5pner detalj skjermen og klikker p\u00e5 oppdateringsknappen, eller utf\u00f8re masse oppdateres ved hjelp av metadata manager.",
    "OptionConvertRecordingPreserveAudio": "Bevare opprinnelige lyd ved konvertering  av opptak (N\u00e5r dette er mulig)",
    "OptionConvertRecordingPreserveAudioHelp": "Denne leverand\u00f8ren gir bedre lyd, men kan kreve transcoding under avspilling p\u00e5 enkelte enheter.",
    "AddItemToCollectionHelp": "Legg til elementer i samlingene ved \u00e5 s\u00f8ke etter dem og bruke sine h\u00f8yreklikk eller pek menyer for \u00e5 legge dem til en samling.",
    "RecordingPathChangeMessage": "Endre opptaksmappe vil ikke migrere eksisterende opptak fra den gamle plasseringen til den nye. Du m\u00e5 flytte dem manuelt hvis \u00f8nskelig.",
    "LabelSportsCategories": "Sport kategorier:",
    "XmlTvSportsCategoriesHelp": "Programmer med disse kategoriene vil bli vist som sport programmer. Atskilt flere med \"|\".",
    "LabelNewsCategories": "Nyhets kategorier:",
    "XmlTvNewsCategoriesHelp": "Programmer med disse kategoriene vil bli vist som nyhets programmer. Atskilt flere med \"|\".",
    "LabelKidsCategories": "Barne kategorier:",
    "XmlTvKidsCategoriesHelp": "Programmer med disse kategoriene vil bli vist som barne programmer. Atskilt flere med \"|\".",
    "LabelMovieCategories": "Film kategorier:",
    "XmlTvMovieCategoriesHelp": "Programmer med disse kategoriene vil bli vist som filmer. Atskilt flere med \"|\".",
    "XmlTvPathHelp": "En sti til en xml tv-fil. Emby vil lese denne filen og regelmessig sjekke etter oppdateringer. Du er ansvarlig for \u00e5 opprette og oppdatere denne filen.",
    "LabelBindToLocalNetworkAddress": "Bind til lokal nettverksadresse:",
    "LabelBindToLocalNetworkAddressHelp": "Valgfritt. Overstyre den lokale IP-adressen til \u00e5 binde http server til. Hvis tomt, vil serveren binde seg til alle tilgjengelige adresser. Endre denne verdien krever omstart av Emby Serveren.",
    "TitleHostingSettings": "Verts innstillinger.",
    "SettingsWarning": "Endring av disse verdiene kan f\u00f8re til ustabilitet eller tilkoblingsfeil. Hvis du opplever problemer, anbefaler vi endre dem tilbake til standard verdiene.",
    "MapChannels": "Kartlegge kanaler",
    "OptionSaveMetadataAsHiddenHelp": "Endring av denne vil gjelde for nye metadata lagret i tiden fremover. Eksisterende metadatafiler blir oppdatert neste gang de blir lagret av Emby Server.",
    "EnablePhotos": "Aktiver bilder",
    "EnablePhotosHelp": "Bilder vil bli oppdaget og vises sammen med andre mediefiler .",
    "ManageOfflineDownloads": "Behandle frakoblet nedlastinger",
    "RememberMe": "Husk meg",
    "HeaderOfflineSync": "Frakoblet synkronisering",
    "LabelMaxAudioFileBitrate": "Maks lydspor bitrate",
    "LabelMaxAudioFileBitrateHelp": "Lydfiler med h\u00f8yere bitrate vil bli konvertert av Emby Server. Velg en h\u00f8yere verdi for bedre kvalitet, eller en lavere verdi for \u00e5 bevare lokal lagringsplass.",
    "SaveThumbnailImagesIntoMediaFolders": "Save thumbnail images into media folders",
    "OptionExtractThumbnailImage": "Enable thumbnail image creation",
    "LabelEnableDebugLogging": "Sl\u00e5 p\u00e5 debug logging.",
    "OptionEnableExternalContentInSuggestions": "Aktiver eksternt innhold i forslag",
    "OptionEnableExternalContentInSuggestionsHelp": "Tillater internett tilhengere og live tv-programmer for \u00e5 bli inkludert i sl\u00e5tt innhold.",
    "LabelH264EncodingPreset": "H264 koding forh\u00e5ndsinnstilling:",
    "H264EncodingPresetHelp": "Velg en raskere verdi \u00e5 forbedre ytelsen, eller en lavere verdi for \u00e5 forbedre kvaliteten.",
    "LabelH264Crf": "H264 enkoding CRF:",
    "H264CrfHelp": "Constant Rate Factor (CRF) er standard kvalitetsinnstilling for x264 encoder. Du kan stille inn verdier mellom 0 og 51, hvor lavere verdier vil resultere i bedre kvalitet (p\u00e5 bekostning av h\u00f8yere filst\u00f8rrelser). Sane verdier er mellom 18 og 28. Standard for x264 er 23, slik at du kan bruke dette som et utgangspunkt.",
    "LabelConvertRecordingsTo": "Konverter opptak til:",
    "LabelOptionalNetworkPath": "(Valgfritt) Delte nettverksmapper:",
    "LabelOptionalNetworkPathHelp": "Hvis denne mappen er delt p\u00e5 nettverket, oppgi nettverksdelingsbane kan tillate Emby apps p\u00e5 andre enheter for \u00e5 f\u00e5 tilgang til mediefiler direkte.",
    "SynologyUpdateInstructions": "Vennligst logg inn p\u00e5 DSM og g\u00e5 til pakke senter for oppdatering.",
    "LabelMoviePrefix": "Film prefiks:",
    "LabelMoviePrefixHelp": "Hvis en prefiks er lagt til i film tittler, tast den inn her slik at Emby kan h\u00e5ndtere den riktig.",
    "HeaderRecordingPostProcessing": "Etterbehandling av opptak",
    "LabelPostProcessorArguments": "Post-prosessering kommandolinjeargumenter:",
    "LabelPostProcessorArgumentsHelp": "Bruk {path} som banen til opptaksfilen.",
    "LabelPostProcessor": "Etterbehandling applikasjon:",
    "ErrorAddingXmlTvFile": "Det oppstod en feil tilgang til XmlTV filen. S\u00f8rg for at filen finnes og pr\u00f8v igjen.",
    "OptionAutomaticallyGroupSeries": "Fusjoner automatisk serier som er spredt ut over flere mapper",
    "OptionAutomaticallyGroupSeriesHelp": "Hvis aktivert, vil serier som er spredt over flere mapper innenfor dette biblioteket bli automatisk sl\u00e5tt sammen til en enkelt serie.",
    "WhenDidYouPurchaseApp": "N\u00e5r kj\u00f8pte du denne applikasjonen?",
    "PreferEmbeddedTitlesOverFileNames": "Foretrekker innebygde titler over filnavn",
    "PreferEmbeddedTitlesOverFileNamesHelp": "Dette bestemmer standard visningstittel n\u00e5r ingen metadata eller lokale metadata er tilgjengelige.",
    "HeaderUpcomingEpisodes": "Kommende episoder",
    "HeaderLiveTvTunerSetup": "Direkte tv tuner innstillinger",
    "HeaderTVSourceSetup": "TV Source Setup",
    "HeaderDetectMyDevices": "Detektere mine enheter",
    "MessagePleaseWait": "Vennligst vent dette kan ta et minutt",
    "DetectingDevices": "Detekterer enheter",
    "LabelAutomaticallyRefreshInternetMetadataEvery": "Oppdater automatisk metadata fra Internett:",
    "Never": "Aldri",
    "EveryNDays": "Hver {0} dag",
    "HeaderNewDevices": "Nye enheter",
    "LabelCertificatePassword": "Sertifikat passord",
    "LabelCertificatePasswordHelp": "Hvis sertifikatet ditt krever et passord, vennligst skriv det inn her.",
    "LabelEnableHardwareDecodingFor": "Enable hardware decoding for:",
    "EnableHardwareEncoding": "Aktiver hardware enkoding",
    "Rate": "Bed\u00f8m",
    "HeaderNewLibrary": "New Library",
    "HttpsRequiresCert": "To enable secure connections, you will need to supply a trusted SSL certificate, such as Lets Encrypt. Please either supply a certificate, or disable secure connections.",
    "ServerRestartNeededAfterPluginInstall": "Emby server trenger en omstart etter installasjon av en plugin",
    "PluginInstalledMessage": "Pluggen er installert. Emby Server m\u00e5 startes p\u00e5 nytt for at endringer skal tre i kraft.",
    "Themes": "Tema",
    "MessagePremiereStatusGood": "You have a {0} Emby Premiere plan and your device usage is well within your limit.",
    "MessagePremiereStatusClose": "You have a {0} Emby Premiere plan, but your device usage is close to the limit.",
    "MessagePremiereExtendedPlans": "Consider an {0}extended device plan{1}",
    "MessagePremiereStatusOver": "You have a {0} Emby Premiere plan, but you are over your device limit!",
    "ListItemPremiereSub": "{0} subscription purchased via {2} expires {1}",
    "LabelClickToCancel": "Click to cancel this subscription",
    "LabelCancelInfo": "You can manage this subscription directly with {0}",
    "LabelAlreadyCanceled": "This subscription has been canceled. Key will remain valid until expiration.",
    "HeaderCancelSub": "Cancel Emby Premiere",
    "MessageConfirmSubCancel": "NO, Please don't go... You will miss out on all the great features of Emby Premiere!",
    "ButtonCancelSub": "I know, cancel it anyway",
    "ButtonDontCancelSub": "Keep Emby Premiere",
    "MessageSubCancelReqSent": "An email has been sent to the owner of the key. Please follow the instructions in that email to complete the cancellation of this subscription. We hope to see you back soon!",
    "MessageSubCancelError": "Something went wrong trying to cancel.  Please send an email to {0} and we'll get you squared away.",
    "LabelAlreadyCancelled": "This subscription has been cancelled. You will not be charged again but the features will work until the date above.",
    "AllowOnTheFlySubtitleExtraction": "Allow subtitle extraction on the fly",
    "AllowOnTheFlySubtitleExtractionHelp": "Embedded subtitles can be extracted from videos and delivered to Emby apps in plain text in order to help prevent video transcoding. On some systems this can take a long time and cause video playback to stall during the extraction process. Disable this to have embedded subtitles burned in with video transcoding when they are not natively supported by the client device.",
    "ButtonStopRecording": "Stopp Opptaket",
    "EnableDebugLoggingHelp": "Debug logging should only be enabled as needed for troubleshooting purposes. The increased file system access may prevent the server machine from being able to sleep in some environments.",
    "LabelSimultaneousConnectionLimit": "Grense for samtidig str\u00f8mming:",
    "SimultaneousConnectionLimitHelp": "Maks antall samtidige str\u00f8mminger tillatt. Skriv 0 for ubegrenset antall.",
    "LaunchWebAppOnStartup": "Launch the Emby web app in my web browser when Emby Server starts",
    "LaunchWebAppOnStartupHelp": "This will open the web app in your default web browser when Emby Server initially starts. This will not occur when using the restart server function.",
    "LabelReferrerHeader": "Referrer http header:",
    "LabelUserAgentHeader": "User agent http header:",
    "SupplyCustomValueIfNeeded": "Supply a custom http header value, if necessary.",
    "HeaderConfigureRemoteAccess": "Configure Remote Access",
    "LearnHowToCreateSynologyShares": "Learn how to share folders in Synology.",
    "LabelAllowedRemoteAddresses": "Remote IP address filter:",
    "LabelAllowedRemoteAddressesMode": "Remote IP address filter mode:",
    "Whitelist": "Whitelist",
    "Blacklist": "Blacklist",
    "AllowedRemoteAddressesHelp": "Kommaseparert liste med IP-adresser eller IP\/nettmaske for nettverk som vil bli godkjent for ekstern tilkobling. Alle eksterne adresser blir godkjent om den st\u00e5r tom.",
    "LabelLanNetworks": "LAN nettverk:",
    "LanNetworksHelp": "Comma separated list of IP addresses or IP\/netmask entries for networks that will be considered on local network when enforcing bandwidth restrictions. If set, all other IP addresses will be considered to be on the external network and will be subject to the external bandwidth restrictions. If left blank, only the server's subnet and common private IP subnets (10.0.0.0\/8, 192.168.0.0\/24, etc.) are considered to be on the local network.",
    "LabelSecureConnectionsMode": "Secure connection mode:",
    "PreferredNotRequired": "Preferred, but not required",
    "RequiredForAllRemoteConnections": "Required for all remote connections",
    "HandledByProxy": "Handled by reverse proxy",
    "SaveSubtitlesIntoMediaFolders": "Save subtitles into media folders",
    "SaveSubtitlesIntoMediaFoldersHelp": "Storing subtitles next to video files will allow them to be more easily managed.",
    "AutomaticSubtitleDownloadInstructions": "To manage automatic subtitle downloading, click on a library in Emby library setup, and edit the subtitle downloading settings for that library.",
    "OpenSubtitleInstructions": "You'll need to configure Open Subtitles account information on the Open Subtitles configuration screen in the Emby Server dashboard.",
    "LabelEnableHardwareAcceleration": "Enable hardware acceleration when available:",
    "HeaderPreferredHardwareDecoders": "Preferred Hardware Decoders",
    "HeaderPreferredHardwareEncoders": "Preferred Hardware Encoders",
    "AllowChangingImageAndPassword": "Allow this user to change their password and profile image",
    "LabelTranscodeBuffer": "Transcode buffer:",
    "LabelTranscodePosition": "Transcode position:",
    "LabelPlaybackPosition": "Playback position:",
    "LabelSimultaneousStreamLimit": "Max simultaneous video streams:",
    "SimultaneousStreamLimitHelp": "Limit the number of concurrent video playback sessions."
}