{
    "LabelPrevious": "Anterior",
    "LabelFinish": "Terminar",
    "LabelNext": "Seguinte",
    "LabelYoureDone": "Concluiu!",
    "ThisWizardWillGuideYou": "Este assistente ir\u00e1 ajud\u00e1-lo durante o processo de configura\u00e7\u00e3o. Para come\u00e7ar, selecione o idioma.",
    "HeaderCreateYourFirstUser": "Crie o seu primeiro utilizador",
    "ButtonQuickStartGuide": "Guia de in\u00edcio r\u00e1pido",
    "MoreUsersCanBeAddedLater": "\u00c9 poss\u00edvel adicionar utilizadores mais tarde no Painel Principal",
    "UserProfilesIntro": "O Emby inclui suporte nativo de perfis de utilizadores, permitindo que cada utilizador tenha as suas configura\u00e7\u00f5es de visualiza\u00e7\u00e3o, estado da reprodu\u00e7\u00e3o e controlos parentais.",
    "WizardCompleted": "\u00c9 tudo, de momento. O Emby come\u00e7ou a recolher informa\u00e7\u00f5es da sua biblioteca multim\u00e9dia. Confira algumas das nossas apps e de seguida clique <b>Terminar<\/b> para ver o <b>Painel Principal do Servidor<\/b>",
    "HeaderTermsOfService": "Termos de Servi\u00e7o do Emby",
    "MessagePleaseAcceptTermsOfService": "Por favor, aceite os termos de servi\u00e7o e pol\u00edtica de privacidade antes de continuar.",
    "OptionIAcceptTermsOfService": "Aceito os termos de servi\u00e7o",
    "HeaderGuideDataSetup": "Configura\u00e7\u00e3o do Guia",
    "LabelGuideSource": "Fonte do Guia:",
    "SeeOurHwaGuide": "Veja o nosso {0}Guia de Acelera\u00e7\u00e3o Gr\u00e1fica por Hardware{1}",
    "HeaderEmbyServerReleaseNotes": "Notas de Lan\u00e7amento do Servidor Emby",
    "AllowSubtitleDownloading": "Permitir download de legendas",
    "AllowSubtitleManagement": "Permitir eliminar as legendas existentes",
    "NewUserNameHelp": "Este \u00e9 o exemplo com o utilizador ir\u00e1 aparecer no seu servidor.",
    "ChapterMarkers": "Marcador de Cap\u00edtulos",
    "LabelThumbnailImagesInterval": "Intervalo de minaturas:",
    "ThumbnailImagesIntervalHelp": "Miniaturas mais frequentes ir\u00e3o resultar numa melhor experi\u00eancia mas ir\u00e1 requerer mais espa\u00e7o em disco e tempo para criar as imagens.",
    "LabelAuthProvider": "Provedor de autentica\u00e7\u00e3o:",
    "AuthProviderHelp": "Os Administradores usam sempre o provedor Emby padr\u00e3o para garantir que nunca s\u00e3o bloqueados.",
    "HeaderNewUser": "Novo Utilizador",
    "EditServerDisplayName": "Mudar nome do servidor",
    "LabelPinCode": "C\u00f3digo PIN:",
    "ShowAdvancedSettings": "Mostrar defini\u00e7\u00f5es avan\u00e7adas",
    "ChangingMetadataImageSettingsNewContent": "Altera\u00e7\u00f5es \u00e0 metadata ou download de informa\u00e7\u00f5es apenas estar\u00e1 dispon\u00edvel quando o novo conte\u00fado for adicionado \u00e0 sua biblioteca. Para atualizar as regras ao conte\u00fado existente, precisa  de fazer atualiza\u00e7\u00e3o manual.",
    "AllowRemoteAccess": "Permitir conex\u00f5es remotas a este servidor Emby.",
    "AllowRemoteAccessHelp": "Se estiver desseleccionado, todas as conex\u00f5es remotas ser\u00e3o bloqueadas.",
    "Alerts": "Alertas",
    "LabelTrackTitleDisplay": "Embutir informa\u00e7\u00e3o de pista:",
    "GenerateUserFriendlyTrackTitles": "Gerar t\u00edtulos usando informa\u00e7\u00e3o da pista",
    "PreferOriginalTrackTitles": "Preferir t\u00edtulos embebidos",
    "TrackTitleDisplayHelp": "Escolher o t\u00edtulo de audio embutido e legendas. Preferir embutidas nao \u00e9 recomend\u00e1vel a menos que defina manualmente a informa\u00e7\u00e3o embebida.",
    "EnableTranscodingThrottle": "Ativar Throttling",
    "EnableTranscodingThrottleHelp": "Emby ir\u00e1 ajustar automaticamente a velocidade de transcoding para reduzir utiliza\u00e7\u00e3o de CPU.",
    "LabelTypeMetadataDownloaders": "{0} Downloaders metadata:",
    "HeaderTypeImageFetchers": "{0} Image Fetchers",
    "HeaderImageOptions": "Op\u00e7\u00f5es de imagem",
    "OptionBeta": "Beta",
    "HeaderTaskTriggers": "Disparadores de Tarefa",
    "HeaderPaths": "Localiza\u00e7\u00f5es",
    "CategorySync": "Sincroniza\u00e7\u00e3o",
    "RegisterWithPayPal": "Registar com PayPal",
    "LabelSyncTempPath": "Caminho do ficheiro tempor\u00e1rio:",
    "LabelSyncTempPathHelp": "Especifique uma pasta de trabalho para a sincroniza\u00e7\u00e3o personalizada. Multim\u00e9dia convertida, criada durante o processo de sincroniza\u00e7\u00e3o, ser\u00e1 aqui armazenada.",
    "LabelCustomCertificatePath": "Localiza\u00e7\u00e3o do certificado SSL personalizado:",
    "LabelCustomCertificatePathHelp": "O caminho para um arquivo PKCS #12 que cont\u00e9m um certificado e uma chave privada para ativar o suporte a TLS num dom\u00ednio personalizado.",
    "HeaderSetupLibrary": "Configurar as suas bibliotecas multim\u00e9dia",
    "LabelTimeLimitHours": "Limite de tempo (horas):",
    "HeaderPreferredMetadataLanguage": "Idioma Preferencial dos Metadados",
    "LabelSaveLocalMetadata": "Guardar imagens nas pastas multim\u00e9dia",
    "LabelSaveLocalMetadataHelp": "Guardar imagens diretamente nas pastas multim\u00e9dia vai coloc\u00e1-los num local onde podem ser editados facilmente.",
    "TabPassword": "Senha",
    "TabLibraryAccess": "Aceder \u00e0 Biblioteca",
    "TabAccess": "Acesso",
    "TabImage": "Imagem",
    "TabProfile": "Perfil",
    "TabMetadata": "Metadados",
    "TabImages": "Imagens",
    "HeaderDeviceAccess": "Acesso ao Dispositivo",
    "OptionEnableAccessFromAllDevices": "Ativar acesso de todos os dispositivos",
    "OptionEnableAccessToAllChannels": "Permitir acesso a todos os canais",
    "OptionEnableAccessToAllLibraries": "Permitir acesso a todas as bibliotecas",
    "DeviceAccessHelp": "Isto apenas se aplica para dispositivos que podem ser identificados como \u00fanicos e n\u00e3o evitar\u00e3o o acesso do navegador. Filtrar o acesso ao dispositivo do utilizador evita que sejam usados novos dispositivos at\u00e9 que sejam aprovados aqui.",
    "LabelDisplayMissingEpisodesWithinSeasons": "Mostrar epis\u00f3dios em falta dentro das temporadas",
    "LabelDisplayMissingEpisodesWithinSeasonsHelp": "Isto tamb\u00e9m tem de estar activo na biblioteca de TV do Servidor Emby.",
    "LabelUnairedMissingEpisodesWithinSeasons": "Mostrar epis\u00f3dios por estrear dentro das temporadas",
    "ImportMissingEpisodesHelp": "Se ativo, a informa\u00e7\u00e3o acerca dos epis\u00f3dios em falta, ser\u00e3o importados para a sua base de dados do Emby e exibida dentro das temporadas e s\u00e9ries. Isto pode aumentar significativamente a dura\u00e7\u00e3o da an\u00e1lise da biblioteca.",
    "MessageEnablingOptionLongerScans": "Ativar esta op\u00e7\u00e3o pode aumentar significativamente a dura\u00e7\u00e3o da an\u00e1lise da biblioteca.",
    "TabSecurity": "Seguran\u00e7a",
    "ButtonSave": "Guardar",
    "LabelUrl": "URL:",
    "HeaderCreatePassword": "Criar Senha",
    "LabelMaxParentalRating": "Controlo Parental m\u00e1ximo permitido:",
    "MaxParentalRatingHelp": "Conte\u00fado com classifica\u00e7\u00e3o mais elevada ser\u00e1 escondida deste utilizador.",
    "LibraryAccessHelp": "Escolha as pastas multim\u00e9dia a partilhar com este utilizador. Os Administradores poder\u00e3o editar todas as pastas, usando o Gestor de Metadados.",
    "ChannelAccessHelp": "Selecione os canais a compartilhar com este utilizador. Administradores poder\u00e3o editar todos os canais usando o gestor de metadados.",
    "ButtonDeleteImage": "Apagar imagem",
    "LabelSelectUsers": "Selecionar utilizadores:",
    "HeaderUploadNewImage": "Carregar Nova Imagem",
    "ImageUploadAspectRatioHelp": "1:1 R\u00e1cio de aspecto recomendado. JPG\/ PNG apenas.",
    "MessagePleaseEnsureInternetMetadata": "Certifique-se que a transfer\u00eancia de metadados da internet est\u00e1 activa.",
    "AlreadyPaidHelp1": "If you already paid to install an older version of Media Browser for Android, you don't need to pay again in order to activate this app. Click OK to send us an email at {0} and we'll get it activated for you.",
    "AlreadyPaidHelp2": "Tem o Emby Premiere? cancele esta caixa de di\u00e1logo, configure o Emby Premiere no painel principal do seu servidor Emby em Ajuda -> Emby Premiere e ser\u00e1 desbloqueado autom\u00e1ticamente.",
    "TabSuggestions": "Sugest\u00f5es",
    "TabLatest": "Mais recente",
    "TabUpcoming": "Pr\u00f3ximos",
    "TabShows": "S\u00e9ries",
    "TabEpisodes": "Epis\u00f3dios",
    "TabGenres": "G\u00e9neros",
    "TabNetworks": "Redes",
    "HeaderUsers": "Utilizadores",
    "TabMyPlugins": "As minhas extens\u00f5es",
    "TabCatalog": "Cat\u00e1logo",
    "TitlePlugins": "Extens\u00f5es",
    "HeaderAutomaticUpdates": "Atualiza\u00e7\u00f5es autom\u00e1ticas",
    "HeaderLatestAlbums": "\u00daltimos \u00c1lbuns",
    "HeaderLatestSongs": "\u00daltimas m\u00fasicas",
    "LabelVideoType": "Tipo de V\u00eddeo:",
    "OptionBluray": "Bluray",
    "OptionDvd": "DVD",
    "OptionIso": "Iso",
    "Option3D": "3D",
    "Standard": "Padr\u00e3o",
    "LabelLastResult": "\u00daltimo resultado:",
    "OptionHasSpecialFeatures": "Extras",
    "OptionImdbRating": "Classifica\u00e7\u00e3o no IMDb",
    "OptionParentalRating": "Classifica\u00e7\u00e3o Parental",
    "OptionPremiereDate": "Data de Estreia",
    "TabBasic": "B\u00e1sico",
    "TabAdvanced": "Avan\u00e7ado",
    "TabGeneral": "Geral",
    "TitleSupport": "Suporte",
    "TabAbout": "Acerca",
    "TabSupporterKey": "Chave do Emby Premiere",
    "TabBecomeSupporter": "Obter o Emby Premiere",
    "TabEmbyPremiere": "Emby Premiere",
    "OptionHideUserLocal": "Hide this user from login screens on the local network",
    "OptionHideUserRemote": "Hide this user from login screens when connected remotely",
    "OptionHideUserFromLoginHelp": "\u00datil para contas de administrador privadas ou ocultas. O utilizador necessita de entrar manualmente, introduzindo o seu nome de utilizador e senha.",
    "OptionDisableUser": "Desativar este utilizador",
    "OptionDisableUserHelp": "Se desativado, o servidor n\u00e3o permite nenhuma conex\u00e3o deste utilizador. Conex\u00f5es existentes ser\u00e3o terminadas.",
    "ButtonHelp": "Ajuda",
    "OptionAllowUserToManageServer": "Permitir a este utilizador gerir o servidor",
    "HeaderFeatureAccess": "Acesso a Caracter\u00edsticas",
    "OptionAllowMediaPlayback": "Permitir reprodu\u00e7\u00e3o de m\u00e9dia",
    "OptionAllowBrowsingLiveTv": "Permitir acesso a TV ao Vivo",
    "AllLibraries": "Todas as bibliotecas",
    "HeaderAllowMediaDeletionFrom": "Permitir remover multim\u00e9dia a partir de",
    "AllowDeletionFromAll": "Permitir remover multim\u00e9dia de todas as bibliotecas",
    "OptionAllowManageLiveTv": "Permitir gerir grava\u00e7\u00f5es de TV ao Vivo",
    "OptionAllowRemoteControlOthers": "Permitir controlo remoto de outros utilizadores",
    "OptionAllowRemoteSharedDevices": "Permitir controlo remoto de dispositivos compartilhados",
    "OptionAllowRemoteSharedDevicesHelp": "Dispositivos DLNA s\u00e3o considerados compartilhados at\u00e9 que um utilizador comece a control\u00e1-lo.",
    "OptionAllowLinkSharing": "Permitir partilha nas redes sociais",
    "OptionAllowLinkSharingHelp": "Only web pages containing media information are shared. Media files are never shared publicly. Shares are time-limited and will expire after {0} days.",
    "OptionMissingTmdbId": "Id Tmdb em falta",
    "OptionIsHD": "HD",
    "OptionIsSD": "SD",
    "ButtonSelect": "Selecionar",
    "HeaderCredits": "Cr\u00e9ditos",
    "PleaseSupportOtherProduces": "Por favor suporte outros produtos gratuitos que utilizamos:",
    "VersionNumber": "Vers\u00e3o {0}",
    "TabPaths": "Localiza\u00e7\u00f5es",
    "TabServer": "Servidor",
    "OptionRelease": "Lan\u00e7amento Oficial",
    "LabelAllowServerAutoRestart": "Permitir ao servidor reiniciar automaticamente para aplicar as atualiza\u00e7\u00f5es",
    "LabelAllowServerAutoRestartHelp": "O servidor ir\u00e1 reiniciar apenas durante per\u00edodos em que n\u00e3o esteja a ser usado, quando nenhum utilizador estiver ativo.",
    "LabelRunServerAtStartup": "Iniciar o servidor no arranque",
    "LabelRunServerAtStartupHelp": "Isto ir\u00e1 iniciar o \u00edcone do Emby na barra de tarefas quando o Windows inicia. Se configurou um servi\u00e7o do Windows, deixe a caixa desmarcada e configure o servi\u00e7o para correr no arranque.",
    "ButtonSelectDirectory": "Selecione a diretoria",
    "LabelCachePath": "Localiza\u00e7\u00e3o da cache:",
    "DefaultMetadataLangaugeDescription": "These are your defaults and can be customized on a per-library basis.",
    "LabelCachePathHelp": "Defina uma localiza\u00e7\u00e3o para os arquivos de cache como, por exemplo, imagens. Por favor, deixe em branco para usar o padr\u00e3o do servidor.",
    "LabelRecordingPath": "Localiza\u00e7\u00e3o predefinida das grava\u00e7\u00f5es:",
    "LabelMovieRecordingPath": "Caminho de grava\u00e7\u00e3o de filmes (opcional);",
    "LabelSeriesRecordingPath": "Caminho de grava\u00e7\u00e3o de s\u00e9ries (opcional);",
    "LabelRecordingPathHelp": "Especificar a localiza\u00e7\u00e3o padr\u00e3o para guardar as grava\u00e7\u00f5es. Se deixar em branco, a pasta de dados do programa no servidor ser\u00e1 usada.",
    "LabelMetadataPath": "Localiza\u00e7\u00e3o dos metadados:",
    "LabelMetadataPathHelp": "Define um local para artwork e metadados baixados da internet.",
    "LabelTranscodingTempPath": "Localiza\u00e7\u00e3o tempor\u00e1ria das transcodifica\u00e7\u00f5es:",
    "LabelTranscodingTempPathHelp": "Esta pasta cont\u00e9m arquivos ativos usados pelo transcodificador. Especifique um local personalizado ou deixe em branco para usar o padr\u00e3o dentro da pasta de dados do servidor.",
    "TabBasics": "B\u00e1sico",
    "TabTV": "TV",
    "TabGames": "Jogos",
    "TabMusic": "M\u00fasica",
    "TabOthers": "Outros",
    "OptionMovies": "Filmes",
    "OptionEpisodes": "Epis\u00f3dios",
    "OptionOtherVideos": "Outros V\u00eddeos",
    "ExtractThumbnailImagesHelp": "Creating thumbnail images will allow Emby apps to display graphical scene selection menus. The process can be slow, cpu-intensive and may require several gigabytes of space. It runs when videos are discovered, and also as a nightly scheduled task. The schedule is configurable in the scheduled tasks area. It is not recommended to run this task during peak usage hours.",
    "TabGuide": "Guia",
    "TabChannels": "Canais",
    "TabCollections": "Cole\u00e7\u00f5es",
    "HeaderChannels": "Canais",
    "TabRecordings": "Grava\u00e7\u00f5es",
    "TabSeries": "S\u00e9ries",
    "TabFavorites": "Favoritos",
    "TabMyLibrary": "A minha Biblioteca",
    "TabSettings": "Configura\u00e7\u00f5es",
    "ButtonRefreshGuideData": "Atualizar Dados do Guia",
    "ButtonRefresh": "Atualizar",
    "OptionPriority": "Prioridade",
    "OptionRecordOnAllChannels": "Gravar em todos os canais",
    "OptionRecordAnytime": "Gravar a qualquer hora",
    "OptionRecordOnlyNewEpisodes": "Gravar apenas novos epis\u00f3dios",
    "HeaderDays": "Dias",
    "ButtonEdit": "Editar",
    "ButtonRecord": "Gravar",
    "ButtonDelete": "Remover",
    "ButtonRemove": "Remover",
    "OptionRecordSeries": "Gravar S\u00e9rie",
    "HeaderDetails": "Detalhes",
    "TitleLiveTV": "TV ao Vivo",
    "LabelNumberOfGuideDays": "N\u00famero de dias de informa\u00e7\u00e3o do guia para transferir:",
    "LabelNumberOfGuideDaysHelp": "Transferir mais dias de informa\u00e7\u00e3o do guia permite agendar com maior anteced\u00eancia e ver mais listagens, no entanto ir\u00e1 levar mais tempo a transferir. Se optar que seja Autom\u00e1tico, ser\u00e1 escolhido baseado no n\u00famero de canais.",
    "OptionAutomatic": "Autom\u00e1tico",
    "HeaderServices": "Servi\u00e7os",
    "LabelCustomizeOptionsPerMediaType": "Personalizar para o tipo de conte\u00fado:",
    "OptionDownloadThumbImage": "Miniatura",
    "OptionDownloadMenuImage": "Menu",
    "OptionDownloadLogoImage": "Logo",
    "OptionDownloadBoxImage": "Caixa",
    "OptionDownloadDiscImage": "Disco",
    "OptionDownloadBannerImage": "Banner",
    "OptionDownloadBackImage": "Traseira",
    "OptionDownloadArtImage": "Arte",
    "OptionDownloadPrimaryImage": "Principal",
    "HeaderFetchImages": "Buscar Imagens:",
    "TabOther": "Outro",
    "LabelMaxBackdropsPerItem": "N\u00famero m\u00e1ximo de imagens de fundo por item:",
    "LabelMaxScreenshotsPerItem": "N\u00famero m\u00e1ximo de imagens de ecr\u00e3 por item:",
    "LabelMinBackdropDownloadWidth": "Transferir Imagens de fundo com o tamanho m\u00ednimo:",
    "LabelMinScreenshotDownloadWidth": "Transferir imagens de ecr\u00e3 com o tamanho m\u00ednimo:",
    "ButtonAddScheduledTaskTrigger": "Adicionar Disparador",
    "HeaderAddScheduledTaskTrigger": "Adicionar Disparador",
    "ButtonAdd": "Adicionar",
    "LabelTriggerType": "Tipo do Acionador:",
    "OptionDaily": "Diariamente",
    "OptionWeekly": "Semanalmente",
    "OptionOnInterval": "Num intervalo",
    "OptionOnAppStartup": "Ao iniciar a aplica\u00e7\u00e3o",
    "OptionAfterSystemEvent": "Depois de um evento do sistema",
    "LabelDay": "Dia:",
    "LabelTime": "Tempo:",
    "LabelEvent": "Evento:",
    "OptionWakeFromSleep": "Retomar da suspens\u00e3o",
    "LabelEveryXMinutes": "Todos",
    "HeaderTvTuners": "Sintonizadores",
    "TabFolders": "Pastas",
    "LabelSpecialSeasonsDisplayName": "Special season display name:",
    "LabelEnableRealtimeMonitor": "Ativar monitoriza\u00e7\u00e3o em tempo real",
    "LabelEnableRealtimeMonitorHelp": "As altera\u00e7\u00f5es nos ficheiros ir\u00e3o ser processadas imediatamente em sistemas de ficheiros suportados.",
    "HeaderMediaFolders": "Pastas Multim\u00e9dia",
    "HeaderThemeVideos": "V\u00eddeos Tem\u00e1ticos",
    "HeaderThemeSongs": "M\u00fasicas Tem\u00e1ticas",
    "HeaderSpecialFeatures": "Extras",
    "HeaderAdditionalParts": "Partes Adicionais",
    "ButtonSplitVersionsApart": "Separar Vers\u00f5es",
    "ButtonPlayTrailer": "Trailer",
    "LabelMissing": "Em falta",
    "OptionSpecialEpisode": "Especiais",
    "OptionMissingEpisode": "Epis\u00f3dios em Falta",
    "OptionUnairedEpisode": "Epis\u00f3dios por Estrear",
    "OptionEpisodeSortName": "Nome de Ordena\u00e7\u00e3o do Epis\u00f3dio",
    "OptionTvdbRating": "Classifica\u00e7\u00e3o no Tvdb",
    "HeaderAddTitles": "Adicional T\u00edtulos",
    "TabHome": "In\u00edcio",
    "HeaderLinks": "Hiperliga\u00e7\u00f5es",
    "LinkCommunity": "Comunidade",
    "LinkGithub": "Github",
    "LinkApi": "Api",
    "LabelFriendlyServerName": "Nome amig\u00e1vel do servidor:",
    "LabelFriendlyServerNameHelp": "Ser\u00e1 usado este nome para identificar o servidor. Se n\u00e3o for preenchido, ser\u00e1 usado o nome do computador.",
    "LabelPreferredDisplayLanguage": "Idioma de visualiza\u00e7\u00e3o preferencial:",
    "LabelPreferredDisplayLanguageHelp": "A tradu\u00e7\u00e3o do Emby \u00e9 um projeto cont\u00ednuo.",
    "LabelReadHowYouCanContribute": "Aprenda como pode contribuir.",
    "ButtonSubmit": "Enviar",
    "ButtonCreate": "Criar",
    "LabelCustomCss": "CSS personalizado:",
    "LabelCustomCssHelp": "Adiciona o teu css personalizado \u00e0 interface web.",
    "LabelLocalHttpServerPortNumber": "N\u00famero da porta http local:",
    "LabelLocalHttpServerPortNumberHelp": "O n\u00famero da porta tcp que o servidor http do Emby deveria se conectar.",
    "LabelPublicHttpPort": "N\u00famero da porta p\u00fablica de http:",
    "LabelPublicHttpPortHelp": "O n\u00famero da porta p\u00fablica que dever\u00e1 ser mapeada para a porta local de http.",
    "LabelPublicHttpsPort": "N\u00famero da porta p\u00fablica de https:",
    "LabelPublicHttpsPortHelp": "O n\u00famero da porta p\u00fablica que dever\u00e1 ser mapeada para a porta local de https.",
    "RequireHttps": "Liga\u00e7\u00e3o https obrigat\u00f3ria para conex\u00f5es externas",
    "RequireHttpsHelp": "Se selecionado, as conex\u00f5es por http ser\u00e3o redirecionadas para https.",
    "LabelHttpsPort": "N\u00famero da porta https local:",
    "LabelHttpsPortHelp": "O n\u00famero da porta tcp que o servidor https do Emby deveria se conectar.",
    "LabelEnableAutomaticPortMap": "Ativar mapeamento autom\u00e1tico de portas",
    "LabelEnableAutomaticPortMapHelp": "Tentativa de mapear automaticamente a porta p\u00fablica para a porta local atrav\u00e9s de UPnP. Isto poder\u00e1 n\u00e3o funcionar em alguns modelos de roteadores.",
    "LabelExternalDDNS": "Dom\u00ednio externo:",
    "LabelExternalDDNSHelp": "Se tem um servidor DNS din\u00e2mico insira-o aqui. As aplica\u00e7\u00f5es do Emby ir\u00e3o us\u00e1-lo ao conectar remotamente. Este campo \u00e9 obrigat\u00f3rio quando usado com um certificado SSL personalizado. Exemplo: omeudominio.com",
    "LabelMinResumePercentage": "Percentagem m\u00ednima para retomar:",
    "LabelMaxResumePercentage": "Percentagem m\u00e1xima para retomar:",
    "LabelMinResumeDuration": "Dura\u00e7\u00e3o m\u00ednima da retoma (segundos):",
    "LabelMinResumePercentageHelp": "Os t\u00edtulos s\u00e3o considerados n\u00e3o assistidos se parados antes deste tempo",
    "LabelMaxResumePercentageHelp": "Os t\u00edtulos s\u00e3o considerados totalmente assistidos se parados depois deste tempo",
    "LabelMinResumeDurationHelp": "T\u00edtulos mais curtos que isto n\u00e3o ser\u00e3o retom\u00e1veis",
    "HeaderName": "Nome",
    "HeaderDate": "Data",
    "HeaderSource": "Origem",
    "HeaderStatus": "Estado",
    "HeaderDestination": "Destino",
    "Subscriptions": "Subscri\u00e7\u00f5es",
    "HeaderProgram": "Programa",
    "HeaderClients": "Clientes",
    "LabelCompleted": "Terminado",
    "LabelFailed": "Falhou",
    "LabelSkipped": "Ignorado",
    "LabelSeries": "S\u00e9rie:",
    "LabelEndingEpisodeNumber": "N\u00famero do epis\u00f3dio final:",
    "LabelEndingEpisodeNumberHelp": "Necess\u00e1rio s\u00f3 para arquivos multi-epis\u00f3dios",
    "HeaderSupportTheTeam": "Suporte a Equipa do Emby",
    "HeaderSupportTheTeamHelp": "Ajude a assegurar o desenvolvimento cont\u00ednuo deste projeto comprando o Emby Premiere. Uma parte de todas as receitas ser\u00e1 distribu\u00edda para outras ferramentas gr\u00e1tis das quais dependemos.",
    "DonationNextStep": "Uma vez completada, por favor retorne e digite a sua chave do Emby Premiere, que receber\u00e1 por email.",
    "LabelSeasonFolderPattern": "Padr\u00e3o da pasta da temporada:",
    "LabelSeasonZeroFolderName": "Nome da pasta da temporada zero:",
    "HeaderResult": "Resultado",
    "LabelTransferMethod": "M\u00e9todo da transfer\u00eancia",
    "HeaderLatestNews": "\u00daltimas Not\u00edcias",
    "HeaderRunningTasks": "Tarefas em Execu\u00e7\u00e3o",
    "HeaderActiveDevices": "Dispositivos Ativos",
    "HeaderPendingInstallations": "Instala\u00e7\u00f5es Pendentes",
    "ButtonRestartNow": "Reiniciar Agora",
    "ButtonShutdown": "Encerrar",
    "ButtonUpdateNow": "Atualizar Agora",
    "TabHosting": "Hospedagem",
    "PleaseUpdateManually": "Por favor desligue o Emby Server e instale a vers\u00e3o mais recente.",
    "NewServerVersionAvailable": "Uma nova vers\u00e3o do Servidor Emby est\u00e1 dispon\u00edvel!",
    "ServerUpToDate": "O Servidor Emby est\u00e1 atualizado",
    "LabelComponentsUpdated": "Os componentes seguintes foram instalados ou atualizados:",
    "MessagePleaseRestartServerToFinishUpdating": "Por favor reinicie o servidor para terminar a aplica\u00e7\u00e3o das atualiza\u00e7\u00f5es.",
    "LabelDownMixAudioScale": "Escala do aumento de \u00e1udio ao fazer downmix:",
    "LabelDownMixAudioScaleHelp": "Aumentar o \u00e1udio ao fazer downmix. Defina como 1 para preservar o volume original.",
    "LabelCurrentEmailAddress": "Endere\u00e7o de email atual",
    "LabelCurrentEmailAddressHelp": "O endere\u00e7o de email atual para o qual a sua nova chave foi enviada.",
    "HeaderForgotKey": "Esqueci a Chave",
    "LabelSupporterEmailAddress": "O endere\u00e7o de email que foi usado para comprar a chave.",
    "ButtonRetrieveKey": "Recuperar Chave",
    "LabelSupporterKey": "Chave do Emby Premiere (cole do email)",
    "LabelSupporterKeyHelp": "Digite a sua chave do Emby Premiere para come\u00e7ar a aproveitar os benef\u00edcios adicionais que a comunidade desenvolveu para o Emby.",
    "MessageInvalidKey": "A chave do Emby Premiere est\u00e1 faltando ou \u00e9 inv\u00e1lida.",
    "ErrorMessageInvalidKey": "Para que qualquer conte\u00fado premium seja registrado, voc\u00ea precisa ter uma subscri\u00e7\u00e3o ativa do Emby Premiere.",
    "HeaderRequireManualLogin": "Necessita a inser\u00e7\u00e3o manual de um nome de utilizador para:",
    "HeaderRequireManualLoginHelp": "Quando desativado, as aplica\u00e7\u00f5es do Emby podem apresentar uma tela de login com uma sele\u00e7\u00e3o visual de utilizadores.",
    "OptionOtherApps": "Outras apps",
    "OptionMobileApps": "Apps m\u00f3veis",
    "LabelNotificationEnabled": "Ativar esta notifica\u00e7\u00e3o",
    "LabelMonitorUsers": "Monitorizar atividade de:",
    "LabelSendNotificationToUsers": "Enviar notifica\u00e7\u00e3o para:",
    "LabelUseNotificationServices": "Usar os seguintes servi\u00e7os:",
    "CategoryUser": "Utilizador",
    "CategorySystem": "Sistema",
    "CategoryApplication": "Aplica\u00e7\u00e3o",
    "CategoryPlugin": "Extens\u00e3o",
    "LabelAvailableTokens": "Tokens dispon\u00edveis:",
    "AdditionalNotificationServices": "Explore o cat\u00e1logo de extens\u00f5es para instalar servi\u00e7os adicionais de notifica\u00e7\u00e3o.",
    "OptionAllUsers": "Todos os utilizadores",
    "OptionAdminUsers": "Administradores",
    "OptionCustomUsers": "Personalizado",
    "ButtonArrowUp": "Cima",
    "ButtonArrowDown": "Baixo",
    "ButtonArrowLeft": "Esquerda",
    "ButtonArrowRight": "Direita",
    "ButtonBack": "Voltar",
    "ButtonInfo": "Informa\u00e7\u00e3o",
    "ButtonHome": "In\u00edcio",
    "ButtonSearch": "Procurar",
    "ButtonSettings": "Ajustes",
    "Audio": "\u00c1udio",
    "PlayOnAnotherDevice": "Reproduzir noutro dispositivo",
    "LetterButtonAbbreviation": "A",
    "TabControls": "Controlos",
    "ButtonSubtitles": "Legendas",
    "ButtonPreviousTrack": "Faixa anterior",
    "ButtonNextTrack": "Faixa seguinte",
    "ButtonStop": "Parar",
    "ButtonPause": "Pausar",
    "ButtonNext": "Pr\u00f3xima",
    "ButtonPrevious": "Anterior",
    "LabelGroupMoviesIntoCollections": "Agrupar filmes nas cole\u00e7\u00f5es",
    "LabelGroupMoviesIntoCollectionsHelp": "Ao exibir listas de filmes, filmes que perten\u00e7am a uma cole\u00e7\u00e3o ser\u00e3o exibidos como um \u00fanico item agrupado.",
    "HeaderCollections": "Cole\u00e7\u00f5es",
    "LabelMaxBitrate": "Taxa de bits m\u00e1xima:",
    "LabelMaxBitrateHelp": "Especifique uma taxa de bits m\u00e1xima para ambientes com restri\u00e7\u00e3o de tamanho de banda, ou se o dispositivo  imp\u00f5e esse limite.",
    "LabelMusicStaticBitrate": "Taxa de sincroniza\u00e7\u00e3o das m\u00fasicas:",
    "LabelMusicStaticBitrateHelp": "Defina a taxa m\u00e1xima ao sincronizar m\u00fasicas",
    "LabelDeviceDescription": "Descri\u00e7\u00e3o do dispositivo",
    "HeaderDownloadSubtitlesFor": "Transferir legendas para:",
    "LabelSkipIfGraphicalSubsPresent": "Ignorar se o v\u00eddeo j\u00e1 possuir legendas embutidas",
    "LabelSkipIfGraphicalSubsPresentHelp": "Manter vers\u00f5es das legendas em texto resultar\u00e1 em uma entrega mais eficiente e diminuir\u00e1 a necessidade de transcodifica\u00e7\u00e3o do v\u00eddeo.",
    "TabSubtitles": "Legendas",
    "LabelDownloadLanguages": "Idiomas para download:",
    "LabelSkipIfAudioTrackPresent": "Ignorar se a faixa de \u00e1udio padr\u00e3o coincidir com o idioma de download",
    "LabelSkipIfAudioTrackPresentHelp": "Desmarque esta op\u00e7\u00e3o para garantir que todos os v\u00eddeos t\u00eam legendas, independentemente do idioma do \u00e1udio.",
    "SendMessage": "Enviar mensagem",
    "HeaderSendMessage": "Enviar mensagem",
    "ButtonSend": "Enviar",
    "ViewPlaybackInfo": "Ver informa\u00e7\u00e3o de reprodu\u00e7\u00e3o",
    "LabelMessageText": "Texto da mensagem:",
    "LabelMessageTitle": "Titulo da mensagem:",
    "MessageNoAvailablePlugins": "Sem extens\u00f5es dispon\u00edveis.",
    "LabelDisplayPluginsFor": "Mostrar extens\u00f5es para:",
    "PluginTabAppClassic": "Emby para Windows Media Center",
    "HeaderTypeText": "Inserir texto",
    "LabelTypeText": "Texto",
    "TabDisplay": "Exibi\u00e7\u00e3o",
    "TabLanguages": "Idiomas",
    "TabAppSettings": "Configura\u00e7\u00f5es do App",
    "HeaderHomePage": "P\u00e1gina Inicial",
    "OptionAuto": "Auto",
    "OptionYes": "Sim",
    "OptionNo": "N\u00e3o",
    "HeaderOptions": "Op\u00e7\u00f5es",
    "OptionResumablemedia": "Retomar",
    "OptionLatestMedia": "Multim\u00e9dia recente",
    "OptionLatestChannelMedia": "Itens recentes de canal",
    "OptionNone": "Nenhum",
    "HeaderLiveTv": "TV ao Vivo",
    "HeaderSettings": "Ajustes",
    "OptionDefaultSort": "Padr\u00e3o",
    "TabNextUp": "Pr\u00f3ximos",
    "MessageNoMovieSuggestionsAvailable": "N\u00e3o existem sugest\u00f5es de filmes dispon\u00edveis atualmente. Comece por assistir e avaliar seus filmes e, ent\u00e3o, volte para verificar suas recomenda\u00e7\u00f5es.",
    "MessageNoCollectionsAvailable": "Cole\u00e7\u00f5es permitem que voc\u00ea aproveite grupos personalizados de Filmes, S\u00e9ries, \u00c1lbuns, Livros e Jogos. Clique no bot\u00e3o + para come\u00e7ar a criar Cole\u00e7\u00f5es.",
    "MessageNoPlaylistsAvailable": "Listas de reprodu\u00e7\u00e3o permitem criar listas com conte\u00fado para reproduzir consecutivamente, de uma s\u00f3 vez. Para adicionar itens \u00e0s listas de reprodu\u00e7\u00e3o, clique com o bot\u00e3o direito ou toque a tela por alguns segundos, depois selecione Adicionar \u00e0 Lista de Reprodu\u00e7\u00e3o.",
    "MessageNoPlaylistItemsAvailable": "Esta lista de reprodu\u00e7\u00e3o est\u00e1 vazia.",
    "ButtonEditOtherUserPreferences": "Editar este perfil de utilizador, imagem e prefer\u00eancias pessoais.",
    "LabelChannelStreamQuality": "Qualidade preferida do canal da internet:",
    "LabelChannelStreamQualityHelp": "Em um ambiente com banda larga de pouca velocidade, limitar a qualidade pode ajudar a assegurar um streaming mais flu\u00eddo.",
    "OptionBestAvailableStreamQuality": "Melhor dispon\u00edvel",
    "ViewTypeMovies": "Filmes",
    "ViewTypeTvShows": "TV",
    "ViewTypeGames": "Jogos",
    "ViewTypeMusic": "M\u00fasicas",
    "HeaderOtherDisplaySettings": "Ajustes de Exibi\u00e7\u00e3o",
    "ViewTypeMusicSongs": "M\u00fasicas",
    "ViewTypeMusicFavorites": "Favoritos",
    "ViewTypeMusicFavoriteAlbums": "\u00c1lbuns Favoritos",
    "ViewTypeMusicFavoriteArtists": "Artistas Favoritos",
    "ViewTypeMusicFavoriteSongs": "M\u00fasicas Favoritas",
    "HeaderMyViews": "Minhas Visualiza\u00e7\u00f5es",
    "OptionDisplayAdultContent": "Exibir conte\u00fado adulto",
    "OptionLibraryFolders": "Pastas multim\u00e9dia",
    "TitleRemoteControl": "Controle Remoto",
    "OptionDisplayChannelsInline": "Mostrar canais de TV como pastas multim\u00e9dia",
    "OptionDisplayChannelsInlineHelp": "If enabled, channels will be displayed directly alongside other media libraries. If disabled, they'll be displayed within a separate Channels folder.",
    "LabelDisplayCollectionsView": "Exibir uma visualiza\u00e7\u00e3o de cole\u00e7\u00f5es para mostrar colet\u00e2neas de filmes",
    "LabelDisplayCollectionsViewHelp": "This will create a separate view to display movie collections. To create a collection, right-click or tap-hold any movie and select 'Add to Collection'. ",
    "TabServices": "Servi\u00e7os",
    "TabLogs": "Logs",
    "TabBranding": "Marca",
    "HeaderBrandingHelp": "Personalize a apar\u00eancia do Emby para satisfazer as necessidades de seu grupo ou organiza\u00e7\u00e3o.",
    "LabelLoginDisclaimer": "Aviso legal no login:",
    "LabelLoginDisclaimerHelp": "Este aviso ser\u00e1 exibido na parte inferior da p\u00e1gina de login.",
    "OptionList": "Lista",
    "TabDashboard": "Painel Principal",
    "TitleServer": "Servidor",
    "LabelCache": "Cache:",
    "LabelLogs": "Logs:",
    "LabelMetadata": "Metadados:",
    "LabelTranscodingTemporaryFiles": "Ficheiros tempor\u00e1rios da transcodifica\u00e7\u00e3o:",
    "HeaderBranding": "Marca",
    "HeaderApiKeys": "Chaves da Api",
    "HeaderApiKeysHelp": "As aplica\u00e7\u00f5es externas precisam ter uma chave da Api para se comunicarem com o Servidor Emby. As chaves s\u00e3o emitidas ao entrar com uma conta Emby ou concedendo manualmente a chave \u00e0 aplica\u00e7\u00e3o.",
    "HeaderApiKey": "Chave da Api",
    "HeaderApp": "Aplica\u00e7\u00e3o",
    "HeaderDevice": "Dispositivo",
    "HeaderUser": "Utilizador",
    "HeaderDateIssued": "Data da Emiss\u00e3o",
    "HeaderHttpHeaders": "Cabe\u00e7alhos de Http",
    "TabView": "Visualizar",
    "TabFilter": "Filtro",
    "ButtonView": "Visualizar",
    "LabelView": "Visualizar:",
    "TabUsers": "Utilizadores",
    "HeaderFeatures": "Recursos",
    "HeaderAdvanced": "Avan\u00e7ado",
    "HeaderScheduledTasks": "Scheduled Tasks",
    "HeaderResumeSettings": "Ajustes para Retomar",
    "TitleUsers": "Utilizadores",
    "ButtonClose": "Fechar",
    "LabelAllLanguages": "Todos os idiomas",
    "OptionAll": "Todos",
    "LabelImage": "Imagem:",
    "HeaderImages": "Imagens",
    "HeaderBackdrops": "Imagens de Fundo",
    "LabelJpgPngOnly": "Apenas JPG\/PNG",
    "OptionSeason0": "Temporada 0",
    "HeaderFetcherSettings": "Fetcher Settings",
    "HeaderActivity": "Atividade",
    "PluginInstalledWithName": "{0} foi instalado",
    "PluginUpdatedWithName": "{0} foi atualizado",
    "PluginUninstalledWithName": "{0} foi desinstalado",
    "LabelIpAddressValue": "Endere\u00e7o Ip: {0}",
    "HeaderEmbyServer": "Servidor Emby",
    "MessageServerConfigurationUpdated": "A configura\u00e7\u00e3o do servidor foi atualizada",
    "MessageNamedServerConfigurationUpdatedWithValue": "A se\u00e7\u00e3o {0} da configura\u00e7\u00e3o do servidor foi atualizada",
    "MessageApplicationUpdated": "O Servidor Emby foi atualizado",
    "ProviderValue": "Provedor: {0}",
    "HeaderRecentActivity": "Atividade Recente",
    "HeaderPeople": "Pessoas",
    "OptionComposers": "Compositores",
    "OptionOthers": "Outros",
    "ViewTypeFolders": "Pastas",
    "OptionDisplayFolderView": "Display a folder view to show plain media folders",
    "OptionDisplayFolderViewHelp": "If enabled, Emby apps will display a Folders category alongside your media library. This is useful if you'd like to have plain folder views.",
    "ViewTypeLiveTvRecordingGroups": "Grava\u00e7\u00f5es",
    "ViewTypeLiveTvChannels": "Canais",
    "HeaderPassword": "Senha",
    "HeaderViewOrder": "Ordem da Visualiza\u00e7\u00e3o",
    "HeaderPersonInfo": "Informa\u00e7\u00e3o da Pessoa",
    "HeaderConfirmDeletion": "Confirmar Exclus\u00e3o",
    "LabelAlbumArtist": "Artista do \u00e1lbum:",
    "LabelAirDate": "Dias da exibi\u00e7\u00e3o:",
    "LabelAirTime:": "Hor\u00e1rio:",
    "LabelDisplaySpecialsWithinSeasons": "Exibir especiais dentro das temporadas em que s\u00e3o exibidos",
    "ButtonPurchase": "Comprar",
    "HeaderPhotoInfo": "Informa\u00e7\u00f5es da Foto",
    "HeaderInstall": "Instalar",
    "LabelSelectVersionToInstall": "Selecione a vers\u00e3o para instalar:",
    "LinkLearnMoreAboutSubscription": "Saiba mais sobre o Emby Premiere",
    "MessagePluginRequiresSubscription": "Este plugin requer uma subscri\u00e7\u00e3o ativa do Emby Premiere ap\u00f3s os 14 dias de teste gr\u00e1tis.",
    "MessagePremiumPluginRequiresMembership": "Este plugin requer uma subscri\u00e7\u00e3o ativa do Emby Premiere para comprar ap\u00f3s os 14 dias de teste gr\u00e1tis.",
    "HeaderDeveloperInfo": "Informa\u00e7\u00e3o do Programador",
    "HeaderRevisionHistory": "Hist\u00f3rico de Vers\u00f5es",
    "ButtonViewWebsite": "Ver website",
    "OptionSaveMetadataAsHidden": "Salvar metadados e imagens como arquivos ocultos",
    "LabelExtractThumbnailsDuringLibraryScan": "Create thumbnail images during the library scan",
    "LabelExtractThumbnailsDuringLibraryScanHelp": "If enabled, thumbnail images will be created when videos are imported during the library scan. If disabled they will be created during the thumbnail images scheduled task, allowing the regular library scan to complete faster.",
    "LabelConnectGuestUserName": "O seu nome de utilizador ou email do Emby Connect:",
    "LabelConnectUserName": "Nome de utilizador ou email do Emby Connect:",
    "LabelConnectUserNameHelp": "Conecte este utilizador local a uma conta online Emby Connect para ativar o acesso f\u00e1cil de qualquer app do Emby sem ter que saber o endere\u00e7o ip do servidor.",
    "ButtonLearnMoreAboutEmbyConnect": "Saiba mais sobre o Emby Connect",
    "LabelExternalPlayers": "Reprodutores externos:",
    "LabelNativeExternalPlayersHelp": "Reproduzir v\u00eddeos usando reprodutores externos.",
    "TabPlayback": "Reprodu\u00e7\u00e3o",
    "TitlePlayback": "Reprodu\u00e7\u00e3o",
    "LabelDateAddedBehavior": "Data de adi\u00e7\u00e3o de comportamento para o novo conte\u00fado:",
    "OptionDateAddedImportTime": "Usar a data obtida na biblioteca",
    "OptionDateAddedFileTime": "Usar a data de cria\u00e7\u00e3o do arquivo",
    "LabelDateAddedBehaviorHelp": "Se um valor de metadados estiver presente, ele sempre ser\u00e1 utilizado antes destas op\u00e7\u00f5es.",
    "TitleDevices": "Dispositivos",
    "TabCameraUpload": "Upload da C\u00e2mera",
    "TabDevices": "Dispositivos",
    "HeaderLibrarySettings": "Defini\u00e7\u00f5es da Biblioteca",
    "HeaderThumbnailImages": "Thumbnail Images",
    "HeaderSubtitleDownloads": "Download de Legendas",
    "HeaderCameraUploadHelp": "Aplica\u00e7\u00f5es do Emby podem automaticamente fazer upload de fotos tiradas a partir do seu smartphone para o servidor Emby.",
    "LabelCameraUploadPath": "Local para upload da c\u00e2mera:",
    "LabelCameraUploadPathHelp": "Select a custom upload path. This will override any default settings set in the Camera Upload section. If left blank, a default folder will be used. If using a custom path it will also need to be added as a library in Emby library setup.",
    "DefaultCameraUploadPathHelp": "Select a custom upload path. If left blank, a default folder will be used. If using a custom path it will also need to be added as a library in Emby library setup.",
    "LabelCreateCameraUploadSubfolder": "Criar uma subpasta para cada dispositivo",
    "LabelCreateCameraUploadSubfolderHelp": "Pastas espec\u00edficas podem ser atribu\u00eddas a um dispositivo, clicando-as na p\u00e1gina de Dispositivos.",
    "LabelCustomDeviceDisplayName": "Nome para exibi\u00e7\u00e3o:",
    "LabelCustomDeviceDisplayNameHelp": "Forne\u00e7a um nome para exibi\u00e7\u00e3o ou deixe em branco para usar o nome informado pelo dispositivo.",
    "HeaderInviteUser": "Convidar Utilizador",
    "LabelConnectGuestUserNameHelp": "Este \u00e9 o nome de utilizador que seu amigo usa para entrar no website do Emby, ou o seu endere\u00e7o de email.",
    "HeaderInviteUserHelp": "Compartilhar os seus ficheiros multim\u00e9dia com amigos nunca foi t\u00e3o f\u00e1cil com o Emby Connect.",
    "ButtonSendInvitation": "Enviar convite",
    "HeaderGuests": "Convidados",
    "HeaderPendingInvitations": "Convites pendentes",
    "TabParentalControl": "Controlo Parental",
    "HeaderAccessSchedule": "Agendamento de Acesso",
    "HeaderAccessScheduleHelp": "Criar um agendamento de acesso para limitar o acesso a certas horas.",
    "LabelAccessDay": "Dia da semana:",
    "LabelAccessStart": "Hora inicial:",
    "LabelAccessEnd": "Hora final:",
    "HeaderSchedule": "Agendamento",
    "OptionEveryday": "Todos os dias",
    "OptionWeekdays": "Dias da semana",
    "OptionWeekends": "Fins-de-semana",
    "HeaderOptionalLinkEmbyAccount": "Opcional: Associe sua conta Emby",
    "ButtonTrailer": "Trailer",
    "MessageNoTrailersFound": "Nenhum trailer encontrado. Instale o canal Trailer para melhorar sua experi\u00eancia com filmes, adicionando uma biblioteca de trailers da internet.",
    "HeaderNewUsers": "Novos Utilizadores",
    "TitleNewUser": "Novo Utilizador",
    "ButtonConfigurePassword": "Configurar Senha",
    "HeaderDashboardUserPassword": "As senhas do utilizador s\u00e3o geridas dentro das prefer\u00eancias do seu perfil pessoal.",
    "HeaderLibraryAccess": "Acesso \u00e0 Biblioteca",
    "HeaderChannelAccess": "Acesso ao Canal",
    "HeaderLatestItems": "\u00daltimos Itens",
    "LabelForgotPasswordUsernameHelp": "Digite o nome de seu utilizador, se lembrar.",
    "TitlePasswordReset": "Redefini\u00e7\u00e3o de Senha",
    "HeaderParentalRatings": "Classifica\u00e7\u00f5es Parentais",
    "HeaderVideoTypes": "Tipos de V\u00eddeo",
    "HeaderYears": "Anos",
    "HeaderBlockItemsWithNoRating": "Bloquear conte\u00fado sem informa\u00e7\u00e3o de classifica\u00e7\u00e3o et\u00e1ria ou com informa\u00e7\u00e3o desconhecida:",
    "LabelBlockContentWithTags": "Bloquear conte\u00fado com tags:",
    "LabelTagRestrictionMode": "Tag restriction mode:",
    "BlockItemsWithTheseTags": "Block items with these tags",
    "AllowItemsWithTheseTags": "Allow only items with these tags",
    "TabActivity": "Atividade",
    "OptionAllowSyncContent": "Permitir Sincroniza\u00e7\u00e3o",
    "OptionAllowContentDownloading": "Permitir download dos ficheiros multim\u00e9dia e sincroniza\u00e7\u00e3o",
    "LabelNewUserNameHelp": "Nomes de utilizadores podem conter letras (a-z), n\u00fameros (0-9), tra\u00e7os (-), sublinhados (_), ap\u00f3strofes (') e pontos (.)",
    "HeaderThisUserIsCurrentlyDisabled": "Este utilizador est\u00e1 desativado atualmente",
    "OptionEnableTranscodingThrottle": "Ativar controlador de fluxo",
    "OptionEnableTranscodingThrottleHelp": "O controlador de fluxo ajustar\u00e1 automaticamente a velocidade de transcodifica\u00e7\u00e3o para minimizar o uso da cpu no servidor durante a reprodu\u00e7\u00e3o.",
    "LabelUploadSpeedLimit": "Limite de velocidade de upload (Mbps):",
    "OptionAllowSyncTranscoding": "Allow media downloading that requires transcoding",
    "AllowMediaConversion": "Permitir convers\u00e3o multim\u00e9dia",
    "AllowMediaConversionHelp": "Grant or deny access to the convert media feature.",
    "HeaderPlayback": "Reprodu\u00e7\u00e3o de M\u00eddia",
    "OptionAllowAudioPlaybackTranscoding": "Permitir reprodu\u00e7\u00e3o de \u00e1udio que necessite de transcodifica\u00e7\u00e3o",
    "OptionAllowVideoPlaybackTranscoding": "Permitir reprodu\u00e7\u00e3o de v\u00eddeo que necessite de transcodifica\u00e7\u00e3o",
    "OptionAllowVideoPlaybackRemuxing": "Allow video playback that requires conversion without re-encoding",
    "OptionAllowMediaPlaybackTranscodingHelp": "Restringir o acesso \u00e0 transcodifica\u00e7\u00e3o pode causar falhas de reprodu\u00e7\u00e3o nas aplica\u00e7\u00f5es do Emby devido a formatos multim\u00e9dia n\u00e3o suportados.",
    "TabStreaming": "Streaming",
    "LabelRemoteClientBitrateLimit": "Limite de taxa de bits para streaming da Internet (Mbps):",
    "LabelRemoteClientBitrateLimitHelp": "An optional per-stream bitrate limit for all out of network devices. This is useful to prevent devices from requesting a higher bitrate than your internet connection can handle. This may result in increased CPU load on your server in order to transcode videos on the fly to a lower bitrate.",
    "LabelUserRemoteClientBitrateLimitHelp": "This will override the default global value set in advanced server settings.",
    "LabelConversionCpuCoreLimit": "Limite de n\u00facleos da CPU:",
    "LabelConversionCpuCoreLimitHelp": "Limite o n\u00famero de n\u00facleos da CPU que ser\u00e3o usados durante a convers\u00e3o na sincroniza\u00e7\u00e3o",
    "OptionEnableFullSpeedConversion": "Ativar convers\u00e3o de alta velocidade",
    "OptionEnableFullSpeedConversionHelp": "Por padr\u00e3o, a convers\u00e3o na sincroniza\u00e7\u00e3o \u00e9 executada em uma velocidade baixa para minimizar o consumo de recursos.",
    "TabPhotos": "Fotos",
    "HeaderWelcomeToEmby": "Bem vindo ao Emby",
    "EmbyIntroMessage": "Com o Emby voc\u00ea pode facilmente fazer streaming de v\u00eddeos, m\u00fasicas e fotos do Servidor Emby para smartphones, tablets e outros dispositivos.",
    "ButtonConnect": "Conectar",
    "HeaderNewServer": "Novo Servidor",
    "HeaderExport": "Exportar",
    "HeaderColumns": "Colunas",
    "ButtonReset": "Redefinir",
    "OptionEnableExternalVideoPlayers": "Ativar reprodutores de v\u00eddeo externos",
    "LabelEnableFullScreen": "Ativar modo ecr\u00e3 inteiro",
    "TabHomeScreen": "Tela In\u00edcio",
    "HeaderDisplay": "Exibi\u00e7\u00e3o",
    "HeaderNavigation": "Navega\u00e7\u00e3o",
    "OptionEnableAutomaticServerUpdates": "Ativar as atualiza\u00e7\u00f5es autom\u00e1ticas do servidor",
    "HeaderOverview": "Sinopse",
    "HeaderType": "Tipo",
    "HeaderTunerDevices": "Sintonizadores",
    "HeaderTVSources": "TV Sources",
    "HeaderAddDevice": "Adicionar dispositivo",
    "HeaderExternalServices": "Servi\u00e7os Externos",
    "LabelTunerIpAddress": "Endere\u00e7o IP do Sintonizador:",
    "HeaderGuideProviders": "Provedores de Guia de TV",
    "AddGuideProviderHelp": "Adicionar uma fonte para a informa\u00e7\u00e3o do Guia da TV",
    "LabelZipCode": "CEP:",
    "GuideProviderSelectListings": "Selecionar Listas",
    "GuideProviderLogin": "Login",
    "LabelLineup": "Programa\u00e7\u00e3o:",
    "MessageTunerDeviceNotListed": "O seu sintonizador n\u00e3o est\u00e1 listado? Tente instalar um provedor de servi\u00e7o externo para mais op\u00e7\u00f5es de TV ao Vivo.",
    "LabelImportOnlyFavoriteChannels": "Restringir a canais marcados como favoritos",
    "ImportFavoriteChannelsHelp": "Se ativado, apenas canais que est\u00e3o marcados como favoritos no sintonizador ser\u00e3o importados.",
    "ButtonRepeat": "Repetir",
    "LabelEnableThisTuner": "Ativar este sintonizador",
    "LabelEnableThisTunerHelp": "Desmarque para impedir a importa\u00e7\u00e3o de canais deste sintonizador.",
    "HeaderImagePrimary": "Principal",
    "HeaderImageBackdrop": "Imagem de Fundo",
    "HeaderImageLogo": "Logo",
    "HeaderUserPrimaryImage": "Imagem do Utilizador",
    "ButtonProfile": "Perfil",
    "ButtonProfileHelp": "Definir sua imagem do perfil e senha.",
    "HeaderHomeScreenSettings": "Ajustes do Ecr\u00e3 Inicial",
    "HeaderProfile": "Perfil",
    "HeaderLanguage": "Idioma",
    "LabelTranscodingThreadCount": "Contagem de threads da transcodifica\u00e7\u00e3o:",
    "LabelTranscodingThreadCountHelp": "Selecione o n\u00famero m\u00e1ximo de threads a ser usado quando transcodificar. Reduzir o n\u00famero de threads ir\u00e1 diminuir o uso da CPU, mas pode n\u00e3o converter r\u00e1pido o suficiente para uma experi\u00eancia de reprodu\u00e7\u00e3o suave.",
    "OptionMax": "M\u00e1x",
    "LabelTunerType": "Tipo do sintonizador:",
    "HeaderSetupTVGuide": "Configura\u00e7\u00e3o do Guia da TV",
    "LabelDataProvider": "Provedor de dados:",
    "HeaderDefaultRecordingSettings": "Default Recording Settings",
    "OptionEnableRecordingSubfolders": "Create sub-folders for categories such as Sports, Kids, etc.",
    "HeaderSubtitles": "Legendas",
    "HeaderVideos": "V\u00eddeos",
    "LabelHardwareAccelerationType": "Acelera\u00e7\u00e3o de hardware:",
    "LabelHardwareAccelerationTypeHelp": "Dispon\u00edvel apenas em sistemas suportados.",
    "HeaderAdmin": "Admin",
    "HeaderCameraUpload": "Upload da C\u00e2mara",
    "ButtonClear": "Limpar",
    "LabelFolder": "Pasta:",
    "HeadersFolders": "Pastas",
    "LabelDisplayName": "Nome para exibi\u00e7\u00e3o:",
    "OptionConvertRecordingsToStreamingFormat": "Converter automaticamente grava\u00e7\u00f5es para um formato amig\u00e1vel a streaming",
    "OptionConvertRecordingsToStreamingFormatHelp": "As grava\u00e7\u00f5es ser\u00e3o convertidas em tempo real para MKV para facilitar a reprodu\u00e7\u00e3o nos seus dispositivos.",
    "OptionDownloadImagesInAdvance": "Descarregar todas as imagens antecipadamente",
    "OptionDownloadImagesInAdvanceHelp": "Por padr\u00e3o, a maioria das imagens s\u00e3o descarregadas s\u00f3 quando uma aplica\u00e7\u00e3o do Emby solicita. Ativar esta op\u00e7\u00e3o para descarregar todas as imagens antencipadamente, assim que os novos ficheiros multim\u00e9dia s\u00e3o importados. Isto pode aumentar significativamente a dura\u00e7\u00e3o da an\u00e1lise da biblioteca.",
    "DeleteImage": "Apagar Imagem",
    "MessageThankYouForSupporting": "Obrigado por suportar o Emby.",
    "FileReadCancelled": "A leitura do ficheiro foi cancelada.",
    "FileNotFound": "Ficheiro n\u00e3o encontrado.",
    "FileReadError": "Ocorreu um erro ao ler o ficheiro.",
    "PinCodeResetComplete": "O c\u00f3digo pin foi redefinido.",
    "PinCodeResetConfirmation": "Deseja realmente redefinir o c\u00f3digo pin?",
    "HeaderPinCodeReset": "Redefinir C\u00f3digo Pin",
    "NoPluginConfigurationMessage": "Esta extens\u00e3o n\u00e3o tem configura\u00e7\u00f5es para fazer.",
    "NoPluginsInstalledMessage": "N\u00e3o tem extens\u00f5es instaladas.",
    "BrowsePluginCatalogMessage": "Navegue o nosso cat\u00e1logo de extens\u00f5es, para ver as extens\u00f5es dispon\u00edveis.",
    "HeaderNewApiKey": "Nova Chave da Api",
    "LabelAppName": "Nome do app",
    "LabelAppNameExample": "Exemplo: Sickbeard, NzbDrone",
    "HeaderNewApiKeyHelp": "Conceda permiss\u00e3o \u00e0 aplica\u00e7\u00e3o de se comunicar com o Servidor Emby.",
    "MessageKeyEmailedTo": "Chave enviada para {0}.",
    "HeaderConfirmation": "Confirma\u00e7\u00e3o",
    "MessageKeyUpdated": "Obrigado. Sua chave do Emby Premiere foi atualizada.",
    "MessageKeyRemoved": "Obrigado. Sua chave do Emby Premiere foi removida.",
    "TextEnjoyBonusFeatures": "Aproveite os Extras",
    "HeaderAddTag": "Adicionar Tag",
    "ButtonSelectView": "Selecionar visualiza\u00e7\u00e3o",
    "LabelFromHelp": "Exemplo: {0} (no servidor)",
    "MessageErrorLoadingSupporterInfo": "Ocorreu um erro ao carregar a informa\u00e7\u00e3o do Emby Premiere. Por favor, tente novamente mais tarde.",
    "HeaderConfirmRemoveUser": "Remover Utilizador",
    "ValueTimeLimitSingleHour": "Limite de tempo: 1 hora",
    "ValueTimeLimitMultiHour": "Limite de tempo: {0} horas",
    "General": "Geral",
    "HeaderScreenSavers": "Protetores de ecr\u00e3",
    "Notifications": "Notifica\u00e7\u00f5es",
    "Metadata": "Metadata",
    "Reporting": "Reporting",
    "HeaderSearch": "Busca",
    "ValueDateCreated": "Data da cria\u00e7\u00e3o: {0}",
    "LabelArtist": "Artista",
    "LabelMovie": "Filme",
    "LabelMusicVideo": "V\u00eddeo Musical",
    "LabelEpisode": "Epis\u00f3dio",
    "Series": "S\u00e9ries",
    "LabelStopping": "Parando",
    "LabelCancelled": "Cancelado",
    "ButtonDownload": "Download",
    "HeaderDevices": "Dispositivos",
    "HeaderSelectCertificatePath": "Selecione o Local do Certificado",
    "HeaderSupporterBenefit": "An active Emby Premiere subscription provides additional benefits such as access to Emby DVR, offline media, premium plugins, and more. {0}Learn more{1}.",
    "HeaderWelcomeBack": "Bem-vindo!",
    "HeaderSelectDevices": "Selecionar Dispositivos",
    "ButtonReenable": "Reativar",
    "LabelAbortedByServerShutdown": "(Abortada pelo desligamento do servidor)",
    "LabelScheduledTaskLastRan": "\u00daltima execu\u00e7\u00e3o {0}, demorando {1}.",
    "HeaderDeleteTaskTrigger": "Excluir Disparador da Tarefa",
    "MessageDeleteTaskTrigger": "Deseja realmente excluir este disparador de tarefa?",
    "MessageNoPluginsInstalled": "Voc\u00ea n\u00e3o possui plugins instalados.",
    "MessageNoPluginsDueToAppStore": "Para gerir plugins, por favor use o app Emby web.",
    "LabelVersionInstalled": "{0} instalado",
    "LabelNumberReviews": "{0} Avalia\u00e7\u00f5es",
    "LabelFree": "Gr\u00e1tis",
    "HeaderSelectAudio": "Selecione \u00c1udio",
    "HeaderSelectSubtitles": "Selecione Legendas",
    "LabelDefaultStream": "(Padr\u00e3o)",
    "LabelForcedStream": "(For\u00e7ada)",
    "LabelDefaultForcedStream": "(Padr\u00e3o\/For\u00e7ada)",
    "LabelUnknownLanguage": "Idioma desconhecido",
    "ButtonMute": "Mudo",
    "ButtonUnmute": "Remover Mudo",
    "ButtonPlaylist": "Lista de reprodu\u00e7\u00e3o",
    "LabelEnabled": "Ativada",
    "LabelDisabled": "Desativada",
    "Disabled": "Desativado",
    "ButtonMoreInformation": "Mais informa\u00e7\u00f5es",
    "LabelNoUnreadNotifications": "Nenhuma notifica\u00e7\u00e3o por ler.",
    "HeaderConfirmSeriesCancellation": "Confirmar Cancelamento da S\u00e9rie",
    "HeaderConfirmRecordingDeletion": "Confirmar Exclus\u00e3o da Grava\u00e7\u00e3o",
    "OptionWeekend": "Fins-de-semana",
    "OptionWeekday": "Dias da semana",
    "LiveTvUpdateAvailable": "(Atualiza\u00e7\u00e3o dispon\u00edvel)",
    "LabelVersionUpToDate": "Atualizado!",
    "ButtonResetTuner": "Reiniciar sintonizador",
    "HeaderResetTuner": "Reiniciar Sintonizador",
    "MessageConfirmResetTuner": "Deseja realmente reiniciar este sintonizador? Qualquer reprodutor ativo ser\u00e1 abruptamente parado.",
    "ButtonCancelSeries": "Cancelar S\u00e9rie",
    "HeaderSeriesRecordings": "Grava\u00e7\u00f5es de S\u00e9ries",
    "LabelAnytime": "Qualquer hora",
    "StatusRecording": "A gravar",
    "StatusWatching": "A ver",
    "StatusRecordingProgram": "A Gravar {0}",
    "StatusWatchingProgram": "A ver {0}",
    "HeaderSplitMedia": "Separar ficheiros Multim\u00e9dia",
    "MessageConfirmSplitMedia": "Deseja realmente dividir as fontes de multim\u00e9dia em itens separados?",
    "HeaderError": "Erro",
    "HeaderSelectServerCachePath": "Selecione o Local do Cache do Servidor",
    "HeaderSelectTranscodingPath": "Selecione o Local Tempor\u00e1rio da Transcodifica\u00e7\u00e3o",
    "HeaderSelectMetadataPath": "Selecione o Local dos Metadados",
    "HeaderSelectServerCachePathHelp": "Localize ou digite o local para armazenar o cache do servidor. A pasta deve permitir grava\u00e7\u00e3o.",
    "HeaderSelectTranscodingPathHelp": "Localize ou insira o local para usar para os ficheiros tempor\u00e1rios de transcodifica\u00e7\u00e3o. A pasta deve permitir a escrita.",
    "HeaderSelectMetadataPathHelp": "Localize ou digite o local que voc\u00ea gostaria de armazenar os metadados. A pasta deve ser grav\u00e1vel.",
    "MessageFileWillBeDeleted": "O Arquivo Seguinte ser\u00e1 removido:",
    "MessageSureYouWishToProceed": "Deseja realmente continuar?",
    "MessageFollowingFileWillBeMovedFrom": "Os seguintes arquivos ser\u00e3o movidos de:",
    "MessageDestinationTo": "para:",
    "HeaderRestart": "Reiniciar",
    "HeaderShutdown": "Encerrar",
    "MessageConfirmRestart": "Deseja realmente reiniciar o Servidor Emby?",
    "MessageConfirmShutdown": "Deseja realmente desligar o Servidor Emby?",
    "ValueItemCount": "{0} item",
    "ValueItemCountPlural": "{0} itens",
    "NewVersionOfSomethingAvailable": "Est\u00e1 dispon\u00edvel uma nova vers\u00e3o de {0}!",
    "VersionXIsAvailableForDownload": "A vers\u00e3o {0} est\u00e1 dispon\u00edvel para download.",
    "LabelVersionNumber": "Vers\u00e3o {0}",
    "LabelPlayMethodTranscoding": "Transcodifica\u00e7\u00e3o",
    "LabelPlayMethodDirectStream": "Streaming Direto",
    "LabelPlayMethodDirectPlay": "Reprodu\u00e7\u00e3o Direta",
    "LabelLocalAccessUrl": "Acesso em casa (LAN): {0}",
    "LabelRemoteAccessUrl": "Acesso fora de casa (WAN): {0}",
    "LabelRunningOnPort": "A executar na porta http {0}.",
    "LabelRunningOnPorts": "A executar na porta http {0} e na porta https {1}.",
    "HeaderLatestFromChannel": "Mais recentes de {0}",
    "ButtonRemoteControl": "Controle Remoto",
    "HeaderLatestTvRecordings": "\u00daltimas Grava\u00e7\u00f5es",
    "LabelCurrentPath": "Local atual:",
    "HeaderSelectMediaPath": "Selecionar o Local dos ficheiros Multim\u00e9dia",
    "HeaderSelectPath": "Selecione o Local",
    "ButtonNetwork": "Rede",
    "MessageDirectoryPickerInstruction": "Os locais de rede podem ser digitados manualmente caso o bot\u00e3o de Rede n\u00e3o consiga localizar seus dispositivos. Por exemplo, {0} ou {1}.",
    "MessageDirectoryPickerBSDInstruction": "Para BSD, voc\u00ea precisar\u00e1 configurar o disco dentro de seu Jail do FreeNAS para permitir que o Emby tenha acesso a ele.",
    "MessageDirectoryPickerLinuxInstruction": "Para Linux no Arch Linux, CentOS, Debian, Fedora, OpenSuse ou Ubuntu, voc\u00ea deve permitir que o utilizador Emby tenha ao menos acesso de leitura no seu disco.",
    "HeaderMenu": "Menu",
    "ButtonOpen": "Abrir",
    "ButtonShuffle": "Aleat\u00f3rio",
    "HeaderAudioTracks": "Faixas de Audio",
    "HeaderLibraries": "Bibliotecas",
    "MessageErrorPlayingVideo": "Houve um erro na reprodu\u00e7\u00e3o do v\u00eddeo.",
    "MessageEnsureOpenTuner": "Por favor, cetifique-se que existe um sintonizador aberto.",
    "ButtonReports": "Relat\u00f3rios",
    "MetadataManager": "Gestor de Metadata",
    "HeaderTime": "Tempo",
    "LabelAddedOnDate": "Adicionado {0}",
    "ButtonStart": "Iniciar",
    "OptionBlockOthers": "Outros",
    "OptionBlockTvShows": "S\u00e9ries de TV",
    "OptionBlockTrailers": "Trailers",
    "OptionBlockMusic": "M\u00fasica",
    "OptionBlockMovies": "Filmes",
    "OptionBlockBooks": "Livros",
    "OptionBlockGames": "Jogos",
    "OptionBlockLiveTvPrograms": "Programas de TV ao vivo",
    "OptionBlockLiveTvChannels": "Canais de TV ao vivo",
    "OptionBlockChannelContent": "Conte\u00fado do Canal de Internet",
    "ButtonRevoke": "Revogar",
    "MessageConfirmRevokeApiKey": "Deseja realmente revogar esta chave de api? A conex\u00e3o da aplica\u00e7\u00e3o com o Servidor Emby ser\u00e1 abruptamente encerrada.",
    "HeaderConfirmRevokeApiKey": "Revogar Chave da Api",
    "ValueContainer": "Container: {0}",
    "ValueAudioCodec": "Codec de \u00c1udio: {0}",
    "ValueVideoCodec": "Codec de V\u00eddeo: {0}",
    "ValueCodec": "Codec: {0}",
    "ValueConditions": "Condi\u00e7\u00f5es: {0}",
    "LabelAll": "Todos",
    "HeaderDeleteImage": "Remover Imagem",
    "MessageFileNotFound": "Arquivo n\u00e3o encontrado.",
    "ButtonNextPage": "Pr\u00f3xima P\u00e1gina",
    "ButtonPreviousPage": "P\u00e1gina Anterior",
    "MessagePleaseAcceptTermsOfServiceBeforeContinuing": "Por favor, aceite os termos de servi\u00e7o antes de continuar.",
    "OptionOff": "Desligado",
    "OptionOn": "Ligado",
    "ButtonUninstall": "Desinstalar",
    "HeaderLiveTV": "TV ao Vivo",
    "MissingPrimaryImage": "Imagem da capa em falta.",
    "MissingBackdropImage": "Imagem de fundo em falta.",
    "MissingLogoImage": "Imagem do logo em falta.",
    "MissingEpisode": "Epis\u00f3dio em falta.",
    "OptionBackdrops": "Imagens de Fundo",
    "OptionImages": "Imagens",
    "OptionKeywords": "Palavras-chave",
    "OptionTags": "Tags",
    "OptionStudios": "Est\u00fadios",
    "OptionName": "Nome",
    "OptionOverview": "Vis\u00e3o Geral",
    "OptionGenres": "G\u00e9neros",
    "OptionPeople": "Pessoas",
    "OptionBirthLocation": "Birth Location",
    "HeaderChangeFolderType": "Change Content Type",
    "HeaderChangeFolderTypeHelp": "To change the type, please remove and rebuild the library with the new type.",
    "HeaderAlert": "Alert",
    "MessagePleaseRestart": "Por favor reinicie para terminar a atualiza\u00e7\u00e3o.",
    "ButtonHide": "Esconder",
    "MessageSettingsSaved": "Configura\u00e7\u00f5es guardadas.",
    "TabLibrary": "Biblioteca",
    "TabLiveTV": "TV ao Vivo",
    "TabPlugins": "Extens\u00f5es",
    "TabHelp": "Ajuda",
    "HeaderNotifications": "Notifica\u00e7\u00f5es",
    "HeaderSelectPlayer": "Selecionar leitor",
    "HeaderSpecials": "Specials",
    "HeaderTrailers": "Trailers",
    "HeaderResolution": "Resolution",
    "HeaderRuntime": "Runtime",
    "HeaderParentalRating": "Parental Rating",
    "HeaderReleaseDate": "Release date",
    "HeaderSeries": "Series:",
    "HeaderSeason": "Season",
    "HeaderSeasonNumber": "Season number",
    "HeaderNetwork": "Network",
    "HeaderYear": "Year:",
    "HeaderEmbeddedImage": "Embedded image",
    "HeaderTrack": "Track",
    "OptionCollections": "Cole\u00e7\u00f5es",
    "OptionSeries": "S\u00e9ries",
    "OptionGames": "Jogos",
    "OptionGameSystems": "Sistemas de Jogos",
    "OptionMusicArtists": "Artistas musicais",
    "OptionMusicAlbums": "Music albums",
    "OptionMusicVideos": "Music videos",
    "OptionSongs": "Songs",
    "OptionHomeVideos": "Home videos & photos",
    "OptionBooks": "Books",
    "ButtonUp": "Up",
    "ButtonDown": "Down",
    "LabelMetadataReaders": "Metadata readers:",
    "LabelMetadataReadersHelp": "Rank your preferred local metadata sources in order of priority. The first file found will be read.",
    "LabelSubtitleDownloaders": "Subtitle downloaders:",
    "SubtitleDownloadersHelp": "Enable and rank your preferred subtitle downloaders in order of priority. More subtitle providers can be installed using the Emby plugin catalog.",
    "LabelMetadataDownloaders": "Metadata downloaders:",
    "LabelMetadataDownloadersHelp": "Enable and rank your preferred metadata downloaders in order of priority. Lower priority downloaders will only be used to fill in missing information.",
    "LabelMetadataSavers": "Metadata savers:",
    "LabelMetadataSaversHelp": "Choose the file formats to save your metadata to.",
    "LabelImageFetchers": "Image fetchers:",
    "LabelImageFetchersHelp": "Enable and rank your preferred image fetchers in order of priority.",
    "PersonTypePerson": "Person",
    "OptionSortName": "Sort name",
    "LabelDateOfBirth": "Date of birth:",
    "HeaderRemoveMediaLocation": "Remover Localiza\u00e7\u00e3o dos ficheiros multim\u00e9dia",
    "MessageConfirmRemoveMediaLocation": "Are you sure you wish to remove this location?",
    "LabelNewName": "New name:",
    "HeaderRemoveMediaFolder": "Excluir Pasta Multim\u00e9dia",
    "MessageTheFollowingLocationWillBeRemovedFromLibrary": "As localiza\u00e7\u00f5es dos ficheiros multim\u00e9dia abaixo ser\u00e3o exclu\u00eddas de sua biblioteca Emby:",
    "MessageAreYouSureYouWishToRemoveMediaFolder": "Deseja realmente excluir esta pasta multim\u00e9dia?",
    "ButtonRename": "Rename",
    "ButtonChangeContentType": "Change content type",
    "HeaderMediaLocations": "Localiza\u00e7\u00f5es dos ficheiros multim\u00e9dia",
    "LabelContentTypeValue": "Content type: {0}",
    "FolderTypeUnset": "Mixed content",
    "HeaderPluginInstallation": "Plugin Installation",
    "MessageAlreadyInstalled": "This version is already installed.",
    "MessageYouHaveVersionInstalled": "You currently have version {0} installed.",
    "MessageTrialExpired": "The trial period for this feature has expired",
    "MessageTrialWillExpireIn": "The trial period for this feature will expire in {0} day(s)",
    "MessageInstallPluginFromApp": "This plugin must be installed from with in the app you intend to use it in.",
    "ValuePriceUSD": "Price: {0} (USD)",
    "MessageFeatureIncludedWithSupporter": "You are registered for this feature, and will be able to continue using it with an active Emby Premiere subscription.",
    "HeaderUnrated": "Unrated",
    "HeaderUnknownDate": "Unknown Date",
    "HeaderUnknownYear": "Unknown Year",
    "HeaderSelectExternalPlayer": "Select External Player",
    "HeaderExternalPlayerPlayback": "External Player Playback",
    "OptionWatched": "Watched",
    "OptionUnwatched": "Unwatched",
    "LabelMarkAs": "Mark as:",
    "OptionInProgress": "In-Progress",
    "LabelResumePoint": "Resume point:",
    "ValueOneTrailer": "1 trailer",
    "ValueTrailerCount": "{0} trailers",
    "ValueSeriesYearToPresent": "{0} - Present",
    "ValueAwards": "Awards: {0}",
    "ValuePremiered": "Premiered {0}",
    "ValuePremieres": "Premieres {0}",
    "ValueStudio": "Studio: {0}",
    "ValueStudios": "Studios: {0}",
    "ValueStatus": "Status: {0}",
    "LabelLimit": "Limit:",
    "ValueLinks": "Links: {0}",
    "ValueArtist": "Artist: {0}",
    "ValueArtists": "Artists: {0}",
    "MediaInfoCameraMake": "Camera make",
    "MediaInfoCameraModel": "Camera model",
    "MediaInfoAltitude": "Altitude",
    "MediaInfoAperture": "Aperture",
    "MediaInfoExposureTime": "Exposure time",
    "MediaInfoFocalLength": "Focal length",
    "MediaInfoOrientation": "Orientation",
    "MediaInfoIsoSpeedRating": "Iso speed rating",
    "MediaInfoLatitude": "Latitude",
    "MediaInfoLongitude": "Longitude",
    "MediaInfoShutterSpeed": "Shutter speed",
    "MediaInfoSoftware": "Software",
    "HeaderMovies": "Movies",
    "HeaderAlbums": "Albums",
    "HeaderGames": "Games",
    "HeaderBooks": "Books",
    "HeaderEpisodes": "Episodes",
    "HeaderTracks": "Tracks",
    "HeaderItems": "Items",
    "HeaderOtherItems": "Other Items",
    "ValueAsRole": "as {0}",
    "ValueGuestStar": "Guest star",
    "TabExpert": "Expert",
    "HeaderSelectCustomIntrosPath": "Select Custom Intros Path",
    "HeaderThankYou": "Thank You",
    "ReleaseYearValue": "Release year: {0}",
    "TabExtras": "Extras",
    "DeviceLastUsedByUserName": "Last used by {0}",
    "HeaderSelectUploadPath": "Select Upload Path",
    "ErrorMessageStartHourGreaterThanEnd": "End time must be greater than the start time.",
    "ButtonLibraryAccess": "Library access",
    "ButtonParentalControl": "Parental control",
    "MessageUnableToConnectToServer": "We're unable to connect to the selected server right now. Please ensure it is running and try again.",
    "MessagePluginConfigurationRequiresLocalAccess": "To configure this plugin please sign in to your local server directly.",
    "MessageLoggedOutParentalControl": "Access is currently restricted. Please try again later.",
    "ButtonLinkMyEmbyAccount": "Link my account now",
    "MessageConnectAccountRequiredToInviteGuest": "In order to invite guests you need to first link your Emby account to this server.",
    "HeaderCancelSyncJob": "Cancel Sync",
    "MovieLibraryHelp": "Review the {0}Emby movie naming guide{1}.",
    "TvLibraryHelp": "Review the {0}Emby TV naming guide{1}.",
    "BookLibraryHelp": "Text books are supported. Review the {0}Emby Book naming guide{1}.",
    "MessageGamePluginRequired": "Requires installation of the GameBrowser plugin",
    "MessageUnsetContentHelp": "Content will be displayed as plain folders.",
    "ButtonNewServer": "New Server",
    "ButtonRemote": "Remote",
    "HeaderUnlockApp": "Unlock App",
    "HeaderUnlockSync": "Unlock Emby Sync",
    "MessagePaymentServicesUnavailable": "Payment services are currently unavailable. Please try again later.",
    "HeaderLibrary": "Library",
    "HeaderMedia": "Multim\u00e9dia",
    "NoNewDevicesFound": "No new devices found. To add a new tuner, close this dialog and enter the device information manually.",
    "NoResultsFound": "No results found.",
    "ManageLibrary": "Manage library",
    "HeaderConfirm": "Confirm",
    "MessageConfirmDeleteTunerDevice": "Are you sure you wish to delete this device?",
    "MessageConfirmDeleteGuideProvider": "Are you sure you wish to delete this guide provider?",
    "HeaderDeleteProvider": "Delete Provider",
    "ErrorAddingTunerDevice": "There was an error adding the tuner device. Please ensure it is accessible and try again.",
    "ErrorSavingTvProvider": "There was an error saving the TV provider. Please ensure it is accessible and try again.",
    "ErrorGettingTvLineups": "Ocorreu um erro ao fazer download da programa\u00e7\u00e3o da tv. Por favor, certifique-se que a sua informa\u00e7\u00e3o est\u00e1 correta e tente novamente.",
    "MessageCreateAccountAt": "Create an account at {0}",
    "ErrorPleaseSelectLineup": "Por favor selecione a programa\u00e7\u00e3o e tente novamente. Se n\u00e3o houver programa\u00e7\u00f5es dispon\u00edveis, verifique se o seu nome de utilizador, senha e c\u00f3digo postal est\u00e3o corretos.",
    "HeaderTryEmbyPremiere": "Try Emby Premiere",
    "OptionEnableDisplayMirroring": "Enable display mirroring",
    "ErrorValidatingSupporterInfo": "There was an error validating your Emby Premiere information. Please try again later.",
    "LabelLocalSyncStatusValue": "Status: {0}",
    "OptionBackdropSlideshow": "Backdrop slideshow",
    "HeaderTopPlugins": "Top Plugins",
    "ButtonOther": "Other",
    "HeaderSortBy": "Sort By",
    "HeaderSortOrder": "Sort Order",
    "ButtonMenu": "Menu",
    "ForAdditionalLiveTvOptions": "Browse the Emby {0}plugin catalog{1} to install additional Live TV providers.",
    "ButtonGuide": "Guide",
    "ButtonYes": "Yes",
    "AddUser": "Adicionar Utilizador",
    "ButtonNo": "No",
    "HeaderLatestMovies": "\u00daltimos Filmes",
    "HeaderEmailAddress": "E-Mail Address",
    "NumLocationsValue": "{0} folders",
    "ButtonAddMediaLibrary": "Adicionar Biblioteca de Multim\u00e9dia",
    "ButtonManageFolders": "Manage folders",
    "ErrorAddingListingsToSchedulesDirect": "There was an error adding the lineup to your Schedules Direct account. Schedules Direct only allows a limited number of lineups per account. You may need to log into the Schedules Direct website and remove others listings from your account before proceeeding.",
    "PleaseAddAtLeastOneFolder": "Please add at least one folder to this library by clicking the Add button.",
    "ErrorAddingMediaPathToVirtualFolder": "Ocorreu um erro ao adicionar o local dos seus ficheiros. Por favor, assegure-se que o local \u00e9 valido e que o processo do Emby Server tenha acesso a essa localiza\u00e7\u00e3o.",
    "ErrorAddingEmbyConnectAccount3": "The Emby account is already linked to an existing local user. An Emby account can only be linked to one local user at a time.",
    "HeaderConfirmPluginInstallation": "Confirm Plugin Installation",
    "PleaseConfirmPluginInstallation": "Please click OK to confirm you've read the above and wish to proceed with the plugin installation.",
    "MessagePluginInstallDisclaimer": "Plugins built by Emby community members are a great way to enhance your Emby experience with additional features and benefits. Before installing, please be aware of the effects they may have on your Emby Server, such as longer library scans, additional background processing, and decreased system stability.",
    "TitleHardwareAcceleration": "Hardware Acceleration",
    "HardwareAccelerationWarning": "Enabling hardware acceleration may cause instability in some environments. Ensure that your operating system and video drivers are fully up to date. If you have difficulty playing video after enabling this, you'll need to change the setting back to Auto.",
    "HeaderSelectCodecIntrosPath": "Select Codec Intros Path",
    "ValueExample": "Example: {0}",
    "OptionEnableAnonymousUsageReporting": "Enable anonymous usage reporting",
    "OptionEnableAnonymousUsageReportingHelp": "Allow Emby to collect anonymous data such as installed plugins, the version numbers of your Emby apps, etc. This information is only used for the purpose of improving the software.",
    "LabelFileOrUrl": "File or url:",
    "OptionEnableForAllTuners": "Enable for all tuner devices",
    "HeaderTuners": "Tuners",
    "LabelOptionalM3uUrl": "M3U url (optional):",
    "LabelOptionalM3uUrlHelp": "Some devices support an M3U channel listing.",
    "TabResumeSettings": "Resume Settings",
    "DrmChannelsNotImported": "Channels with DRM will not be imported.",
    "LabelAllowHWTranscoding": "Allow hardware transcoding",
    "AllowHWTranscodingHelp": "If enabled, allow the tuner to transcode streams on the fly. This may help reduce transcoding required by Emby Server.",
    "MetadataSettingChangeHelp": "Changing metadata settings will affect new content that is added going forward. To refresh existing content, open the detail screen and click the refresh button, or perform bulk refreshes using the metadata manager.",
    "OptionConvertRecordingPreserveAudio": "Preserve original audio when converting recordings (when possible)",
    "OptionConvertRecordingPreserveAudioHelp": "This will provide better audio but may require transcoding during playback on some devices.",
    "AddItemToCollectionHelp": "Add items to collections by searching for them and using their right-click or tap menus to add them to a collection.",
    "RecordingPathChangeMessage": "Changing your recording folder will not migrate existing recordings from the old location to the new. You'll need to move them manually if desired.",
    "LabelSportsCategories": "Sports categories:",
    "XmlTvSportsCategoriesHelp": "Programs with these categories will be displayed as sports programs. Separate multiple with '|'.",
    "LabelNewsCategories": "News categories:",
    "XmlTvNewsCategoriesHelp": "Programs with these categories will be displayed as news programs. Separate multiple with '|'.",
    "LabelKidsCategories": "Children's categories:",
    "XmlTvKidsCategoriesHelp": "Programs with these categories will be displayed as programs for children. Separate multiple with '|'.",
    "LabelMovieCategories": "Movie categories:",
    "XmlTvMovieCategoriesHelp": "Programs with these categories will be displayed as movies. Separate multiple with '|'.",
    "XmlTvPathHelp": "A path to an xml tv file. Emby will read this file and periodically check it for updates. You are responsible for creating and updating the file.",
    "LabelBindToLocalNetworkAddress": "Bind to local network address:",
    "LabelBindToLocalNetworkAddressHelp": "Optional. Override the local IP address that Emby Server will present to Emby apps. If left blank, the server will automatically detect the local IP address.",
    "TitleHostingSettings": "Hosting Settings",
    "SettingsWarning": "Changing these values may cause instability or connectivity failures. If you experience any problems, we recommend changing them back to default.",
    "MapChannels": "Map Channels",
    "OptionSaveMetadataAsHiddenHelp": "Changing this will apply to new metadata saved going forward. Existing metadata files will be updated the next time they are saved by Emby Server.",
    "EnablePhotos": "Enable photos",
    "EnablePhotosHelp": "Photos will be detected and displayed alongside other media files.",
    "ManageOfflineDownloads": "Manage offline downloads",
    "RememberMe": "Remember me",
    "HeaderOfflineSync": "Offline Sync",
    "LabelMaxAudioFileBitrate": "Max audio file bitrate:",
    "LabelMaxAudioFileBitrateHelp": "Audio files with a higher bitrate will be converted by Emby Server. Select a higher value for better quality, or a lower value to conserve local storage space.",
    "SaveThumbnailImagesIntoMediaFolders": "Save thumbnail images into media folders",
    "OptionExtractThumbnailImage": "Enable thumbnail image creation",
    "LabelEnableDebugLogging": "Ativar log de depura\u00e7\u00e3o",
    "OptionEnableExternalContentInSuggestions": "Enable external content in suggestions",
    "OptionEnableExternalContentInSuggestionsHelp": "Allow internet trailers and live tv programs to be included within suggested content.",
    "LabelH264EncodingPreset": "H264 encoding preset:",
    "H264EncodingPresetHelp": "Choose a faster value to improve performance, or a slower value to improve quality.",
    "LabelH264Crf": "H264 encoding CRF:",
    "H264CrfHelp": "The Constant Rate Factor (CRF) is the default quality setting for the x264 encoder. You can set the values between 0 and 51, where lower values would result in better quality (at the expense of higher file sizes). Sane values are between 18 and 28. The default for x264 is 23, so you can use this as a starting point.",
    "LabelConvertRecordingsTo": "Convert recordings to:",
    "LabelOptionalNetworkPath": "(Optional) Shared network folder:",
    "LabelOptionalNetworkPathHelp": "If this folder is shared on your network, supplying the network share path can allow Emby apps on other devices to access media files directly.",
    "SynologyUpdateInstructions": "Please login to DSM and go to Package Center to update.",
    "LabelMoviePrefix": "Movie prefix:",
    "LabelMoviePrefixHelp": "If a prefix is applied to movie titles, enter it here so that Emby can handle it properly.",
    "HeaderRecordingPostProcessing": "Recording Post Processing",
    "LabelPostProcessorArguments": "Post-processor command line arguments:",
    "LabelPostProcessorArgumentsHelp": "Use {path} as the path to the recording file.",
    "LabelPostProcessor": "Post-processing application:",
    "ErrorAddingXmlTvFile": "There was an error accessing the XmlTV file. Please ensure the file exists and try again.",
    "OptionAutomaticallyGroupSeries": "Automatically merge series that are spread across multiple folders",
    "OptionAutomaticallyGroupSeriesHelp": "If enabled, series that are spread across multiple folders within this library will be automatically merged into a single series.",
    "WhenDidYouPurchaseApp": "When did you originally purchase this app?",
    "PreferEmbeddedTitlesOverFileNames": "Prefer embedded titles over filenames",
    "PreferEmbeddedTitlesOverFileNamesHelp": "This determines the default display title when no internet metadata or local metadata is available.",
    "HeaderUpcomingEpisodes": "Upcoming Episodes",
    "HeaderLiveTvTunerSetup": "Live TV Tuner Setup",
    "HeaderTVSourceSetup": "TV Source Setup",
    "HeaderDetectMyDevices": "Detect My Devices",
    "MessagePleaseWait": "Please wait. This may take a minute.",
    "DetectingDevices": "Detecting devices",
    "LabelAutomaticallyRefreshInternetMetadataEvery": "Automatically refresh metadata from the internet:",
    "Never": "Never",
    "EveryNDays": "Every {0} days",
    "HeaderNewDevices": "New Devices",
    "LabelCertificatePassword": "Certificate password:",
    "LabelCertificatePasswordHelp": "If your certificate requires a password, please enter it here.",
    "LabelEnableHardwareDecodingFor": "Ativar descodifica\u00e7\u00e3o por hardware para:",
    "EnableHardwareEncoding": "Enable hardware encoding",
    "Rate": "Rate",
    "HeaderNewLibrary": "New Library",
    "HttpsRequiresCert": "To enable secure connections, you will need to supply a trusted SSL certificate, such as Lets Encrypt. Please either supply a certificate, or disable secure connections.",
    "ServerRestartNeededAfterPluginInstall": "Emby Server will need to be restarted after installing a plugin.",
    "PluginInstalledMessage": "The plugin has been successfully installed. Emby Server will need to be restarted for changes to take effect.",
    "Themes": "Temas",
    "MessagePremiereStatusGood": "You have a {0} Emby Premiere plan and your device usage is well within your limit.",
    "MessagePremiereStatusClose": "You have a {0} Emby Premiere plan, but your device usage is close to the limit.",
    "MessagePremiereExtendedPlans": "Consider an {0}extended device plan{1}",
    "MessagePremiereStatusOver": "You have a {0} Emby Premiere plan, but you are over your device limit!",
    "ListItemPremiereSub": "{0} subscription purchased via {2} expires {1}",
    "LabelClickToCancel": "Clique para cancelar a subscri\u00e7\u00e3o",
    "LabelCancelInfo": "You can manage this subscription directly with {0}",
    "LabelAlreadyCanceled": "This subscription has been canceled. Key will remain valid until expiration.",
    "HeaderCancelSub": "Cancelar Emby Premiere",
    "MessageConfirmSubCancel": "NO, Please don't go... You will miss out on all the great features of Emby Premiere!",
    "ButtonCancelSub": "I know, cancel it anyway",
    "ButtonDontCancelSub": "Manter o Emby Premiere",
    "MessageSubCancelReqSent": "An email has been sent to the owner of the key. Please follow the instructions in that email to complete the cancellation of this subscription. We hope to see you back soon!",
    "MessageSubCancelError": "Something went wrong trying to cancel.  Please send an email to {0} and we'll get you squared away.",
    "LabelAlreadyCancelled": "This subscription has been cancelled. You will not be charged again but the features will work until the date above.",
    "AllowOnTheFlySubtitleExtraction": "Allow subtitle extraction on the fly",
    "AllowOnTheFlySubtitleExtractionHelp": "Embedded subtitles can be extracted from videos and delivered to Emby apps in plain text in order to help prevent video transcoding. On some systems this can take a long time and cause video playback to stall during the extraction process. Disable this to have embedded subtitles burned in with video transcoding when they are not natively supported by the client device.",
    "ButtonStopRecording": "Parar Grava\u00e7\u00e3o",
    "EnableDebugLoggingHelp": "Debug logging should only be enabled as needed for troubleshooting purposes. The increased file system access may prevent the server machine from being able to sleep in some environments.",
    "LabelSimultaneousConnectionLimit": "Limite de streams simult\u00e2neos:",
    "SimultaneousConnectionLimitHelp": "N\u00famero m\u00e1ximo de streams simult\u00e2neos permitidos: Coloque 0 para ilimitado.",
    "LaunchWebAppOnStartup": "Launch the Emby web app in my web browser when Emby Server starts",
    "LaunchWebAppOnStartupHelp": "This will open the web app in your default web browser when Emby Server initially starts. This will not occur when using the restart server function.",
    "LabelReferrerHeader": "Referrer http header:",
    "LabelUserAgentHeader": "User agent http header:",
    "SupplyCustomValueIfNeeded": "Supply a custom http header value, if necessary.",
    "HeaderConfigureRemoteAccess": "Configurar Acesso Remoto",
    "LearnHowToCreateSynologyShares": "Learn how to share folders in Synology.",
    "LabelAllowedRemoteAddresses": "Remote IP address filter:",
    "LabelAllowedRemoteAddressesMode": "Remote IP address filter mode:",
    "Whitelist": "Whitelist",
    "Blacklist": "Lista Negra",
    "AllowedRemoteAddressesHelp": "Comma separated list of IP addresses or IP\/netmask entries for networks that will be allowed to connect remotely. If left blank, all remote addresses will be allowed.",
    "LabelLanNetworks": "LAN networks:",
    "LanNetworksHelp": "Comma separated list of IP addresses or IP\/netmask entries for networks that will be considered on local network when enforcing bandwidth restrictions. If set, all other IP addresses will be considered to be on the external network and will be subject to the external bandwidth restrictions. If left blank, only the server's subnet and common private IP subnets (10.0.0.0\/8, 192.168.0.0\/24, etc.) are considered to be on the local network.",
    "LabelSecureConnectionsMode": "Modo de conex\u00e3o segura:",
    "PreferredNotRequired": "Preferido, mas n\u00e3o obrigat\u00f3rio",
    "RequiredForAllRemoteConnections": "Obrigat\u00f3rio para todas as conex\u00f5es remotas:",
    "HandledByProxy": "Handled by reverse proxy",
    "SaveSubtitlesIntoMediaFolders": "Guardar legendas nas pastas do conte\u00fado",
    "SaveSubtitlesIntoMediaFoldersHelp": "Armazenar as legendas ao lado dos ficheiros de v\u00eddeo permite que sejam facilmente geridos.",
    "AutomaticSubtitleDownloadInstructions": "To manage automatic subtitle downloading, click on a library in Emby library setup, and edit the subtitle downloading settings for that library.",
    "OpenSubtitleInstructions": "You'll need to configure Open Subtitles account information on the Open Subtitles configuration screen in the Emby Server dashboard.",
    "LabelEnableHardwareAcceleration": "Enable hardware acceleration when available:",
    "HeaderPreferredHardwareDecoders": "Preferred Hardware Decoders",
    "HeaderPreferredHardwareEncoders": "Preferred Hardware Encoders",
    "AllowChangingImageAndPassword": "Allow this user to change their password and profile image",
    "LabelTranscodeBuffer": "Transcode buffer:",
    "LabelTranscodePosition": "Transcode position:",
    "LabelPlaybackPosition": "Playback position:",
    "LabelSimultaneousStreamLimit": "Max simultaneous video streams:",
    "SimultaneousStreamLimitHelp": "Limit the number of concurrent video playback sessions."
}