{
    "LabelPrevious": "Anteriorul",
    "LabelFinish": "Termin\u0103",
    "LabelNext": "Urm\u0103torul",
    "LabelYoureDone": "E\u0219ti Gata!",
    "ThisWizardWillGuideYou": "Acest asistent v\u0103 va ghida prin procesul de configurare. Pentru a \u00eencepe, v\u0103 rug\u0103m s\u0103 selecta\u021bi limba preferat\u0103.",
    "HeaderCreateYourFirstUser": "Create Your First User",
    "ButtonQuickStartGuide": "Ghid rapid de Start",
    "MoreUsersCanBeAddedLater": "Mai mul\u021bi utilizatori pot fi ad\u0103uga\u021bi mai t\u00e2rziu \u00een Tabloul de Bord.",
    "UserProfilesIntro": "Emby include sprijin pentru profile de utilizator, permi\u021b\u00e2nd fiec\u0103rui utilizator s\u0103 \u00ee\u0219i fac\u0103 propriile set\u0103ri de afi\u0219are, playstate \u0219i control parental.",
    "WizardCompleted": "Asta e tot ce avem nevoie pentru moment. Emby a \u00eenceput colectarea de informa\u021bii despre biblioteca media. Verific\u0103 unele din aplica\u021biile noastre, \u0219i apoi face\u021bi clic pe <b>Finalizare<\/b> pentru a vizualiza <b>Tabloul de bord al Serverului <\/b>.",
    "HeaderTermsOfService": "Termeni de Utilizare Emby",
    "MessagePleaseAcceptTermsOfService": "V\u0103 rug\u0103m s\u0103 accepta\u021bi termenii de utilizare \u0219i politica de confiden\u021bialitate \u00eenainte de a continua.",
    "OptionIAcceptTermsOfService": "Accept termenii de utilizare",
    "HeaderGuideDataSetup": "Guide Data Setup",
    "LabelGuideSource": "Guide source:",
    "SeeOurHwaGuide": "See our {0}hardware acceleration setup guide{1}.",
    "HeaderEmbyServerReleaseNotes": "Emby Server Release Notes",
    "AllowSubtitleDownloading": "Allow subtitle downloading",
    "AllowSubtitleManagement": "Allow deletion of existing subtitle files",
    "NewUserNameHelp": "This is how the user will appear on your server.",
    "ChapterMarkers": "Chapter markers",
    "LabelThumbnailImagesInterval": "Thumbnail images interval:",
    "ThumbnailImagesIntervalHelp": "More frequent thumbnails will result in a better experience, but will require  more disk space and time to create the images.",
    "LabelAuthProvider": "Authentication provider:",
    "AuthProviderHelp": "Administrators always use the default Emby provider to ensure you're never locked out.",
    "HeaderNewUser": "New User",
    "EditServerDisplayName": "Change server display name",
    "LabelPinCode": "Codul Pin:",
    "ShowAdvancedSettings": "Show advanced settings",
    "ChangingMetadataImageSettingsNewContent": "Changes to metadata or artwork downloading settings will only apply to new content added to your library. To apply the changes to existing titles, you'll need to refresh their metadata manually.",
    "AllowRemoteAccess": "Allow remote connections to this Emby Server.",
    "AllowRemoteAccessHelp": "If unchecked, all remote connections will be blocked.",
    "Alerts": "Alerts",
    "LabelTrackTitleDisplay": "Embedded track title display:",
    "GenerateUserFriendlyTrackTitles": "Generate user friendly titles using track information",
    "PreferOriginalTrackTitles": "Prefer embedded titles",
    "TrackTitleDisplayHelp": "Choose the display title of embedded audio and subtitle tracks. Preferring embedded is not recommended unless you are manually curating embedded track information.",
    "EnableTranscodingThrottle": "Enable throttling",
    "EnableTranscodingThrottleHelp": "Emby will dynamically adjust transcoding speed based in order to reduce CPU utilization.",
    "LabelTypeMetadataDownloaders": "{0} metadata downloaders:",
    "HeaderTypeImageFetchers": "{0} Image Fetchers",
    "HeaderImageOptions": "Image Options",
    "OptionBeta": "Testare",
    "HeaderTaskTriggers": "Declan\u0219atori Sarcini",
    "HeaderPaths": "C\u0103i",
    "CategorySync": "Sincronizeaz\u0103",
    "RegisterWithPayPal": "\u00cenregistreaz\u0103-te cu PayPal",
    "LabelSyncTempPath": "Cale fi\u0219ier temporar\u0103",
    "LabelSyncTempPathHelp": "Specifica\u021bi un dosar de lucru special pentru sincronizare. Fi\u0219ierele media convertite, create \u00een timpul procesului de sincronizare, vor fi stocate aici.",
    "LabelCustomCertificatePath": "Calea c\u0103tre certificatul personalizat:",
    "LabelCustomCertificatePathHelp": "Furniza\u021bi propriul fi\u0219ier care con\u021bine un certificat SSL in format .pfx.",
    "HeaderSetupLibrary": "Seta\u021bi-v\u0103 biblitecile media",
    "LabelTimeLimitHours": "Limit\u0103 de timp(ore):",
    "HeaderPreferredMetadataLanguage": "Limba preferata pentru metadata",
    "LabelSaveLocalMetadata": "Salveaz\u0103 posterele si metadata \u00een dosarele ce con\u021bin fi\u0219ierele media",
    "LabelSaveLocalMetadataHelp": "Salv\u00e2nd posterele \u0219i metadata direct in dosarele media, acestea vor fi mai accesibile pentru a fi modificate.",
    "TabPassword": "Parol\u0103",
    "TabLibraryAccess": "Acces la Biblioteci",
    "TabAccess": "Acces",
    "TabImage": "Imagine",
    "TabProfile": "Profil",
    "TabMetadata": "Metadata",
    "TabImages": "Imagini",
    "HeaderDeviceAccess": "Accesul Dispozitivelor",
    "OptionEnableAccessFromAllDevices": "Activeaz\u0103 accesul de la toate dispozitivele",
    "OptionEnableAccessToAllChannels": "Activeaz\u0103 accesul la toate canalele",
    "OptionEnableAccessToAllLibraries": "Activeaz\u0103 accesul la toate bibliotecile",
    "DeviceAccessHelp": "Aceasta se aplic\u0103 numai pentru dispozitive care pot fi identificate \u00een mod unic \u0219i nu va \u00eempiedica accesul din navigatorul de internet. Filtr\u00e2nd accesul dispozitivelor utilizatorului va \u00eempiedica utilizarea noilor dispozitive p\u00e2n\u0103 c\u00e2nd acestea nu vor fi aprobate aici.",
    "LabelDisplayMissingEpisodesWithinSeasons": "Afi\u0219eaza episoadele lips\u0103 din seriale",
    "LabelDisplayMissingEpisodesWithinSeasonsHelp": "Aceasta trebuie sa fie de asemenea activat\u0103 pentru bibliotecile de seriale \u00een set\u0103rile serverului Emby.",
    "LabelUnairedMissingEpisodesWithinSeasons": "Afi\u0219eaz\u0103 episoadele nedifuzate din seriale",
    "ImportMissingEpisodesHelp": "Dac\u0103 este activat\u0103, informa\u021bia despre episoadele lips\u0103 va fi importat\u0103 in baza de date Emby \u0219i va fi afi\u0219at\u0103 \u00een cadrul serialelor. Aceasta poate cauza un timp semnificativ mai \u00eendelungat la scanarea bibliotecilor.",
    "MessageEnablingOptionLongerScans": "Activ\u00e2nd aceast\u0103 op\u021biune poate rezulta \u00een scan\u0103ri ale bilbiotecilor semnificativ mai \u00eendelungate.",
    "TabSecurity": "Securitate",
    "ButtonSave": "Salveaz\u0103",
    "LabelUrl": "Adres\u0103 web:",
    "HeaderCreatePassword": "Creeaz\u0103 parol\u0103",
    "LabelMaxParentalRating": "Limit\u0103 de v\u00e2rst\u0103 maxim permis\u0103:",
    "MaxParentalRatingHelp": "Con\u021binutul cu un o limit\u0103 de v\u00e2rst\u0103 mai mare va fi ascuns pentru acest utilizator.",
    "LibraryAccessHelp": "Selecteaz\u0103 dosarele media partajate cu acest utilizator. Administratorii vor avea posibilitatea sa modifice toate dosarele utiliz\u00e2nd managerul de metadata.",
    "ChannelAccessHelp": "Selecteaz\u0103 canalele pe care vrei s\u0103 le partajezi cu acest utilizator. Administratorii vor avea posibilitatea sa editeze canalele folosind managerul de metadate.",
    "ButtonDeleteImage": "\u0218terge Imaginea",
    "LabelSelectUsers": "Selectare utilizatori:",
    "HeaderUploadNewImage": "\u00cencarc\u0103 o imagine nou\u0103",
    "ImageUploadAspectRatioHelp": "Ra\u021bie de Aspect Recomandat\u0103 1:1. Doar fi\u0219iere JPG\/PNG.",
    "MessagePleaseEnsureInternetMetadata": "V\u0103 rug\u0103m s\u0103 v\u0103 asigura\u021bi c\u0103 descarcarea de metadata din internet este activat\u0103.",
    "AlreadyPaidHelp1": "Dac\u0103 a\u021bi pl\u0103tit deja pentru a instala o versiune mai veche de Media Browser pentru Android, nu trebuie s\u0103 mai pl\u0103ti\u021bi din nou pentru a activa aceast\u0103 aplica\u021bie. Ap\u0103sa\u021bi OK pnetru a ne trimite un email la {0} \u0219i o vom activa noi pentru dvs.",
    "AlreadyPaidHelp2": "Got Emby Premiere? Just cancel this dialog, setup Emby Premiere in your Emby Server Dashboard under Help -> Emby Premiere, and it will be unlocked automatically.",
    "TabSuggestions": "Recomand\u0103ri",
    "TabLatest": "Cele mai recente",
    "TabUpcoming": "Urmeaz\u0103 s\u0103 apar\u0103",
    "TabShows": "Seriale",
    "TabEpisodes": "Episoade",
    "TabGenres": "Genuri",
    "TabNetworks": "Re\u021bele TV",
    "HeaderUsers": "Utilizatori",
    "TabMyPlugins": "Plugin-urile mele",
    "TabCatalog": "Catalog",
    "TitlePlugins": "Plugin-uri",
    "HeaderAutomaticUpdates": "Actualizare Automat\u0103",
    "HeaderLatestAlbums": "Cele Mai Recente Albume",
    "HeaderLatestSongs": "Cele Mai Recente C\u00e2ntece",
    "LabelVideoType": "Tip Video:",
    "OptionBluray": "Bluray",
    "OptionDvd": "DVD",
    "OptionIso": "ISO",
    "Option3D": "3D",
    "Standard": "Standard",
    "LabelLastResult": "Ultimul rezultat:",
    "OptionHasSpecialFeatures": "Caracteristici Speciale",
    "OptionImdbRating": "Rating IMDb",
    "OptionParentalRating": "Limit\u0103 de v\u00e2rst\u0103",
    "OptionPremiereDate": "Data Premierei",
    "TabBasic": "De baz\u0103",
    "TabAdvanced": "Avansat",
    "TabGeneral": "General",
    "TitleSupport": "Suport",
    "TabAbout": "Despre",
    "TabSupporterKey": "Cheia Emby Premiere",
    "TabBecomeSupporter": "Achizi\u021biona\u021bi Emby Premiere",
    "TabEmbyPremiere": "Emby Premiere",
    "OptionHideUserLocal": "Hide this user from login screens on the local network",
    "OptionHideUserRemote": "Hide this user from login screens when connected remotely",
    "OptionHideUserFromLoginHelp": "Folositor pentru conturi private sau de administrator ascunse. Utilizatorul va trebui s\u0103 se conecteze manual prin introducerea numelui de utilizator \u0219i a parolei.",
    "OptionDisableUser": "Dezactiva\u021bi acest utilizator",
    "OptionDisableUserHelp": "Dac\u0103 este dezactivat, serverul nu va permite nicio conexiune de la acest utilizator. Conexiunile existente vor fi terminate brusc.",
    "ButtonHelp": "Ajutor",
    "OptionAllowUserToManageServer": "Permite acestui utilizator s\u0103 administreze serverul",
    "HeaderFeatureAccess": "Acces Facilit\u0103\u021bi",
    "OptionAllowMediaPlayback": "Permite redarea media",
    "OptionAllowBrowsingLiveTv": "Permite accessul la Live TV",
    "AllLibraries": "All libraries",
    "HeaderAllowMediaDeletionFrom": "Allow Media Deletion From",
    "AllowDeletionFromAll": "Permite \u0219tergerea de fi\u0219iere media din toate bibliotecile",
    "OptionAllowManageLiveTv": "Permite administrarea \u00eenregistrarilor pentru Live TV ",
    "OptionAllowRemoteControlOthers": "Permite controlul la distan\u021b\u0103 a celorlal\u021bi utilizatori",
    "OptionAllowRemoteSharedDevices": "Permite controlul la distan\u021b\u0103 a dispozitivelor partajate",
    "OptionAllowRemoteSharedDevicesHelp": "Dispozitivele DLNA sunt considerate partajate p\u00e2n\u0103 ce un utilizator \u00eencepe s\u0103 le controleze.",
    "OptionAllowLinkSharing": "Permite partajarea pe re\u021belele de socializare",
    "OptionAllowLinkSharingHelp": "Doar paginile wev ce contin informa\u021bii despre con\u021binutul media va fi partajat. Fi\u0219ierele media nu vor fi partajate niciodat\u0103 pentru public. Partaj\u0103rile sunt limitate ca timp \u0219i vor expira dup\u0103 {0} zile.",
    "OptionMissingTmdbId": "Id-ul Tmdb lipse\u0219te",
    "OptionIsHD": "HD",
    "OptionIsSD": "SD",
    "ButtonSelect": "Selecteaz\u0103",
    "HeaderCredits": "Autori",
    "PleaseSupportOtherProduces": "V\u0103 rug\u0103m sus\u021bine\u021bi alte produse gratuite pe care le utiliz\u0103m:",
    "VersionNumber": "Versine {0}",
    "TabPaths": "C\u0103i",
    "TabServer": "Server",
    "OptionRelease": "Lansare Oficial\u0103",
    "LabelAllowServerAutoRestart": "Permite serverului s\u0103 se reporneasc\u0103 automat pentru a aplica actualiz\u0103rile",
    "LabelAllowServerAutoRestartHelp": "Serverul se va reporni doar \u00een timp ce nu are nici o sarcin\u0103, c\u00e2nd nu este nici un utilizator conectat.",
    "LabelRunServerAtStartup": "Porne\u0219te serverul automat cu sistemul de operare",
    "LabelRunServerAtStartupHelp": "Aceaasta va porni Emby bara de stare la pornirea Windows. Dac\u0103 a\u021bi stat Emby ca serviciu de Windows, lasa\u021bi aceast\u0103 op\u021biune neselectat\u0103 \u0219i configura\u021bi serviciul s\u0103 porneasc\u0103 automat.",
    "ButtonSelectDirectory": "Selecta\u021bi Director",
    "LabelCachePath": "Cale pentru cache:",
    "DefaultMetadataLangaugeDescription": "Acestea sunt set\u0103rile implicite \u0219i pot fi personalizate pentru fiecare bibliotec\u0103 \u00een parte.",
    "LabelCachePathHelp": "Specifica\u021bi o loca\u021bie special\u0103 pentru fi\u0219ierele de cache, precum imagini etc. Lasa\u021bi gol pentru a folosi setarea implicit\u0103.",
    "LabelRecordingPath": "Calea implicit\u0103 pentru \u00eenregistr\u0103ri:",
    "LabelMovieRecordingPath": "Calea pentru \u00eenregistr\u0103ri filme (op\u021bional):",
    "LabelSeriesRecordingPath": "Calea pentru \u00eenregistr\u0103ri seriale (op\u021bional):",
    "LabelRecordingPathHelp": "Specifica\u021bi loca\u021bia implicit\u0103 pentru a salva \u00eenregistr\u0103rile. Dac\u0103 lasa\u021bi necompletat, va fi utilizat directorul curent \u00een care rulez\u0103 programul serverului.",
    "LabelMetadataPath": "Cale pentru metadata:",
    "LabelMetadataPathHelp": "Specifica\u021bi o loca\u021bie special\u0103 pentru a desc\u0103rca postere \u0219i metadata.",
    "LabelTranscodingTempPath": "Cale temporar\u0103 pentru conversie:",
    "LabelTranscodingTempPathHelp": "Acest director con\u021bine fi\u0219ierele de lucru folosite de convertor. Specifica\u021bi o cale special\u0103 sau lasa\u021bi gol pentru a folosi pe cea implicit\u0103 \u00een directorul de lucru al serverului.",
    "TabBasics": "De baz\u0103",
    "TabTV": "TV",
    "TabGames": "Jocuri",
    "TabMusic": "Muzic\u0103",
    "TabOthers": "Altele",
    "OptionMovies": "Filme",
    "OptionEpisodes": "Episoade",
    "OptionOtherVideos": "Alte Clipuri Video",
    "ExtractThumbnailImagesHelp": "Creating thumbnail images will allow Emby apps to display graphical scene selection menus. The process can be slow, cpu-intensive and may require several gigabytes of space. It runs when videos are discovered, and also as a nightly scheduled task. The schedule is configurable in the scheduled tasks area. It is not recommended to run this task during peak usage hours.",
    "TabGuide": "Ghid",
    "TabChannels": "Canale",
    "TabCollections": "Colec\u021bii",
    "HeaderChannels": "Canale",
    "TabRecordings": "\u00cenregistr\u0103ri",
    "TabSeries": "Seriale",
    "TabFavorites": "Favorite",
    "TabMyLibrary": "Biblioteca mea",
    "TabSettings": "Set\u0103ri",
    "ButtonRefreshGuideData": "Re\u00eemprosp\u0103teaz\u0103 Ghidul",
    "ButtonRefresh": "Re\u00eemprosp\u0103teaz\u0103",
    "OptionPriority": "Prioritate",
    "OptionRecordOnAllChannels": "\u00cenregistreaz\u0103 pe toate canalele",
    "OptionRecordAnytime": "\u00cenregistreaza la oric\u00e2nd",
    "OptionRecordOnlyNewEpisodes": "\u00cenregistreaz\u0103 doar episoadele noi",
    "HeaderDays": "Zile",
    "ButtonEdit": "Modific\u0103",
    "ButtonRecord": "\u00cenregistreaz\u0103",
    "ButtonDelete": "\u0218terge",
    "ButtonRemove": "Elimin\u0103",
    "OptionRecordSeries": "\u00cenregistreaz\u0103 seriale",
    "HeaderDetails": "Detalii",
    "TitleLiveTV": "Live TV",
    "LabelNumberOfGuideDays": "Num\u0103rul de zile de ghid de desc\u0103rcat",
    "LabelNumberOfGuideDaysHelp": "Desc\u0103rc\u00e2nd mai multe zile de ghid va permite s\u0103 programa\u021bi mai \u00een avans \u0219i s\u0103 vizualiza\u021bi list\u0103rile mai \u00een viitor, dar desc\u0103rcarea va dura mai mult. \"Automat\" va alege \u00een func\u021bie de num\u0103rul de canale.",
    "OptionAutomatic": "Automat",
    "HeaderServices": "Servicii",
    "LabelCustomizeOptionsPerMediaType": "Personaliza\u021bi pentru tipul de media:",
    "OptionDownloadThumbImage": "Miniatur\u0103",
    "OptionDownloadMenuImage": "Meniu",
    "OptionDownloadLogoImage": "Logo",
    "OptionDownloadBoxImage": "Caset\u0103",
    "OptionDownloadDiscImage": "Disc",
    "OptionDownloadBannerImage": "Baner",
    "OptionDownloadBackImage": "\u00cenapoi",
    "OptionDownloadArtImage": "Fundal",
    "OptionDownloadPrimaryImage": "Primar",
    "HeaderFetchImages": "Preia imagini:",
    "TabOther": "Altele",
    "LabelMaxBackdropsPerItem": "Num\u0103rul maxim de fundaluri pentru fiecare element:",
    "LabelMaxScreenshotsPerItem": "Num\u0103rul maxim de capturi pentru fiecare element:",
    "LabelMinBackdropDownloadWidth": "L\u0103\u021bimea maxim\u0103 pentru fundalurile desc\u0103rcate:",
    "LabelMinScreenshotDownloadWidth": "Minimum screenshot download width:",
    "ButtonAddScheduledTaskTrigger": "Adaug\u0103 declan\u0219ator",
    "HeaderAddScheduledTaskTrigger": "Adaug\u0103 declan\u0219ator",
    "ButtonAdd": "Adaug\u0103",
    "LabelTriggerType": "Tip Declan\u0219ator",
    "OptionDaily": "Zilnic",
    "OptionWeekly": "Weekly",
    "OptionOnInterval": "On an interval",
    "OptionOnAppStartup": "On application startup",
    "OptionAfterSystemEvent": "After a system event",
    "LabelDay": "Day:",
    "LabelTime": "Time:",
    "LabelEvent": "Event:",
    "OptionWakeFromSleep": "Wake from sleep",
    "LabelEveryXMinutes": "Every:",
    "HeaderTvTuners": "Tuners",
    "TabFolders": "Folders",
    "LabelSpecialSeasonsDisplayName": "Special season display name:",
    "LabelEnableRealtimeMonitor": "Enable real time monitoring",
    "LabelEnableRealtimeMonitorHelp": "Changes to files will be processed immediately, on supported file systems.",
    "HeaderMediaFolders": "Media Folders",
    "HeaderThemeVideos": "Theme Videos",
    "HeaderThemeSongs": "Theme Songs",
    "HeaderSpecialFeatures": "Special Features",
    "HeaderAdditionalParts": "Additional Parts",
    "ButtonSplitVersionsApart": "Split Versions Apart",
    "ButtonPlayTrailer": "Trailer",
    "LabelMissing": "Missing",
    "OptionSpecialEpisode": "Specials",
    "OptionMissingEpisode": "Missing Episodes",
    "OptionUnairedEpisode": "Unaired Episodes",
    "OptionEpisodeSortName": "Episode Sort Name",
    "OptionTvdbRating": "Tvdb Rating",
    "HeaderAddTitles": "Add Titles",
    "TabHome": "Home",
    "HeaderLinks": "Links",
    "LinkCommunity": "Community",
    "LinkGithub": "Github",
    "LinkApi": "Api",
    "LabelFriendlyServerName": "Friendly server name:",
    "LabelFriendlyServerNameHelp": "This name will be used to identify this server. If left blank, the computer name will be used.",
    "LabelPreferredDisplayLanguage": "Preferred display language:",
    "LabelPreferredDisplayLanguageHelp": "Translating Emby is an ongoing project.",
    "LabelReadHowYouCanContribute": "Learn how you can contribute.",
    "ButtonSubmit": "Submit",
    "ButtonCreate": "Create",
    "LabelCustomCss": "Custom css:",
    "LabelCustomCssHelp": "Apply your own custom css to the web interface.",
    "LabelLocalHttpServerPortNumber": "Local http port number:",
    "LabelLocalHttpServerPortNumberHelp": "The tcp port number that Emby's http server should bind to.",
    "LabelPublicHttpPort": "Public http port number:",
    "LabelPublicHttpPortHelp": "The public port number that should be mapped to the local http port.",
    "LabelPublicHttpsPort": "Public https port number:",
    "LabelPublicHttpsPortHelp": "The public port number that should be mapped to the local https port.",
    "RequireHttps": "Require https for external connections",
    "RequireHttpsHelp": "If enabled, connections over http will be redirected to https.",
    "LabelHttpsPort": "Local https port number:",
    "LabelHttpsPortHelp": "The tcp port number that Emby's https server should bind to.",
    "LabelEnableAutomaticPortMap": "Enable automatic port mapping",
    "LabelEnableAutomaticPortMapHelp": "Attempt to automatically map the public port to the local port via UPnP. This may not work with some router models.",
    "LabelExternalDDNS": "External domain:",
    "LabelExternalDDNSHelp": "If you have a dynamic DNS or domain name, enter it here, without protocol or port. Emby apps will use it when connecting remotely. This field is required when used with a custom ssl certificate. Example: mydomain.com.",
    "LabelMinResumePercentage": "Min resume percentage:",
    "LabelMaxResumePercentage": "Max resume percentage:",
    "LabelMinResumeDuration": "Min resume duration (seconds):",
    "LabelMinResumePercentageHelp": "Titles are assumed unplayed if stopped before this time",
    "LabelMaxResumePercentageHelp": "Titles are assumed fully played if stopped after this time",
    "LabelMinResumeDurationHelp": "Titles shorter than this will not be resumable",
    "HeaderName": "Name",
    "HeaderDate": "Date",
    "HeaderSource": "Source",
    "HeaderStatus": "Status",
    "HeaderDestination": "Destination",
    "Subscriptions": "Subscriptions",
    "HeaderProgram": "Program",
    "HeaderClients": "Clients",
    "LabelCompleted": "Completed",
    "LabelFailed": "Failed",
    "LabelSkipped": "Skipped",
    "LabelSeries": "Series:",
    "LabelEndingEpisodeNumber": "Ending episode number:",
    "LabelEndingEpisodeNumberHelp": "Only required for multi-episode files",
    "HeaderSupportTheTeam": "Support the Emby Team",
    "HeaderSupportTheTeamHelp": "Help ensure the continued development of this project by purchasing Emby Premiere. A portion of all income will be contributed to other free tools we depend on.",
    "DonationNextStep": "Once complete, please return and enter your Emby Premiere key, which you will receive by email.",
    "LabelSeasonFolderPattern": "Season folder pattern:",
    "LabelSeasonZeroFolderName": "Season zero folder name:",
    "HeaderResult": "Result",
    "LabelTransferMethod": "Transfer method",
    "HeaderLatestNews": "Latest News",
    "HeaderRunningTasks": "Running Tasks",
    "HeaderActiveDevices": "Active Devices",
    "HeaderPendingInstallations": "Pending Installations",
    "ButtonRestartNow": "Restart Now",
    "ButtonShutdown": "Shutdown Emby Server",
    "ButtonUpdateNow": "Update Now",
    "TabHosting": "Hosting",
    "PleaseUpdateManually": "Please shutdown Emby Server and install the latest version.",
    "NewServerVersionAvailable": "A new version of Emby Server is available!",
    "ServerUpToDate": "Emby Server is up to date",
    "LabelComponentsUpdated": "The following components have been installed or updated:",
    "MessagePleaseRestartServerToFinishUpdating": "Please restart the server to finish applying updates.",
    "LabelDownMixAudioScale": "Audio boost when downmixing:",
    "LabelDownMixAudioScaleHelp": "Boost audio when downmixing. Set to 1 to preserve original volume value.",
    "LabelCurrentEmailAddress": "Current email address",
    "LabelCurrentEmailAddressHelp": "The current email address to which your new key was sent.",
    "HeaderForgotKey": "Forgot Key",
    "LabelSupporterEmailAddress": "The email address that was used to purchase the key.",
    "ButtonRetrieveKey": "Retrieve Key",
    "LabelSupporterKey": "Emby Premiere key (paste from email):",
    "LabelSupporterKeyHelp": "Enter your Emby Premiere key to start enjoying additional benefits.",
    "MessageInvalidKey": "Emby Premiere key is missing or invalid.",
    "ErrorMessageInvalidKey": "In order for any premium content to be registered, you must also have an active Emby Premiere subscription.",
    "HeaderRequireManualLogin": "Require manual username entry for:",
    "HeaderRequireManualLoginHelp": "When disabled, Emby apps may present a login screen with a visual selection of users.",
    "OptionOtherApps": "Other apps",
    "OptionMobileApps": "Mobile apps",
    "LabelNotificationEnabled": "Enable this notification",
    "LabelMonitorUsers": "Monitor activity from:",
    "LabelSendNotificationToUsers": "Send the notification to:",
    "LabelUseNotificationServices": "Use the following services:",
    "CategoryUser": "User",
    "CategorySystem": "System",
    "CategoryApplication": "Application",
    "CategoryPlugin": "Plugin",
    "LabelAvailableTokens": "Available tokens:",
    "AdditionalNotificationServices": "Browse the Emby {0}plugin catalog{1} to install additional notification services.",
    "OptionAllUsers": "All users",
    "OptionAdminUsers": "Administrators",
    "OptionCustomUsers": "Custom",
    "ButtonArrowUp": "Up",
    "ButtonArrowDown": "Down",
    "ButtonArrowLeft": "Left",
    "ButtonArrowRight": "Right",
    "ButtonBack": "Back",
    "ButtonInfo": "Info",
    "ButtonHome": "Home",
    "ButtonSearch": "Search",
    "ButtonSettings": "Settings",
    "Audio": "Audio",
    "PlayOnAnotherDevice": "Play on another device",
    "LetterButtonAbbreviation": "A",
    "TabControls": "Controls",
    "ButtonSubtitles": "Subtitles",
    "ButtonPreviousTrack": "Previous track",
    "ButtonNextTrack": "Next track",
    "ButtonStop": "Stop",
    "ButtonPause": "Pause",
    "ButtonNext": "Next",
    "ButtonPrevious": "Previous",
    "LabelGroupMoviesIntoCollections": "Group movies into collections",
    "LabelGroupMoviesIntoCollectionsHelp": "When displaying movie lists, movies belonging to a collection will be displayed as one grouped item.",
    "HeaderCollections": "Collections",
    "LabelMaxBitrate": "Max bitrate:",
    "LabelMaxBitrateHelp": "Specify a max bitrate in bandwidth constrained environments, or if the device imposes it's own limit.",
    "LabelMusicStaticBitrate": "Music sync bitrate:",
    "LabelMusicStaticBitrateHelp": "Specify a max bitrate when syncing music",
    "LabelDeviceDescription": "Device description",
    "HeaderDownloadSubtitlesFor": "Download subtitles for:",
    "LabelSkipIfGraphicalSubsPresent": "Skip if the video already contains embedded subtitles",
    "LabelSkipIfGraphicalSubsPresentHelp": "Keeping text versions of subtitles will result in more efficient delivery and decrease the likelihood of video transcoding.",
    "TabSubtitles": "Subtitles",
    "LabelDownloadLanguages": "Download languages:",
    "LabelSkipIfAudioTrackPresent": "Skip if the default audio track matches the download language",
    "LabelSkipIfAudioTrackPresentHelp": "Uncheck this to ensure all videos have subtitles, regardless of audio language.",
    "SendMessage": "Send message",
    "HeaderSendMessage": "Send Message",
    "ButtonSend": "Send",
    "ViewPlaybackInfo": "View playback info",
    "LabelMessageText": "Message text:",
    "LabelMessageTitle": "Message title:",
    "MessageNoAvailablePlugins": "No available plugins.",
    "LabelDisplayPluginsFor": "Show plugins for:",
    "PluginTabAppClassic": "Emby for Windows Media Center",
    "HeaderTypeText": "Enter Text",
    "LabelTypeText": "Text",
    "TabDisplay": "Display",
    "TabLanguages": "Languages",
    "TabAppSettings": "App Settings",
    "HeaderHomePage": "Home Page",
    "OptionAuto": "Auto",
    "OptionYes": "Yes",
    "OptionNo": "No",
    "HeaderOptions": "Options",
    "OptionResumablemedia": "Resume",
    "OptionLatestMedia": "Latest media",
    "OptionLatestChannelMedia": "Latest channel items",
    "OptionNone": "None",
    "HeaderLiveTv": "Live TV",
    "HeaderSettings": "Settings",
    "OptionDefaultSort": "Default",
    "TabNextUp": "Next Up",
    "MessageNoMovieSuggestionsAvailable": "No movie suggestions are currently available. Start watching and rating your movies, and then come back to view your recommendations.",
    "MessageNoCollectionsAvailable": "Collections allow you to enjoy personalized groupings of Movies, Series, Albums, Books and Games. Click the + button to start creating Collections.",
    "MessageNoPlaylistsAvailable": "Playlists allow you to create lists of content to play consecutively at a time. To add items to playlists, right click or tap and hold, then select Add to Playlist.",
    "MessageNoPlaylistItemsAvailable": "This playlist is currently empty.",
    "ButtonEditOtherUserPreferences": "Edit this user's profile, image and personal preferences.",
    "LabelChannelStreamQuality": "Preferred internet channel quality:",
    "LabelChannelStreamQualityHelp": "In a low bandwidth environment, limiting quality can help ensure a smooth streaming experience.",
    "OptionBestAvailableStreamQuality": "Best available",
    "ViewTypeMovies": "Movies",
    "ViewTypeTvShows": "TV",
    "ViewTypeGames": "Games",
    "ViewTypeMusic": "Music",
    "HeaderOtherDisplaySettings": "Display Settings",
    "ViewTypeMusicSongs": "Songs",
    "ViewTypeMusicFavorites": "Favorites",
    "ViewTypeMusicFavoriteAlbums": "Favorite Albums",
    "ViewTypeMusicFavoriteArtists": "Favorite Artists",
    "ViewTypeMusicFavoriteSongs": "Favorite Songs",
    "HeaderMyViews": "My Views",
    "OptionDisplayAdultContent": "Display adult content",
    "OptionLibraryFolders": "Media folders",
    "TitleRemoteControl": "Remote Control",
    "OptionDisplayChannelsInline": "Display channels as media folders",
    "OptionDisplayChannelsInlineHelp": "If enabled, channels will be displayed directly alongside other media libraries. If disabled, they'll be displayed within a separate Channels folder.",
    "LabelDisplayCollectionsView": "Display a collections view to show movie collections",
    "LabelDisplayCollectionsViewHelp": "This will create a separate view to display movie collections. To create a collection, right-click or tap-hold any movie and select 'Add to Collection'. ",
    "TabServices": "Services",
    "TabLogs": "Logs",
    "TabBranding": "Branding",
    "HeaderBrandingHelp": "Customize the appearance of Emby to fit the needs of your group or organization.",
    "LabelLoginDisclaimer": "Login disclaimer:",
    "LabelLoginDisclaimerHelp": "This will be displayed at the bottom of the login page.",
    "OptionList": "List",
    "TabDashboard": "Dashboard",
    "TitleServer": "Server",
    "LabelCache": "Cache:",
    "LabelLogs": "Logs:",
    "LabelMetadata": "Metadata:",
    "LabelTranscodingTemporaryFiles": "Transcoding temporary files:",
    "HeaderBranding": "Branding",
    "HeaderApiKeys": "Api Keys",
    "HeaderApiKeysHelp": "External applications are required to have an Api key in order to communicate with Emby Server. Keys are issued by logging in with an Emby account, or by manually granting the application a key.",
    "HeaderApiKey": "Api Key",
    "HeaderApp": "App",
    "HeaderDevice": "Device",
    "HeaderUser": "User",
    "HeaderDateIssued": "Date Issued",
    "HeaderHttpHeaders": "Http Headers",
    "TabView": "View",
    "TabFilter": "Filter",
    "ButtonView": "View",
    "LabelView": "View:",
    "TabUsers": "Users",
    "HeaderFeatures": "Features",
    "HeaderAdvanced": "Advanced",
    "HeaderScheduledTasks": "Scheduled Tasks",
    "HeaderResumeSettings": "Resume Settings",
    "TitleUsers": "Users",
    "ButtonClose": "Close",
    "LabelAllLanguages": "All languages",
    "OptionAll": "All",
    "LabelImage": "Image:",
    "HeaderImages": "Images",
    "HeaderBackdrops": "Backdrops",
    "LabelJpgPngOnly": "JPG\/PNG only",
    "OptionSeason0": "Season 0",
    "HeaderFetcherSettings": "Fetcher Settings",
    "HeaderActivity": "Activity",
    "PluginInstalledWithName": "{0} was installed",
    "PluginUpdatedWithName": "{0} was updated",
    "PluginUninstalledWithName": "{0} was uninstalled",
    "LabelIpAddressValue": "Ip address: {0}",
    "HeaderEmbyServer": "Emby Server",
    "MessageServerConfigurationUpdated": "Server configuration has been updated",
    "MessageNamedServerConfigurationUpdatedWithValue": "Server configuration section {0} has been updated",
    "MessageApplicationUpdated": "Emby Server has been updated",
    "ProviderValue": "Provider: {0}",
    "HeaderRecentActivity": "Recent Activity",
    "HeaderPeople": "People",
    "OptionComposers": "Composers",
    "OptionOthers": "Others",
    "ViewTypeFolders": "Folders",
    "OptionDisplayFolderView": "Display a folder view to show plain media folders",
    "OptionDisplayFolderViewHelp": "If enabled, Emby apps will display a Folders category alongside your media library. This is useful if you'd like to have plain folder views.",
    "ViewTypeLiveTvRecordingGroups": "Recordings",
    "ViewTypeLiveTvChannels": "Channels",
    "HeaderPassword": "Password",
    "HeaderViewOrder": "View Order",
    "HeaderPersonInfo": "Person Info",
    "HeaderConfirmDeletion": "Confirm Deletion",
    "LabelAlbumArtist": "Album artist:",
    "LabelAirDate": "Air days:",
    "LabelAirTime:": "Air time:",
    "LabelDisplaySpecialsWithinSeasons": "Display specials within seasons they aired in",
    "ButtonPurchase": "Purchase",
    "HeaderPhotoInfo": "Photo Info",
    "HeaderInstall": "Install",
    "LabelSelectVersionToInstall": "Select version to install:",
    "LinkLearnMoreAboutSubscription": "Learn about Emby Premiere",
    "MessagePluginRequiresSubscription": "This plugin will require an active Emby Premiere subscription after the 14 day free trial.",
    "MessagePremiumPluginRequiresMembership": "This plugin will require an active Emby Premiere subscription in order to purchase after the 14 day free trial.",
    "HeaderDeveloperInfo": "Developer Info",
    "HeaderRevisionHistory": "Revision History",
    "ButtonViewWebsite": "View website",
    "OptionSaveMetadataAsHidden": "Save metadata and images as hidden files",
    "LabelExtractThumbnailsDuringLibraryScan": "Create thumbnail images during the library scan",
    "LabelExtractThumbnailsDuringLibraryScanHelp": "If enabled, thumbnail images will be created when videos are imported during the library scan. If disabled they will be created during the thumbnail images scheduled task, allowing the regular library scan to complete faster.",
    "LabelConnectGuestUserName": "Their Emby Connect email address or username:",
    "LabelConnectUserName": "(Optional) Emby Connect username or email address:",
    "LabelConnectUserNameHelp": "Optionally link this local user to an existing Emby Connect account to enable easy sign-in access from any Emby app without having to know the server IP address.",
    "ButtonLearnMoreAboutEmbyConnect": "Learn more about Emby Connect",
    "LabelExternalPlayers": "External players:",
    "LabelNativeExternalPlayersHelp": "Play videos using external players.",
    "TabPlayback": "Playback",
    "TitlePlayback": "Playback",
    "LabelDateAddedBehavior": "Date added behavior for new content:",
    "OptionDateAddedImportTime": "Use date scanned into the library",
    "OptionDateAddedFileTime": "Use file creation date",
    "LabelDateAddedBehaviorHelp": "If a metadata value is present it will always be used before either of these options.",
    "TitleDevices": "Devices",
    "TabCameraUpload": "Camera Upload",
    "TabDevices": "Devices",
    "HeaderLibrarySettings": "Library Settings",
    "HeaderThumbnailImages": "Thumbnail Images",
    "HeaderSubtitleDownloads": "Subtitle Downloads",
    "HeaderCameraUploadHelp": "Emby apps can automatically upload photos taken from your mobile devices into Emby Server.",
    "LabelCameraUploadPath": "Camera upload path:",
    "LabelCameraUploadPathHelp": "Select a custom upload path. This will override any default settings set in the Camera Upload section. If left blank, a default folder will be used. If using a custom path it will also need to be added as a library in Emby library setup.",
    "DefaultCameraUploadPathHelp": "Select a custom upload path. If left blank, a default folder will be used. If using a custom path it will also need to be added as a library in Emby library setup.",
    "LabelCreateCameraUploadSubfolder": "Create a subfolder for each device",
    "LabelCreateCameraUploadSubfolderHelp": "Specific folders can be assigned to a device by clicking on it from the Devices page.",
    "LabelCustomDeviceDisplayName": "Display name:",
    "LabelCustomDeviceDisplayNameHelp": "Supply a custom display name or leave empty to use the name reported by the device.",
    "HeaderInviteUser": "Invite User",
    "LabelConnectGuestUserNameHelp": "This is the username that your friend uses to sign in to the Emby website, or their email address.",
    "HeaderInviteUserHelp": "Sharing your media with friends is easier than ever before with Emby Connect.",
    "ButtonSendInvitation": "Send Invitation",
    "HeaderGuests": "Guests",
    "HeaderPendingInvitations": "Pending Invitations",
    "TabParentalControl": "Parental Control",
    "HeaderAccessSchedule": "Access Schedule",
    "HeaderAccessScheduleHelp": "Create an access schedule to limit access to certain hours.",
    "LabelAccessDay": "Day of week:",
    "LabelAccessStart": "Start time:",
    "LabelAccessEnd": "End time:",
    "HeaderSchedule": "Schedule",
    "OptionEveryday": "Every day",
    "OptionWeekdays": "Weekdays",
    "OptionWeekends": "Weekends",
    "HeaderOptionalLinkEmbyAccount": "Optional: Link your Emby Connect account",
    "ButtonTrailer": "Trailer",
    "MessageNoTrailersFound": "No trailers found. Install the Trailer channel to enhance your movie experience by adding a library of internet trailers.",
    "HeaderNewUsers": "New Users",
    "TitleNewUser": "New User",
    "ButtonConfigurePassword": "Configure Password",
    "HeaderDashboardUserPassword": "User passwords are managed within each user's personal profile settings.",
    "HeaderLibraryAccess": "Library Access",
    "HeaderChannelAccess": "Channel Access",
    "HeaderLatestItems": "Latest Items",
    "LabelForgotPasswordUsernameHelp": "Enter your username, if you remember it.",
    "TitlePasswordReset": "Password Reset",
    "HeaderParentalRatings": "Parental Ratings",
    "HeaderVideoTypes": "Video Types",
    "HeaderYears": "Years",
    "HeaderBlockItemsWithNoRating": "Block items with no or unrecognized rating information:",
    "LabelBlockContentWithTags": "Restrict Items With Tags",
    "LabelTagRestrictionMode": "Tag restriction mode:",
    "BlockItemsWithTheseTags": "Block items with these tags",
    "AllowItemsWithTheseTags": "Allow only items with these tags",
    "TabActivity": "Activity",
    "OptionAllowSyncContent": "Allow Sync",
    "OptionAllowContentDownloading": "Allow media downloading",
    "LabelNewUserNameHelp": "Usernames can contain letters (a-z), numbers (0-9), dashes (-), underscores (_), apostrophes ('), and periods (.)",
    "HeaderThisUserIsCurrentlyDisabled": "This user is currently disabled. To enable this user, please see the option at the bottom of this page.",
    "OptionEnableTranscodingThrottle": "Enable throttling",
    "OptionEnableTranscodingThrottleHelp": "Throttling will automatically adjust transcoding speed in order to minimize server cpu utilization during playback.",
    "LabelUploadSpeedLimit": "Upload speed limit (Mbps):",
    "OptionAllowSyncTranscoding": "Allow media downloading that requires transcoding",
    "AllowMediaConversion": "Allow media conversion",
    "AllowMediaConversionHelp": "Grant or deny access to the convert media feature.",
    "HeaderPlayback": "Media Playback",
    "OptionAllowAudioPlaybackTranscoding": "Allow audio playback that requires transcoding",
    "OptionAllowVideoPlaybackTranscoding": "Allow video playback that requires transcoding",
    "OptionAllowVideoPlaybackRemuxing": "Allow video playback that requires conversion without re-encoding",
    "OptionAllowMediaPlaybackTranscodingHelp": "Restricting access to transcoding will disable quality selection and may cause playback failures in Emby apps due to unsupported media formats or insufficient network bandwidth.",
    "TabStreaming": "Streaming",
    "LabelRemoteClientBitrateLimit": "Internet streaming bitrate limit (Mbps):",
    "LabelRemoteClientBitrateLimitHelp": "An optional per-stream bitrate limit for all out of network devices. This is useful to prevent devices from requesting a higher bitrate than your internet connection can handle. This may result in increased CPU load on your server in order to transcode videos on the fly to a lower bitrate.",
    "LabelUserRemoteClientBitrateLimitHelp": "This will override the default global value set in advanced server settings.",
    "LabelConversionCpuCoreLimit": "CPU core limit:",
    "LabelConversionCpuCoreLimitHelp": "Limit the number of CPU cores that will be used during background conversion.",
    "OptionEnableFullSpeedConversion": "Enable full speed conversion",
    "OptionEnableFullSpeedConversionHelp": "By default, conversions are performed at a low speed to minimize resource consumption.",
    "TabPhotos": "Photos",
    "HeaderWelcomeToEmby": "Welcome to Emby",
    "EmbyIntroMessage": "With Emby you can easily stream videos, music and photos to smart phones, tablets and other devices from your Emby Server.",
    "ButtonConnect": "Connect",
    "HeaderNewServer": "New Server",
    "HeaderExport": "Export",
    "HeaderColumns": "Columns",
    "ButtonReset": "Reset",
    "OptionEnableExternalVideoPlayers": "Enable external video players",
    "LabelEnableFullScreen": "Enable fullscreen mode",
    "TabHomeScreen": "Home Screen",
    "HeaderDisplay": "Display",
    "HeaderNavigation": "Navigation",
    "OptionEnableAutomaticServerUpdates": "Enable automatic server updates",
    "HeaderOverview": "Overview",
    "HeaderType": "Type",
    "HeaderTunerDevices": "Tuner Devices",
    "HeaderTVSources": "TV Sources",
    "HeaderAddDevice": "Add Device",
    "HeaderExternalServices": "External Services",
    "LabelTunerIpAddress": "Tuner IP Address:",
    "HeaderGuideProviders": "TV Guide Data Providers",
    "AddGuideProviderHelp": "Add a source for TV Guide information",
    "LabelZipCode": "Zip Code:",
    "GuideProviderSelectListings": "Select Listings",
    "GuideProviderLogin": "Login",
    "LabelLineup": "Lineup:",
    "MessageTunerDeviceNotListed": "Is your tuner device not listed? Try installing an external service provider for more Live TV options.",
    "LabelImportOnlyFavoriteChannels": "Restrict to channels marked as favorite",
    "ImportFavoriteChannelsHelp": "If enabled, only channels that are marked as favorite on the tuner device will be imported.",
    "ButtonRepeat": "Repeat",
    "LabelEnableThisTuner": "Enable this tuner",
    "LabelEnableThisTunerHelp": "Uncheck to prevent importing channels from this tuner.",
    "HeaderImagePrimary": "Primary",
    "HeaderImageBackdrop": "Backdrop",
    "HeaderImageLogo": "Logo",
    "HeaderUserPrimaryImage": "User Image",
    "ButtonProfile": "Profile",
    "ButtonProfileHelp": "Set your profile image and password.",
    "HeaderHomeScreenSettings": "Home Screen settings",
    "HeaderProfile": "Profile",
    "HeaderLanguage": "Language",
    "LabelTranscodingThreadCount": "Transcoding thread count:",
    "LabelTranscodingThreadCountHelp": "Select the maximum number of threads to use when transcoding. Reducing the thread count will lower cpu usage but may not convert fast enough for a smooth playback experience.",
    "OptionMax": "Max",
    "LabelTunerType": "Tuner type:",
    "HeaderSetupTVGuide": "Setup TV Guide",
    "LabelDataProvider": "Data provider:",
    "HeaderDefaultRecordingSettings": "Default Recording Settings",
    "OptionEnableRecordingSubfolders": "Create sub-folders for categories such as Sports, Kids, etc.",
    "HeaderSubtitles": "Subtitles",
    "HeaderVideos": "Videos",
    "LabelHardwareAccelerationType": "Hardware acceleration:",
    "LabelHardwareAccelerationTypeHelp": "Available on supported systems only.",
    "HeaderAdmin": "Admin",
    "HeaderCameraUpload": "Camera Upload",
    "ButtonClear": "Clear",
    "LabelFolder": "Folder:",
    "HeadersFolders": "Folders",
    "LabelDisplayName": "Display name:",
    "OptionConvertRecordingsToStreamingFormat": "Automatically convert recordings to a streaming friendly format",
    "OptionConvertRecordingsToStreamingFormatHelp": "Recordings will be converted on the fly to MKV for easy playback on your devices.",
    "OptionDownloadImagesInAdvance": "Download images in advance",
    "OptionDownloadImagesInAdvanceHelp": "By default, most images are only downloaded when requested by an Emby app. Enable this option to download all images in advance, as new media is imported. This may cause significantly longer library scans.",
    "DeleteImage": "Delete Image",
    "MessageThankYouForSupporting": "Thank you for supporting Emby.",
    "FileReadCancelled": "The file read has been canceled.",
    "FileNotFound": "File not found.",
    "FileReadError": "An error occurred while reading the file.",
    "PinCodeResetComplete": "The pin code has been reset.",
    "PinCodeResetConfirmation": "Are you sure you wish to reset the pin code?",
    "HeaderPinCodeReset": "Reset Pin Code",
    "NoPluginConfigurationMessage": "This plugin has no settings to configure.",
    "NoPluginsInstalledMessage": "You have no plugins installed.",
    "BrowsePluginCatalogMessage": "Browse our plugin catalog to view available plugins.",
    "HeaderNewApiKey": "New Api Key",
    "LabelAppName": "App name",
    "LabelAppNameExample": "Example: Sickbeard, NzbDrone",
    "HeaderNewApiKeyHelp": "Grant an application permission to communicate with Emby Server.",
    "MessageKeyEmailedTo": "Key emailed to {0}.",
    "HeaderConfirmation": "Confirmation",
    "MessageKeyUpdated": "Thank you. Your Emby Premiere key has been updated.",
    "MessageKeyRemoved": "Thank you. Your Emby Premiere key has been removed.",
    "TextEnjoyBonusFeatures": "Bucura\u021bi-v\u0103 de caracteristicile Bonus",
    "HeaderAddTag": "Add Tag",
    "ButtonSelectView": "Select view",
    "LabelFromHelp": "Example: {0} (on the server)",
    "MessageErrorLoadingSupporterInfo": "There was an error loading Emby Premiere information. Please try again later.",
    "HeaderConfirmRemoveUser": "Remove User",
    "ValueTimeLimitSingleHour": "Time limit: 1 hour",
    "ValueTimeLimitMultiHour": "Time limit: {0} hours",
    "General": "General",
    "HeaderScreenSavers": "Screen Savers",
    "Notifications": "Notifications",
    "Metadata": "Metadata",
    "Reporting": "Reporting",
    "HeaderSearch": "Search",
    "ValueDateCreated": "Date created: {0}",
    "LabelArtist": "Artist",
    "LabelMovie": "Movie",
    "LabelMusicVideo": "Music Video",
    "LabelEpisode": "Episode",
    "Series": "Series",
    "LabelStopping": "Stopping",
    "LabelCancelled": "Cancelled",
    "ButtonDownload": "Download",
    "HeaderDevices": "Devices",
    "HeaderSelectCertificatePath": "Select Certificate Path",
    "HeaderSupporterBenefit": "An active Emby Premiere subscription provides additional benefits such as access to Emby DVR, offline media, premium plugins, and more. {0}Learn more{1}.",
    "HeaderWelcomeBack": "Welcome back!",
    "HeaderSelectDevices": "Select Devices",
    "ButtonReenable": "Re-enable",
    "LabelAbortedByServerShutdown": "(Aborted by server shutdown)",
    "LabelScheduledTaskLastRan": "Last ran {0}, taking {1}.",
    "HeaderDeleteTaskTrigger": "Delete Task Trigger",
    "MessageDeleteTaskTrigger": "Are you sure you wish to delete this task trigger?",
    "MessageNoPluginsInstalled": "You have no plugins installed.",
    "MessageNoPluginsDueToAppStore": "To manage plugins, please use the Emby web app.",
    "LabelVersionInstalled": "{0} installed",
    "LabelNumberReviews": "{0} Reviews",
    "LabelFree": "Free",
    "HeaderSelectAudio": "Select Audio",
    "HeaderSelectSubtitles": "Select Subtitles",
    "LabelDefaultStream": "(Default)",
    "LabelForcedStream": "(Forced)",
    "LabelDefaultForcedStream": "(Default\/Forced)",
    "LabelUnknownLanguage": "Unknown language",
    "ButtonMute": "Mute",
    "ButtonUnmute": "Unmute",
    "ButtonPlaylist": "Playlist",
    "LabelEnabled": "Enabled",
    "LabelDisabled": "Disabled",
    "Disabled": "Disabled",
    "ButtonMoreInformation": "More Information",
    "LabelNoUnreadNotifications": "No unread notifications.",
    "HeaderConfirmSeriesCancellation": "Confirm Series Cancellation",
    "HeaderConfirmRecordingDeletion": "Confirm Recording Deletion",
    "OptionWeekend": "Weekends",
    "OptionWeekday": "Weekdays",
    "LiveTvUpdateAvailable": "(Update available)",
    "LabelVersionUpToDate": "Up to date!",
    "ButtonResetTuner": "Reset tuner",
    "HeaderResetTuner": "Reset Tuner",
    "MessageConfirmResetTuner": "Are you sure you wish to reset this tuner? Any active players or recordings will be abruptly stopped.",
    "ButtonCancelSeries": "Cancel Series",
    "HeaderSeriesRecordings": "Series Recordings",
    "LabelAnytime": "Any time",
    "StatusRecording": "Recording",
    "StatusWatching": "Watching",
    "StatusRecordingProgram": "Recording {0}",
    "StatusWatchingProgram": "Watching {0}",
    "HeaderSplitMedia": "Split Media Apart",
    "MessageConfirmSplitMedia": "Are you sure you wish to split the media sources into separate items?",
    "HeaderError": "Error",
    "HeaderSelectServerCachePath": "Select Server Cache Path",
    "HeaderSelectTranscodingPath": "Select Transcoding Temporary Path",
    "HeaderSelectMetadataPath": "Select Metadata Path",
    "HeaderSelectServerCachePathHelp": "Browse or enter the path to use for server cache files. The folder must be writeable.",
    "HeaderSelectTranscodingPathHelp": "Browse or enter the path to use for transcoding temporary files. The folder must be writeable.",
    "HeaderSelectMetadataPathHelp": "Browse or enter the path you'd like to store metadata within. The folder must be writeable.",
    "MessageFileWillBeDeleted": "The following file will be deleted:",
    "MessageSureYouWishToProceed": "Are you sure you wish to proceed?",
    "MessageFollowingFileWillBeMovedFrom": "The following file will be moved from:",
    "MessageDestinationTo": "to:",
    "HeaderRestart": "Restart",
    "HeaderShutdown": "Shutdown",
    "MessageConfirmRestart": "Are you sure you wish to restart Emby Server?",
    "MessageConfirmShutdown": "Are you sure you wish to shutdown Emby Server?",
    "ValueItemCount": "{0} item",
    "ValueItemCountPlural": "{0} items",
    "NewVersionOfSomethingAvailable": "A new version of {0} is available!",
    "VersionXIsAvailableForDownload": "Version {0} is now available for download.",
    "LabelVersionNumber": "Version {0}",
    "LabelPlayMethodTranscoding": "Transcoding",
    "LabelPlayMethodDirectStream": "Direct Streaming",
    "LabelPlayMethodDirectPlay": "Direct Playing",
    "LabelLocalAccessUrl": "In-Home (LAN) access: {0}",
    "LabelRemoteAccessUrl": "Remote (WAN) access: {0}",
    "LabelRunningOnPort": "Running on http port {0}.",
    "LabelRunningOnPorts": "Running on http port {0}, and https port {1}.",
    "HeaderLatestFromChannel": "Latest from {0}",
    "ButtonRemoteControl": "Remote Control",
    "HeaderLatestTvRecordings": "Latest Recordings",
    "LabelCurrentPath": "Current path:",
    "HeaderSelectMediaPath": "Select Media Path",
    "HeaderSelectPath": "Select Path",
    "ButtonNetwork": "Network",
    "MessageDirectoryPickerInstruction": "Network paths can be entered manually in the event the Network button fails to locate your devices. For example, {0} or {1}.",
    "MessageDirectoryPickerBSDInstruction": "For BSD, you may need to configure storage within your FreeNAS Jail in order to allow Emby to access it.",
    "MessageDirectoryPickerLinuxInstruction": "For Linux on Arch Linux, CentOS, Debian, Fedora, OpenSuse, or Ubuntu, you must grant the Emby system user at least read access to your storage locations.",
    "HeaderMenu": "Menu",
    "ButtonOpen": "Open",
    "ButtonShuffle": "Shuffle",
    "HeaderAudioTracks": "Audio Tracks",
    "HeaderLibraries": "Libraries",
    "MessageErrorPlayingVideo": "There was an error playing the video.",
    "MessageEnsureOpenTuner": "Please ensure there is an open tuner availalble.",
    "ButtonReports": "Reports",
    "MetadataManager": "Metadata Manager",
    "HeaderTime": "Time",
    "LabelAddedOnDate": "Added {0}",
    "ButtonStart": "Start",
    "OptionBlockOthers": "Others",
    "OptionBlockTvShows": "TV Shows",
    "OptionBlockTrailers": "Trailers",
    "OptionBlockMusic": "Music",
    "OptionBlockMovies": "Movies",
    "OptionBlockBooks": "Books",
    "OptionBlockGames": "Games",
    "OptionBlockLiveTvPrograms": "Live TV Programs",
    "OptionBlockLiveTvChannels": "Live TV Channels",
    "OptionBlockChannelContent": "Internet Channel Content",
    "ButtonRevoke": "Revoke",
    "MessageConfirmRevokeApiKey": "Are you sure you wish to revoke this api key? The application's connection to Emby Server will be abruptly terminated.",
    "HeaderConfirmRevokeApiKey": "Revoke Api Key",
    "ValueContainer": "Container: {0}",
    "ValueAudioCodec": "Audio Codec: {0}",
    "ValueVideoCodec": "Video Codec: {0}",
    "ValueCodec": "Codec: {0}",
    "ValueConditions": "Conditions: {0}",
    "LabelAll": "All",
    "HeaderDeleteImage": "Delete Image",
    "MessageFileNotFound": "File not found.",
    "ButtonNextPage": "Next Page",
    "ButtonPreviousPage": "Previous Page",
    "MessagePleaseAcceptTermsOfServiceBeforeContinuing": "Please accept the terms of service before continuing.",
    "OptionOff": "Off",
    "OptionOn": "On",
    "ButtonUninstall": "Uninstall",
    "HeaderLiveTV": "Live TV",
    "MissingPrimaryImage": "Missing primary image.",
    "MissingBackdropImage": "Missing backdrop image.",
    "MissingLogoImage": "Missing logo image.",
    "MissingEpisode": "Missing episode.",
    "OptionBackdrops": "Backdrops",
    "OptionImages": "Images",
    "OptionKeywords": "Keywords",
    "OptionTags": "Tags",
    "OptionStudios": "Studios",
    "OptionName": "Name",
    "OptionOverview": "Overview",
    "OptionGenres": "Genres",
    "OptionPeople": "People",
    "OptionBirthLocation": "Birth Location",
    "HeaderChangeFolderType": "Change Content Type",
    "HeaderChangeFolderTypeHelp": "To change the type, please remove and rebuild the library with the new type.",
    "HeaderAlert": "Alert",
    "MessagePleaseRestart": "Please restart to finish updating.",
    "ButtonHide": "Hide",
    "MessageSettingsSaved": "Settings saved.",
    "TabLibrary": "Library",
    "TabLiveTV": "Live TV",
    "TabPlugins": "Plugins",
    "TabHelp": "Help",
    "HeaderNotifications": "Notifications",
    "HeaderSelectPlayer": "Select Player",
    "HeaderSpecials": "Specials",
    "HeaderTrailers": "Trailers",
    "HeaderResolution": "Resolution",
    "HeaderRuntime": "Runtime",
    "HeaderParentalRating": "Parental Rating",
    "HeaderReleaseDate": "Release date",
    "HeaderSeries": "Series:",
    "HeaderSeason": "Season",
    "HeaderSeasonNumber": "Season number",
    "HeaderNetwork": "Network",
    "HeaderYear": "Year:",
    "HeaderEmbeddedImage": "Embedded image",
    "HeaderTrack": "Track",
    "OptionCollections": "Collections",
    "OptionSeries": "Series",
    "OptionGames": "Games",
    "OptionGameSystems": "Game systems",
    "OptionMusicArtists": "Music artists",
    "OptionMusicAlbums": "Music albums",
    "OptionMusicVideos": "Music videos",
    "OptionSongs": "Songs",
    "OptionHomeVideos": "Home videos & photos",
    "OptionBooks": "Books",
    "ButtonUp": "Up",
    "ButtonDown": "Down",
    "LabelMetadataReaders": "Metadata readers:",
    "LabelMetadataReadersHelp": "Rank your preferred local metadata sources in order of priority. The first file found will be read.",
    "LabelSubtitleDownloaders": "Subtitle downloaders:",
    "SubtitleDownloadersHelp": "Enable and rank your preferred subtitle downloaders in order of priority. More subtitle providers can be installed using the Emby plugin catalog.",
    "LabelMetadataDownloaders": "Metadata downloaders:",
    "LabelMetadataDownloadersHelp": "Enable and rank your preferred metadata downloaders in order of priority. Lower priority downloaders will only be used to fill in missing information.",
    "LabelMetadataSavers": "Metadata savers:",
    "LabelMetadataSaversHelp": "Choose the file formats to save your metadata to.",
    "LabelImageFetchers": "Image fetchers:",
    "LabelImageFetchersHelp": "Enable and rank your preferred image fetchers in order of priority.",
    "PersonTypePerson": "Person",
    "OptionSortName": "Sort name",
    "LabelDateOfBirth": "Date of birth:",
    "HeaderRemoveMediaLocation": "Remove Media Location",
    "MessageConfirmRemoveMediaLocation": "Are you sure you wish to remove this location?",
    "LabelNewName": "New name:",
    "HeaderRemoveMediaFolder": "Remove Media Folder",
    "MessageTheFollowingLocationWillBeRemovedFromLibrary": "The following media locations will be removed from your Emby library:",
    "MessageAreYouSureYouWishToRemoveMediaFolder": "Are you sure you wish to remove this media folder?",
    "ButtonRename": "Rename",
    "ButtonChangeContentType": "Change content type",
    "HeaderMediaLocations": "Media Locations",
    "LabelContentTypeValue": "Content type: {0}",
    "FolderTypeUnset": "Mixed content",
    "HeaderPluginInstallation": "Plugin Installation",
    "MessageAlreadyInstalled": "This version is already installed.",
    "MessageYouHaveVersionInstalled": "You currently have version {0} installed.",
    "MessageTrialExpired": "The trial period for this feature has expired",
    "MessageTrialWillExpireIn": "The trial period for this feature will expire in {0} day(s)",
    "MessageInstallPluginFromApp": "This plugin must be installed from with in the app you intend to use it in.",
    "ValuePriceUSD": "Price: {0} (USD)",
    "MessageFeatureIncludedWithSupporter": "You are registered for this feature, and will be able to continue using it with an active Emby Premiere subscription.",
    "HeaderUnrated": "Unrated",
    "HeaderUnknownDate": "Unknown Date",
    "HeaderUnknownYear": "Unknown Year",
    "HeaderSelectExternalPlayer": "Select External Player",
    "HeaderExternalPlayerPlayback": "External Player Playback",
    "OptionWatched": "Watched",
    "OptionUnwatched": "Unwatched",
    "LabelMarkAs": "Mark as:",
    "OptionInProgress": "In-Progress",
    "LabelResumePoint": "Resume point:",
    "ValueOneTrailer": "1 trailer",
    "ValueTrailerCount": "{0} trailers",
    "ValueSeriesYearToPresent": "{0} - Present",
    "ValueAwards": "Awards: {0}",
    "ValuePremiered": "Premiered {0}",
    "ValuePremieres": "Premieres {0}",
    "ValueStudio": "Studio: {0}",
    "ValueStudios": "Studios: {0}",
    "ValueStatus": "Status: {0}",
    "LabelLimit": "Limit:",
    "ValueLinks": "Links: {0}",
    "ValueArtist": "Artist: {0}",
    "ValueArtists": "Artists: {0}",
    "MediaInfoCameraMake": "Camera make",
    "MediaInfoCameraModel": "Camera model",
    "MediaInfoAltitude": "Altitude",
    "MediaInfoAperture": "Aperture",
    "MediaInfoExposureTime": "Exposure time",
    "MediaInfoFocalLength": "Focal length",
    "MediaInfoOrientation": "Orientation",
    "MediaInfoIsoSpeedRating": "Iso speed rating",
    "MediaInfoLatitude": "Latitude",
    "MediaInfoLongitude": "Longitude",
    "MediaInfoShutterSpeed": "Shutter speed",
    "MediaInfoSoftware": "Software",
    "HeaderMovies": "Movies",
    "HeaderAlbums": "Albums",
    "HeaderGames": "Games",
    "HeaderBooks": "Books",
    "HeaderEpisodes": "Episodes",
    "HeaderTracks": "Tracks",
    "HeaderItems": "Items",
    "HeaderOtherItems": "Other Items",
    "ValueAsRole": "as {0}",
    "ValueGuestStar": "Guest star",
    "TabExpert": "Expert",
    "HeaderSelectCustomIntrosPath": "Select Custom Intros Path",
    "HeaderThankYou": "Thank You",
    "ReleaseYearValue": "Release year: {0}",
    "TabExtras": "Extras",
    "DeviceLastUsedByUserName": "Last used by {0}",
    "HeaderSelectUploadPath": "Select Upload Path",
    "ErrorMessageStartHourGreaterThanEnd": "End time must be greater than the start time.",
    "ButtonLibraryAccess": "Library access",
    "ButtonParentalControl": "Parental control",
    "MessageUnableToConnectToServer": "We're unable to connect to the selected server right now. Please ensure it is running and try again.",
    "MessagePluginConfigurationRequiresLocalAccess": "To configure this plugin please sign in to your local server directly.",
    "MessageLoggedOutParentalControl": "Access is currently restricted. Please try again later.",
    "ButtonLinkMyEmbyAccount": "Link my account now",
    "MessageConnectAccountRequiredToInviteGuest": "In order to invite guests you need to first link your Emby account to this server.",
    "HeaderCancelSyncJob": "Cancel Sync",
    "MovieLibraryHelp": "Review the {0}Emby movie naming guide{1}.",
    "TvLibraryHelp": "Review the {0}Emby TV naming guide{1}.",
    "BookLibraryHelp": "Text books are supported. Review the {0}Emby Book naming guide{1}.",
    "MessageGamePluginRequired": "Requires installation of the GameBrowser plugin",
    "MessageUnsetContentHelp": "Content will be displayed as plain folders.",
    "ButtonNewServer": "New Server",
    "ButtonRemote": "Remote",
    "HeaderUnlockApp": "Unlock App",
    "HeaderUnlockSync": "Unlock Emby Sync",
    "MessagePaymentServicesUnavailable": "Payment services are currently unavailable. Please try again later.",
    "HeaderLibrary": "Library",
    "HeaderMedia": "Media",
    "NoNewDevicesFound": "No new devices found. To add a new tuner, close this dialog and enter the device information manually.",
    "NoResultsFound": "No results found.",
    "ManageLibrary": "Manage library",
    "HeaderConfirm": "Confirm",
    "MessageConfirmDeleteTunerDevice": "Are you sure you wish to delete this device?",
    "MessageConfirmDeleteGuideProvider": "Are you sure you wish to delete this guide provider?",
    "HeaderDeleteProvider": "Delete Provider",
    "ErrorAddingTunerDevice": "There was an error adding the tuner device. Please ensure it is accessible and try again.",
    "ErrorSavingTvProvider": "There was an error saving the TV provider. Please ensure it is accessible and try again.",
    "ErrorGettingTvLineups": "There was an error downloading tv lineups. Please ensure your information is correct and try again.",
    "MessageCreateAccountAt": "Create an account at {0}",
    "ErrorPleaseSelectLineup": "Please select a lineup and try again. If no lineups are available, then please check that your username, password, and postal code is correct.",
    "HeaderTryEmbyPremiere": "Try Emby Premiere",
    "OptionEnableDisplayMirroring": "Enable display mirroring",
    "ErrorValidatingSupporterInfo": "There was an error validating your Emby Premiere information. Please try again later.",
    "LabelLocalSyncStatusValue": "Status: {0}",
    "OptionBackdropSlideshow": "Backdrop slideshow",
    "HeaderTopPlugins": "Top Plugins",
    "ButtonOther": "Other",
    "HeaderSortBy": "Sort By",
    "HeaderSortOrder": "Sort Order",
    "ButtonMenu": "Menu",
    "ForAdditionalLiveTvOptions": "Browse the Emby {0}plugin catalog{1} to install additional Live TV providers.",
    "ButtonGuide": "Guide",
    "ButtonYes": "Yes",
    "AddUser": "Add User",
    "ButtonNo": "No",
    "HeaderLatestMovies": "Cele mai noi Filme",
    "HeaderEmailAddress": "E-Mail Address",
    "NumLocationsValue": "{0} folders",
    "ButtonAddMediaLibrary": "Add Media Library",
    "ButtonManageFolders": "Manage folders",
    "ErrorAddingListingsToSchedulesDirect": "There was an error adding the lineup to your Schedules Direct account. Schedules Direct only allows a limited number of lineups per account. You may need to log into the Schedules Direct website and remove others listings from your account before proceeeding.",
    "PleaseAddAtLeastOneFolder": "Please add at least one folder to this library by clicking the Add button.",
    "ErrorAddingMediaPathToVirtualFolder": "There was an error adding the media path. Please ensure the path is valid and the Emby Server process has access to that location.",
    "ErrorAddingEmbyConnectAccount3": "The Emby account is already linked to an existing local user. An Emby account can only be linked to one local user at a time.",
    "HeaderConfirmPluginInstallation": "Confirm Plugin Installation",
    "PleaseConfirmPluginInstallation": "Please click OK to confirm you've read the above and wish to proceed with the plugin installation.",
    "MessagePluginInstallDisclaimer": "Plugins built by Emby community members are a great way to enhance your Emby experience with additional features and benefits. Before installing, please be aware of the effects they may have on your Emby Server, such as longer library scans, additional background processing, and decreased system stability.",
    "TitleHardwareAcceleration": "Hardware Acceleration",
    "HardwareAccelerationWarning": "Enabling hardware acceleration may cause instability in some environments. Ensure that your operating system and video drivers are fully up to date. If you have difficulty playing video after enabling this, you'll need to change the setting back to Auto.",
    "HeaderSelectCodecIntrosPath": "Select Codec Intros Path",
    "ValueExample": "Example: {0}",
    "OptionEnableAnonymousUsageReporting": "Enable anonymous usage reporting",
    "OptionEnableAnonymousUsageReportingHelp": "Allow Emby to collect anonymous data such as installed plugins, the version numbers of your Emby apps, etc. This information is only used for the purpose of improving the software.",
    "LabelFileOrUrl": "File or url:",
    "OptionEnableForAllTuners": "Enable for all tuner devices",
    "HeaderTuners": "Tuners",
    "LabelOptionalM3uUrl": "M3U url (optional):",
    "LabelOptionalM3uUrlHelp": "Some devices support an M3U channel listing.",
    "TabResumeSettings": "Resume Settings",
    "DrmChannelsNotImported": "Channels with DRM will not be imported.",
    "LabelAllowHWTranscoding": "Allow hardware transcoding",
    "AllowHWTranscodingHelp": "If enabled, allow the tuner to transcode streams on the fly. This may help reduce transcoding required by Emby Server.",
    "MetadataSettingChangeHelp": "Changing metadata settings will affect new content that is added going forward. To refresh existing content, open the detail screen and click the refresh button, or perform bulk refreshes using the metadata manager.",
    "OptionConvertRecordingPreserveAudio": "Preserve original audio when converting recordings (when possible)",
    "OptionConvertRecordingPreserveAudioHelp": "This will provide better audio but may require transcoding during playback on some devices.",
    "AddItemToCollectionHelp": "Add items to collections by searching for them and using their right-click or tap menus to add them to a collection.",
    "RecordingPathChangeMessage": "Changing your recording folder will not migrate existing recordings from the old location to the new. You'll need to move them manually if desired.",
    "LabelSportsCategories": "Sports categories:",
    "XmlTvSportsCategoriesHelp": "Programs with these categories will be displayed as sports programs. Separate multiple with '|'.",
    "LabelNewsCategories": "News categories:",
    "XmlTvNewsCategoriesHelp": "Programs with these categories will be displayed as news programs. Separate multiple with '|'.",
    "LabelKidsCategories": "Children's categories:",
    "XmlTvKidsCategoriesHelp": "Programs with these categories will be displayed as programs for children. Separate multiple with '|'.",
    "LabelMovieCategories": "Movie categories:",
    "XmlTvMovieCategoriesHelp": "Programs with these categories will be displayed as movies. Separate multiple with '|'.",
    "XmlTvPathHelp": "A path to an xml tv file. Emby will read this file and periodically check it for updates. You are responsible for creating and updating the file.",
    "LabelBindToLocalNetworkAddress": "Bind to local network address:",
    "LabelBindToLocalNetworkAddressHelp": "Optional. Override the local IP address that Emby Server will present to Emby apps. If left blank, the server will automatically detect the local IP address.",
    "TitleHostingSettings": "Hosting Settings",
    "SettingsWarning": "Changing these values may cause instability or connectivity failures. If you experience any problems, we recommend changing them back to default.",
    "MapChannels": "Map Channels",
    "OptionSaveMetadataAsHiddenHelp": "Changing this will apply to new metadata saved going forward. Existing metadata files will be updated the next time they are saved by Emby Server.",
    "EnablePhotos": "Enable photos",
    "EnablePhotosHelp": "Photos will be detected and displayed alongside other media files.",
    "ManageOfflineDownloads": "Manage offline downloads",
    "RememberMe": "Remember me",
    "HeaderOfflineSync": "Offline Sync",
    "LabelMaxAudioFileBitrate": "Max audio file bitrate:",
    "LabelMaxAudioFileBitrateHelp": "Audio files with a higher bitrate will be converted by Emby Server. Select a higher value for better quality, or a lower value to conserve local storage space.",
    "SaveThumbnailImagesIntoMediaFolders": "Save thumbnail images into media folders",
    "OptionExtractThumbnailImage": "Enable thumbnail image creation",
    "LabelEnableDebugLogging": "Enable debug logging",
    "OptionEnableExternalContentInSuggestions": "Enable external content in suggestions",
    "OptionEnableExternalContentInSuggestionsHelp": "Allow internet trailers and live tv programs to be included within suggested content.",
    "LabelH264EncodingPreset": "H264 encoding preset:",
    "H264EncodingPresetHelp": "Choose a faster value to improve performance, or a slower value to improve quality.",
    "LabelH264Crf": "H264 encoding CRF:",
    "H264CrfHelp": "The Constant Rate Factor (CRF) is the default quality setting for the x264 encoder. You can set the values between 0 and 51, where lower values would result in better quality (at the expense of higher file sizes). Sane values are between 18 and 28. The default for x264 is 23, so you can use this as a starting point.",
    "LabelConvertRecordingsTo": "Convert recordings to:",
    "LabelOptionalNetworkPath": "(Optional) Shared network folder:",
    "LabelOptionalNetworkPathHelp": "If this folder is shared on your network, supplying the network share path can allow Emby apps on other devices to access media files directly.",
    "SynologyUpdateInstructions": "Please login to DSM and go to Package Center to update.",
    "LabelMoviePrefix": "Movie prefix:",
    "LabelMoviePrefixHelp": "If a prefix is applied to movie titles, enter it here so that Emby can handle it properly.",
    "HeaderRecordingPostProcessing": "Recording Post Processing",
    "LabelPostProcessorArguments": "Post-processor command line arguments:",
    "LabelPostProcessorArgumentsHelp": "Use {path} as the path to the recording file.",
    "LabelPostProcessor": "Post-processing application:",
    "ErrorAddingXmlTvFile": "There was an error accessing the XmlTV file. Please ensure the file exists and try again.",
    "OptionAutomaticallyGroupSeries": "Automatically merge series that are spread across multiple folders",
    "OptionAutomaticallyGroupSeriesHelp": "If enabled, series that are spread across multiple folders within this library will be automatically merged into a single series.",
    "WhenDidYouPurchaseApp": "When did you originally purchase this app?",
    "PreferEmbeddedTitlesOverFileNames": "Prefer embedded titles over filenames",
    "PreferEmbeddedTitlesOverFileNamesHelp": "This determines the default display title when no internet metadata or local metadata is available.",
    "HeaderUpcomingEpisodes": "Upcoming Episodes",
    "HeaderLiveTvTunerSetup": "Live TV Tuner Setup",
    "HeaderTVSourceSetup": "TV Source Setup",
    "HeaderDetectMyDevices": "Detect My Devices",
    "MessagePleaseWait": "Please wait. This may take a minute.",
    "DetectingDevices": "Detecting devices",
    "LabelAutomaticallyRefreshInternetMetadataEvery": "Automatically refresh metadata from the internet:",
    "Never": "Never",
    "EveryNDays": "Every {0} days",
    "HeaderNewDevices": "New Devices",
    "LabelCertificatePassword": "Certificate password:",
    "LabelCertificatePasswordHelp": "If your certificate requires a password, please enter it here.",
    "LabelEnableHardwareDecodingFor": "Enable hardware decoding for:",
    "EnableHardwareEncoding": "Enable hardware encoding",
    "Rate": "Rate",
    "HeaderNewLibrary": "New Library",
    "HttpsRequiresCert": "To enable secure connections, you will need to supply a trusted SSL certificate, such as Lets Encrypt. Please either supply a certificate, or disable secure connections.",
    "ServerRestartNeededAfterPluginInstall": "Emby Server will need to be restarted after installing a plugin.",
    "PluginInstalledMessage": "The plugin has been successfully installed. Emby Server will need to be restarted for changes to take effect.",
    "Themes": "Themes",
    "MessagePremiereStatusGood": "You have a {0} Emby Premiere plan and your device usage is well within your limit.",
    "MessagePremiereStatusClose": "You have a {0} Emby Premiere plan, but your device usage is close to the limit.",
    "MessagePremiereExtendedPlans": "Consider an {0}extended device plan{1}",
    "MessagePremiereStatusOver": "You have a {0} Emby Premiere plan, but you are over your device limit!",
    "ListItemPremiereSub": "{0} subscription purchased via {2} expires {1}",
    "LabelClickToCancel": "Click to cancel this subscription",
    "LabelCancelInfo": "You can manage this subscription directly with {0}",
    "LabelAlreadyCanceled": "This subscription has been canceled. Key will remain valid until expiration.",
    "HeaderCancelSub": "Cancel Emby Premiere",
    "MessageConfirmSubCancel": "NO, Please don't go... You will miss out on all the great features of Emby Premiere!",
    "ButtonCancelSub": "I know, cancel it anyway",
    "ButtonDontCancelSub": "Keep Emby Premiere",
    "MessageSubCancelReqSent": "An email has been sent to the owner of the key. Please follow the instructions in that email to complete the cancellation of this subscription. We hope to see you back soon!",
    "MessageSubCancelError": "Something went wrong trying to cancel.  Please send an email to {0} and we'll get you squared away.",
    "LabelAlreadyCancelled": "This subscription has been cancelled. You will not be charged again but the features will work until the date above.",
    "AllowOnTheFlySubtitleExtraction": "Allow subtitle extraction on the fly",
    "AllowOnTheFlySubtitleExtractionHelp": "Embedded subtitles can be extracted from videos and delivered to Emby apps in plain text in order to help prevent video transcoding. On some systems this can take a long time and cause video playback to stall during the extraction process. Disable this to have embedded subtitles burned in with video transcoding when they are not natively supported by the client device.",
    "ButtonStopRecording": "Stop Recording",
    "EnableDebugLoggingHelp": "Debug logging should only be enabled as needed for troubleshooting purposes. The increased file system access may prevent the server machine from being able to sleep in some environments.",
    "LabelSimultaneousConnectionLimit": "Simultaneous stream limit:",
    "SimultaneousConnectionLimitHelp": "The maximum number of allowed simultaneous streams. Enter 0 for no limit.",
    "LaunchWebAppOnStartup": "Launch the Emby web app in my web browser when Emby Server starts",
    "LaunchWebAppOnStartupHelp": "This will open the web app in your default web browser when Emby Server initially starts. This will not occur when using the restart server function.",
    "LabelReferrerHeader": "Referrer http header:",
    "LabelUserAgentHeader": "User agent http header:",
    "SupplyCustomValueIfNeeded": "Supply a custom http header value, if necessary.",
    "HeaderConfigureRemoteAccess": "Configure Remote Access",
    "LearnHowToCreateSynologyShares": "Learn how to share folders in Synology.",
    "LabelAllowedRemoteAddresses": "Remote IP address filter:",
    "LabelAllowedRemoteAddressesMode": "Remote IP address filter mode:",
    "Whitelist": "Whitelist",
    "Blacklist": "Blacklist",
    "AllowedRemoteAddressesHelp": "Comma separated list of IP addresses or IP\/netmask entries for networks that will be allowed to connect remotely. If left blank, all remote addresses will be allowed.",
    "LabelLanNetworks": "LAN networks:",
    "LanNetworksHelp": "Comma separated list of IP addresses or IP\/netmask entries for networks that will be considered on local network when enforcing bandwidth restrictions. If set, all other IP addresses will be considered to be on the external network and will be subject to the external bandwidth restrictions. If left blank, only the server's subnet and common private IP subnets (10.0.0.0\/8, 192.168.0.0\/24, etc.) are considered to be on the local network.",
    "LabelSecureConnectionsMode": "Secure connection mode:",
    "PreferredNotRequired": "Preferred, but not required",
    "RequiredForAllRemoteConnections": "Required for all remote connections",
    "HandledByProxy": "Handled by reverse proxy",
    "SaveSubtitlesIntoMediaFolders": "Save subtitles into media folders",
    "SaveSubtitlesIntoMediaFoldersHelp": "Storing subtitles next to video files will allow them to be more easily managed.",
    "AutomaticSubtitleDownloadInstructions": "To manage automatic subtitle downloading, click on a library in Emby library setup, and edit the subtitle downloading settings for that library.",
    "OpenSubtitleInstructions": "You'll need to configure Open Subtitles account information on the Open Subtitles configuration screen in the Emby Server dashboard.",
    "LabelEnableHardwareAcceleration": "Enable hardware acceleration when available:",
    "HeaderPreferredHardwareDecoders": "Preferred Hardware Decoders",
    "HeaderPreferredHardwareEncoders": "Preferred Hardware Encoders",
    "AllowChangingImageAndPassword": "Allow this user to change their password and profile image",
    "LabelTranscodeBuffer": "Transcode buffer:",
    "LabelTranscodePosition": "Transcode position:",
    "LabelPlaybackPosition": "Playback position:",
    "LabelSimultaneousStreamLimit": "Max simultaneous video streams:",
    "SimultaneousStreamLimitHelp": "Limit the number of concurrent video playback sessions."
}