{
    "LabelPrevious": "\u00d6nceki",
    "LabelFinish": "Bitir",
    "LabelNext": "Sonraki",
    "LabelYoureDone": "Bitti!",
    "ThisWizardWillGuideYou": "Bu sihirbaz kurulum i\u015flemi boyunca size yard\u0131mc\u0131 olacakt\u0131r. Ba\u015flamak i\u00e7in, tercih etti\u011finiz dili se\u00e7iniz.",
    "HeaderCreateYourFirstUser": "\u0130lk Kullan\u0131c\u0131y\u0131 Olu\u015ftur",
    "ButtonQuickStartGuide": "H\u0131zl\u0131 Ba\u015flang\u0131\u00e7 Rehberi",
    "MoreUsersCanBeAddedLater": "Daha sonra Emby Server ayarlar\u0131ndan daha fazla kullan\u0131c\u0131 eklenebilir.",
    "UserProfilesIntro": "Emby, her kullan\u0131c\u0131n\u0131n kendi ekran ayarlar\u0131na, playstate ve ebeveyn kontrollerine sahip olmalar\u0131n\u0131 sa\u011flayan yerle\u015fik profiller i\u00e7in destek i\u00e7erir.",
    "WizardCompleted": "\u015eimdilik tek ihtiyac\u0131m\u0131z olan \u015fey bu. Emby medya k\u00fct\u00fcphaneniz hakk\u0131nda bilgi toplamaya ba\u015flad\u0131. Uygulamalar\u0131m\u0131zdan baz\u0131lar\u0131na g\u00f6z at\u0131n ve ard\u0131ndan <b> Sunucu Kontrol Paneli <\/b> \u2019ni g\u00f6r\u00fcnt\u00fclemek i\u00e7in <b> Son <\/b> d\u00fc\u011fmesini t\u0131klay\u0131n.",
    "HeaderTermsOfService": "Emby Hizmet Ko\u015fullar\u0131",
    "MessagePleaseAcceptTermsOfService": "Devam etmeden \u00f6nce l\u00fctfen hizmet \u015fartlar\u0131n\u0131 ve gizlilik politikas\u0131n\u0131 kabul edin.",
    "OptionIAcceptTermsOfService": "Hizmet ko\u015fullar\u0131n\u0131 kabul ediyorum",
    "HeaderGuideDataSetup": "K\u0131lavuz Veri Kurulumu",
    "LabelGuideSource": "K\u0131lavuz kayna\u011f\u0131:",
    "SeeOurHwaGuide": "{0} donan\u0131m h\u0131zland\u0131rma kurulum k\u0131lavuzumuza {1} bak\u0131n.",
    "HeaderEmbyServerReleaseNotes": "Emby Server S\u00fcr\u00fcm Notlar\u0131",
    "AllowSubtitleDownloading": "Altyaz\u0131 indirmesine izin ver",
    "AllowSubtitleManagement": "Mevcut altyaz\u0131 dosyalar\u0131n\u0131n silinmesine izin ver",
    "NewUserNameHelp": "Bu, kullan\u0131c\u0131n\u0131n sunucunuzda g\u00f6r\u00fcnece\u011fi \u015fekildedir.",
    "ChapterMarkers": "B\u00f6l\u00fcm i\u015faretleri",
    "LabelThumbnailImagesInterval": "K\u00fc\u00e7\u00fck resim g\u00f6r\u00fcnt\u00fcleri aral\u0131\u011f\u0131:",
    "ThumbnailImagesIntervalHelp": "Daha s\u0131k k\u00fc\u00e7\u00fck resimler daha iyi bir deneyim sa\u011flar, ancak g\u00f6r\u00fcnt\u00fcleri olu\u015fturmak i\u00e7in daha fazla disk alan\u0131 ve zaman gerekir.",
    "LabelAuthProvider": "Kimlik do\u011frulama sa\u011flay\u0131c\u0131s\u0131:",
    "AuthProviderHelp": "Y\u00f6neticiler, hi\u00e7bir zaman kilitlenmedi\u011finizden emin olmak i\u00e7in her zaman varsay\u0131lan Emby sa\u011flay\u0131c\u0131s\u0131n\u0131 kullan\u0131r.",
    "HeaderNewUser": "Yeni kullan\u0131c\u0131",
    "EditServerDisplayName": "Sunucu g\u00f6r\u00fcnen ad\u0131n\u0131 de\u011fi\u015ftir",
    "LabelPinCode": "Pin kodu:",
    "ShowAdvancedSettings": "Geli\u015fmi\u015f ayarlar\u0131 g\u00f6ster",
    "ChangingMetadataImageSettingsNewContent": "\u00dcst veri veya resim indirme ayarlar\u0131nda yap\u0131lan de\u011fi\u015fiklikler yaln\u0131zca kitapl\u0131\u011f\u0131n\u0131za eklenen yeni i\u00e7erikler i\u00e7in ge\u00e7erli olacakt\u0131r. De\u011fi\u015fiklikleri mevcut ba\u015fl\u0131klara uygulamak i\u00e7in \u00fcst verilerini el ile yenilemeniz gerekir.",
    "AllowRemoteAccess": "Bu Emby sunucusuna uzaktan ba\u011flanmaya izin ver",
    "AllowRemoteAccessHelp": "E\u011fer i\u015faretlenmemi\u015fse, b\u00fct\u00fcn uzak ba\u011flant\u0131lar engellenecektir.",
    "Alerts": "Uyar\u0131lar",
    "LabelTrackTitleDisplay": "G\u00f6m\u00fcl\u00fc par\u00e7a ba\u015fl\u0131k ekran\u0131:",
    "GenerateUserFriendlyTrackTitles": "Par\u00e7a bilgilerini kullanarak kullan\u0131c\u0131 dostu ba\u015fl\u0131klar olu\u015fturun",
    "PreferOriginalTrackTitles": "G\u00f6m\u00fcl\u00fc ba\u015fl\u0131klar\u0131 tercih et",
    "TrackTitleDisplayHelp": "G\u00f6m\u00fcl\u00fc ses ve altyaz\u0131 par\u00e7alar\u0131n\u0131n ekran ad\u0131n\u0131 se\u00e7in. G\u00f6m\u00fcl\u00fc par\u00e7a bilgisini elle d\u00fczenleme yapmad\u0131\u011f\u0131n\u0131z s\u00fcrece g\u00f6m\u00fcl\u00fc tercih etmeniz \u00f6nerilmez.",
    "EnableTranscodingThrottle": "K\u0131smay\u0131 etkinle\u015ftir",
    "EnableTranscodingThrottleHelp": "Emby, CPU kullan\u0131m\u0131n\u0131 azaltmak i\u00e7in kodlama h\u0131z\u0131n\u0131 dinamik olarak ayarlayacakt\u0131r.",
    "LabelTypeMetadataDownloaders": "{0} \u00fcst veri indiricileri:",
    "HeaderTypeImageFetchers": "{0} G\u00f6r\u00fcnt\u00fc Al\u0131c\u0131lar\u0131",
    "HeaderImageOptions": "G\u00f6r\u00fcnt\u00fc Se\u00e7enekleri",
    "OptionBeta": "Deneme",
    "HeaderTaskTriggers": "G\u00f6rev Tetikleyicileri",
    "HeaderPaths": "Yollar",
    "CategorySync": "E\u015fle",
    "RegisterWithPayPal": "Paypal ile kay\u0131t ol",
    "LabelSyncTempPath": "Ge\u00e7ici dosya yolu:",
    "LabelSyncTempPathHelp": "\u00d6zel bir \u00e7al\u0131\u015fma klas\u00f6r\u00fc belirtin. D\u00f6n\u00fc\u015ft\u00fcrme i\u015flemi s\u0131ras\u0131nda olu\u015fturulan d\u00f6n\u00fc\u015ft\u00fcr\u00fclm\u00fc\u015f ortam burada saklan\u0131r.",
    "LabelCustomCertificatePath": "\u00d6zel ssl sertifika yolu:",
    "LabelCustomCertificatePathHelp": "\u00d6zel bir alanda TLS deste\u011fini etkinle\u015ftirmek i\u00e7in sertifika ve \u00f6zel anahtar i\u00e7eren bir PKCS # 12 dosyas\u0131n\u0131n yolu.",
    "HeaderSetupLibrary": "Medya K\u00fct\u00fcphanelerini Kur",
    "LabelTimeLimitHours": "Zaman limiti (saat):",
    "HeaderPreferredMetadataLanguage": "Tercih Edilen \u00dcst Veri Dili",
    "LabelSaveLocalMetadata": "G\u00f6r\u00fcnt\u00fcy\u00fc medya klas\u00f6rlerine kaydet",
    "LabelSaveLocalMetadataHelp": "Resmi medya klas\u00f6rlerine kaydetmek, onlar\u0131 kolayca saklanabilecekleri ve d\u00fczenlenebilecekleri bir yere koyacakt\u0131r.",
    "TabPassword": "Parola",
    "TabLibraryAccess": "K\u00fct\u00fcphane Eri\u015fimi",
    "TabAccess": "Eri\u015fim",
    "TabImage": "G\u00f6r\u00fcnt\u00fc",
    "TabProfile": "Profil",
    "TabMetadata": "\u00dcstveri",
    "TabImages": "G\u00f6r\u00fcnt\u00fcler",
    "HeaderDeviceAccess": "Cihaz Eri\u015fimi",
    "OptionEnableAccessFromAllDevices": "B\u00fct\u00fcn cihazlardan eri\u015fime izin ver",
    "OptionEnableAccessToAllChannels": "B\u00fct\u00fcn kanallara eri\u015fim izni ver",
    "OptionEnableAccessToAllLibraries": "B\u00fct\u00fcn k\u00fct\u00fcphanelere eri\u015fim izni ver",
    "DeviceAccessHelp": "Kullan\u0131c\u0131 cihaz\u0131na eri\u015fimin filtrelenmesi, burada onaylanana kadar yeni cihazlar kullanmalar\u0131n\u0131 engelleyecektir.",
    "LabelDisplayMissingEpisodesWithinSeasons": "Sezondaki kay\u0131p b\u00f6l\u00fcmleri g\u00f6ster",
    "LabelDisplayMissingEpisodesWithinSeasonsHelp": "TV k\u00fct\u00fcphaneleri i\u00e7in Emby Sunucusu kurulumunda bunun aktif edilmi\u015f olmas\u0131 gerekir.",
    "LabelUnairedMissingEpisodesWithinSeasons": "Yay\u0131nlanmam\u0131\u015f sezon b\u00f6l\u00fcmlerini g\u00f6ster",
    "ImportMissingEpisodesHelp": "Etkinle\u015ftirilirse, eksik b\u00f6l\u00fcmlerle ilgili bilgiler Emby veritaban\u0131n\u0131za aktar\u0131l\u0131r ve sezonlar ve seriler i\u00e7inde g\u00f6r\u00fcnt\u00fclenir. Bu, \u00f6nemli \u00f6l\u00e7\u00fcde daha uzun k\u00fct\u00fcphane taramas\u0131na neden olabilir.",
    "MessageEnablingOptionLongerScans": "Bu se\u00e7ene\u011fin etkinle\u015ftirilmesi, daha uzun k\u00fct\u00fcphane taramalar\u0131na neden olabilir.",
    "TabSecurity": "G\u00fcvenlik",
    "ButtonSave": "Kaydet",
    "LabelUrl": "Url:",
    "HeaderCreatePassword": "Parola Olu\u015ftur",
    "LabelMaxParentalRating": "\u0130zin verilen azami ebeveyn derecelendirmesi:",
    "MaxParentalRatingHelp": "Daha y\u00fcksek oy alan i\u00e7erik bu kullan\u0131c\u0131dan gizlenecektir.",
    "LibraryAccessHelp": "Bu kullan\u0131c\u0131yla payla\u015f\u0131lacak medya klas\u00f6rlerini se\u00e7in. Y\u00f6neticiler, \u00fcst veri y\u00f6neticisini kullanarak t\u00fcm klas\u00f6rleri d\u00fczenleyebilir.",
    "ChannelAccessHelp": "Bu kullan\u0131c\u0131yla payla\u015fmak \u00fczere kanallar\u0131 se\u00e7. Y\u00f6neticiler b\u00fct\u00fcn kanallar\u0131 \u00fcst veri y\u00f6neticisi ile d\u00fczenleyebilecekler.",
    "ButtonDeleteImage": "G\u00f6r\u00fcnt\u00fcy\u00fc Sil",
    "LabelSelectUsers": "Kullan\u0131c\u0131lar\u0131 se\u00e7:",
    "HeaderUploadNewImage": "Yeni G\u00f6r\u00fcnt\u00fc Y\u00fckle",
    "ImageUploadAspectRatioHelp": "1:1 G\u00f6r\u00fcnt\u00fc Oran\u0131 \u00d6nerilir. Sadece JPG\/PNG  i\u00e7in.",
    "MessagePleaseEnsureInternetMetadata": "L\u00fctfen internetten \u00fcst veri indirmenin aktif oldu\u011fundan emin olun.",
    "AlreadyPaidHelp1": "Android i\u00e7in Media Browser'\u0131n daha eski bir s\u00fcr\u00fcm\u00fcn\u00fc y\u00fcklemek i\u00e7in \u00f6deme yapt\u0131ysan\u0131z, bu uygulamay\u0131 etkinle\u015ftirmek i\u00e7in tekrar \u00f6deme yapman\u0131z gerekmez. Bize {0} adresinden bir e-posta g\u00f6ndermek i\u00e7in Tamam'\u0131 t\u0131klay\u0131n, biz de sizin i\u00e7in aktif hale getirelim.",
    "AlreadyPaidHelp2": "Emby Pr\u00f6miyeri var m\u0131? Sadece bu ileti\u015fim kutusunu iptal edin, Yard\u0131m -> Emby Pr\u00f6miyer alt\u0131nda Emby Sunucu Kontrol Panelinde Emby Pr\u00f6miyer'i kurun, otomatik olarak kilidi a\u00e7\u0131lacakt\u0131r.",
    "TabSuggestions": "\u00d6nerilenler",
    "TabLatest": "Yeniler",
    "TabUpcoming": "Gelecek",
    "TabShows": "Diziler",
    "TabEpisodes": "B\u00f6l\u00fcmler",
    "TabGenres": "T\u00fcrler",
    "TabNetworks": "A\u011flar",
    "HeaderUsers": "Kullan\u0131c\u0131lar",
    "TabMyPlugins": "Eklentilerim",
    "TabCatalog": "Katalog",
    "TitlePlugins": "Eklentiler",
    "HeaderAutomaticUpdates": "Otomatik G\u00fcncelleme",
    "HeaderLatestAlbums": "Son Alb\u00fcmler",
    "HeaderLatestSongs": "Son Par\u00e7alar",
    "LabelVideoType": "Video T\u00fcr\u00fc:",
    "OptionBluray": "Bluray",
    "OptionDvd": "Dvd",
    "OptionIso": "\u0130so",
    "Option3D": "3D",
    "Standard": "Standart",
    "LabelLastResult": "Son sonu\u00e7lar:",
    "OptionHasSpecialFeatures": "\u00d6zel \u00d6zellikler",
    "OptionImdbRating": "IMDb Puan\u0131",
    "OptionParentalRating": "Ebeveyn De\u011ferlendirmesi",
    "OptionPremiereDate": "Pr\u00f6miyeri Tarihi",
    "TabBasic": "Basit",
    "TabAdvanced": "Geli\u015fmi\u015f",
    "TabGeneral": "Genel",
    "TitleSupport": "Destek",
    "TabAbout": "Hakk\u0131nda",
    "TabSupporterKey": "Emby Pr\u00f6miyer Anahtar\u0131",
    "TabBecomeSupporter": "Emby Pr\u00f6miyer Al",
    "TabEmbyPremiere": "Emby Pr\u00f6miyer",
    "OptionHideUserLocal": "Bu kullan\u0131c\u0131y\u0131 yerel a\u011fdaki giri\u015f ekranlar\u0131ndan gizle",
    "OptionHideUserRemote": "Uzaktan ba\u011fland\u0131\u011f\u0131nda bu kullan\u0131c\u0131y\u0131 giri\u015f ekranlar\u0131ndan gizle",
    "OptionHideUserFromLoginHelp": "\u00d6zel veya gizli y\u00f6netici hesaplar\u0131 i\u00e7in kullan\u0131\u015fl\u0131d\u0131r. Kullan\u0131c\u0131n\u0131n kullan\u0131c\u0131 ad\u0131 ve parolas\u0131n\u0131 girerek elle giri\u015f yapmas\u0131 gerekir.",
    "OptionDisableUser": "Kullan\u0131c\u0131y\u0131 devre d\u0131\u015f\u0131 b\u0131rak",
    "OptionDisableUserHelp": "Devre d\u0131\u015f\u0131 b\u0131rak\u0131ld\u0131\u011f\u0131nda, sunucu bu kullan\u0131c\u0131dan hi\u00e7bir ba\u011flant\u0131ya izin vermez. Mevcut ba\u011flant\u0131lar aniden sonland\u0131r\u0131lacak.",
    "ButtonHelp": "Yard\u0131m",
    "OptionAllowUserToManageServer": "Bu kullan\u0131c\u0131ya sunucuyu y\u00f6netme izni ver",
    "HeaderFeatureAccess": "\u00d6zellik Eri\u015fimi",
    "OptionAllowMediaPlayback": "Medya oynatmaya izin ver",
    "OptionAllowBrowsingLiveTv": "Canl\u0131 TV eri\u015fimine izin ver",
    "AllLibraries": "B\u00fct\u00fcn k\u00fct\u00fcphaneler",
    "HeaderAllowMediaDeletionFrom": "Medya Silinmesine \u0130zin Ver",
    "AllowDeletionFromAll": "T\u00fcm k\u00fct\u00fcphanelerden medyan\u0131n silinmesine izin ver",
    "OptionAllowManageLiveTv": "Canl\u0131 TV kay\u0131t y\u00f6netimine izin ver",
    "OptionAllowRemoteControlOthers": "Di\u011fer kullan\u0131c\u0131lar\u0131n uzaktan kontrol\u00fcne izin ver",
    "OptionAllowRemoteSharedDevices": "Payla\u015f\u0131lan cihazlar\u0131n uzaktan kontrol\u00fcne izin ver",
    "OptionAllowRemoteSharedDevicesHelp": "DNA cihazlar\u0131, bir kullan\u0131c\u0131 kontrol etmeye ba\u015flayana kadar payla\u015f\u0131lan kabul edilir.",
    "OptionAllowLinkSharing": "Sosyal medya payla\u015f\u0131m\u0131na izin ver",
    "OptionAllowLinkSharingHelp": "Yaln\u0131zca medya bilgilerini i\u00e7eren web sayfalar\u0131 payla\u015f\u0131l\u0131r. Medya dosyalar\u0131 hi\u00e7bir zaman genel olarak payla\u015f\u0131lmaz. Payla\u015f\u0131mlar zaman s\u0131n\u0131rl\u0131d\u0131r ve {0} g\u00fcn sonra sona erecektir.",
    "OptionMissingTmdbId": "Eksik Tmdb Kimli\u011fi",
    "OptionIsHD": "HD",
    "OptionIsSD": "SD",
    "ButtonSelect": "Se\u00e7im",
    "HeaderCredits": "Krediler",
    "PleaseSupportOtherProduces": "L\u00fctfen kulland\u0131\u011f\u0131m\u0131z di\u011fer \u00fccretsiz \u00fcr\u00fcnleri destekleyin:",
    "VersionNumber": "S\u00fcr\u00fcm {0}",
    "TabPaths": "Yollar",
    "TabServer": "Sunucu",
    "OptionRelease": "Resmi Yay\u0131n",
    "LabelAllowServerAutoRestart": "Bu sunucuya g\u00fcncellemeleri uygulamak i\u00e7in yeniden ba\u015flama izni ver",
    "LabelAllowServerAutoRestartHelp": "Sunucu, hi\u00e7bir kullan\u0131c\u0131 aktif olmad\u0131\u011f\u0131nda yaln\u0131zca bo\u015f d\u00f6nemlerde yeniden ba\u015flat\u0131l\u0131r.",
    "LabelRunServerAtStartup": "Sunucuyu ba\u015flang\u0131\u00e7ta \u00e7al\u0131\u015ft\u0131r",
    "LabelRunServerAtStartupHelp": "Bu, Windows ba\u015flang\u0131c\u0131nda Emby tepsi simgesini ba\u015flatacakt\u0131r. Bir Windows servisi kurduysan\u0131z, bu se\u00e7ene\u011fi i\u015faretlemeden b\u0131rak\u0131n ve servisi ba\u015flang\u0131\u00e7ta \u00e7al\u0131\u015facak \u015fekilde yap\u0131land\u0131r\u0131n.",
    "ButtonSelectDirectory": "Dizin Se\u00e7",
    "LabelCachePath": "\u00d6nbellek yolu:",
    "DefaultMetadataLangaugeDescription": "Bunlar varsay\u0131lan ayarlar\u0131n\u0131zd\u0131r ve kitapl\u0131k baz\u0131nda \u00f6zelle\u015ftirilebilir.",
    "LabelCachePathHelp": "Sunucunun resim vb. \u00f6nbellek dosyalar\u0131n\u0131 tutmas\u0131 i\u00e7in bir yer belirt. \u00d6ntan\u0131ml\u0131 yeri kullanmak i\u00e7in bo\u015f b\u0131rak.",
    "LabelRecordingPath": "Varsay\u0131lan kay\u0131t yolu:",
    "LabelMovieRecordingPath": "Film kay\u0131t yolu (iste\u011fe ba\u011fl\u0131):",
    "LabelSeriesRecordingPath": "Dizi kay\u0131t yolu (iste\u011fe ba\u011fl\u0131):",
    "LabelRecordingPathHelp": "Kay\u0131tlar\u0131 kaydetmek i\u00e7in varsay\u0131lan konumu belirtin. Bo\u015f b\u0131rak\u0131l\u0131rsa, sunucunun program veri klas\u00f6r\u00fc kullan\u0131lacakt\u0131r.",
    "LabelMetadataPath": "\u00dcst veri yolu:",
    "LabelMetadataPathHelp": "\u0130ndirilen g\u00f6r\u00fcnt\u00fcler ve \u00fcst veriler i\u00e7in \u00f6zel bir konum belirleyin.",
    "LabelTranscodingTempPath": "Kodlama ge\u00e7ici yolu:",
    "LabelTranscodingTempPathHelp": "Bu klas\u00f6r, kod \u00e7\u00f6z\u00fcc\u00fc taraf\u0131ndan kullan\u0131lan \u00e7al\u0131\u015fma dosyalar\u0131n\u0131 i\u00e7erir. \u00d6zel bir yol belirleyin veya varsay\u0131lan\u0131 sunucunun veri klas\u00f6r\u00fcnde kullanmak i\u00e7in bo\u015f b\u0131rak\u0131n.",
    "TabBasics": "Temeller",
    "TabTV": "TV",
    "TabGames": "Oyunlar",
    "TabMusic": "Muzik",
    "TabOthers": "Di\u011ferleri",
    "OptionMovies": "Filmler",
    "OptionEpisodes": "B\u00f6l\u00fcmler",
    "OptionOtherVideos": "Di\u011fer Videolar",
    "ExtractThumbnailImagesHelp": "Creating thumbnail images will allow Emby apps to display graphical scene selection menus. The process can be slow, cpu-intensive and may require several gigabytes of space. It runs when videos are discovered, and also as a nightly scheduled task. The schedule is configurable in the scheduled tasks area. It is not recommended to run this task during peak usage hours.",
    "TabGuide": "K\u0131lavuz",
    "TabChannels": "Kanallar",
    "TabCollections": "Koleksiyonlar",
    "HeaderChannels": "Kanallar",
    "TabRecordings": "Kay\u0131tlar",
    "TabSeries": "Seriler",
    "TabFavorites": "Favoriler",
    "TabMyLibrary": "K\u00fct\u00fcphanem",
    "TabSettings": "Ayarlar",
    "ButtonRefreshGuideData": "K\u0131lavuz Verilerini Yenile",
    "ButtonRefresh": "Yenile",
    "OptionPriority": "\u00d6ncelik",
    "OptionRecordOnAllChannels": "Record on all channels",
    "OptionRecordAnytime": "Record at any time",
    "OptionRecordOnlyNewEpisodes": "Sadece yeni b\u00f6l\u00fcmleri kaydet",
    "HeaderDays": "G\u00fcnler",
    "ButtonEdit": "D\u00fczenle",
    "ButtonRecord": "Kay\u0131t",
    "ButtonDelete": "Sil",
    "ButtonRemove": "Kald\u0131r",
    "OptionRecordSeries": "Kay\u0131t Serisi",
    "HeaderDetails": "Ayr\u0131nt\u0131lar",
    "TitleLiveTV": "Canl\u0131 TV",
    "LabelNumberOfGuideDays": "Number of days of guide data to download:",
    "LabelNumberOfGuideDaysHelp": "Downloading more days worth of guide data provides the ability to schedule out further in advance and view more listings, but it will also take longer to download. Auto will choose based on the number of channels. Please note that regardless of how many days you choose, the data must exist in the source guide data in order for it to be downloaded. Some guide data providers only provide 24 hours. Emby Guide Data supports up to 14 days.",
    "OptionAutomatic": "Otomatik",
    "HeaderServices": "Servisler",
    "LabelCustomizeOptionsPerMediaType": "Medya t\u00fcr\u00fc i\u00e7in \u00f6zelle\u015ftir:",
    "OptionDownloadThumbImage": "K\u00fc\u00e7\u00fck Resim",
    "OptionDownloadMenuImage": "Men\u00fc",
    "OptionDownloadLogoImage": "Logo",
    "OptionDownloadBoxImage": "Kutu",
    "OptionDownloadDiscImage": "Disk",
    "OptionDownloadBannerImage": "Pankart",
    "OptionDownloadBackImage": "Geri",
    "OptionDownloadArtImage": "Galeri",
    "OptionDownloadPrimaryImage": "Birincil",
    "HeaderFetchImages": "G\u00f6r\u00fcnt\u00fcleri Getir:",
    "TabOther": "Di\u011fer",
    "LabelMaxBackdropsPerItem": "Maximum number of backdrops per item:",
    "LabelMaxScreenshotsPerItem": "Maximum number of screenshots per item:",
    "LabelMinBackdropDownloadWidth": "Minimum backdrop download width:",
    "LabelMinScreenshotDownloadWidth": "Minimum screenshot download width:",
    "ButtonAddScheduledTaskTrigger": "Add Trigger",
    "HeaderAddScheduledTaskTrigger": "Add Trigger",
    "ButtonAdd": "Ekle",
    "LabelTriggerType": "Trigger Type:",
    "OptionDaily": "G\u00fcnl\u00fck",
    "OptionWeekly": "Haftal\u0131k",
    "OptionOnInterval": "On an interval",
    "OptionOnAppStartup": "On application startup",
    "OptionAfterSystemEvent": "After a system event",
    "LabelDay": "G\u00fcn:",
    "LabelTime": "Zaman:",
    "LabelEvent": "Etkinlik:",
    "OptionWakeFromSleep": "Wake from sleep",
    "LabelEveryXMinutes": "Every:",
    "HeaderTvTuners": "Tuners",
    "TabFolders": "Klas\u00f6rler",
    "LabelSpecialSeasonsDisplayName": "Special season display name:",
    "LabelEnableRealtimeMonitor": "Enable real time monitoring",
    "LabelEnableRealtimeMonitorHelp": "Changes to files will be processed immediately, on supported file systems.",
    "HeaderMediaFolders": "Medya Klas\u00f6rleri",
    "HeaderThemeVideos": "Tema Videolar\u0131",
    "HeaderThemeSongs": "Tema Par\u00e7alar\u0131",
    "HeaderSpecialFeatures": "Special Features",
    "HeaderAdditionalParts": "Additional Parts",
    "ButtonSplitVersionsApart": "Split Versions Apart",
    "ButtonPlayTrailer": "Trailer",
    "LabelMissing": "Kay\u0131p",
    "OptionSpecialEpisode": "\u00d6zel",
    "OptionMissingEpisode": "Missing Episodes",
    "OptionUnairedEpisode": "Unaired Episodes",
    "OptionEpisodeSortName": "Episode Sort Name",
    "OptionTvdbRating": "Tvdb Reyting",
    "HeaderAddTitles": "Add Titles",
    "TabHome": "Anasayfa",
    "HeaderLinks": "Links",
    "LinkCommunity": "Community",
    "LinkGithub": "Github",
    "LinkApi": "Api",
    "LabelFriendlyServerName": "Friendly server name:",
    "LabelFriendlyServerNameHelp": "This name will be used to identify this server. If left blank, the computer name will be used.",
    "LabelPreferredDisplayLanguage": "Preferred display language:",
    "LabelPreferredDisplayLanguageHelp": "Translating Emby is an ongoing project.",
    "LabelReadHowYouCanContribute": "Learn how you can contribute.",
    "ButtonSubmit": "Submit",
    "ButtonCreate": "Olu\u015ftur",
    "LabelCustomCss": "\u00d6zel css:",
    "LabelCustomCssHelp": "Apply your own custom css to the web interface.",
    "LabelLocalHttpServerPortNumber": "Local http port number:",
    "LabelLocalHttpServerPortNumberHelp": "The tcp port number that Emby's http server should bind to.",
    "LabelPublicHttpPort": "Public http port number:",
    "LabelPublicHttpPortHelp": "The public port number that should be mapped to the local http port.",
    "LabelPublicHttpsPort": "Public https port number:",
    "LabelPublicHttpsPortHelp": "The public port number that should be mapped to the local https port.",
    "RequireHttps": "Require https for external connections",
    "RequireHttpsHelp": "If enabled, connections over http will be redirected to https.",
    "LabelHttpsPort": "Local https port number:",
    "LabelHttpsPortHelp": "The tcp port number that Emby's https server should bind to.",
    "LabelEnableAutomaticPortMap": "Enable automatic port mapping",
    "LabelEnableAutomaticPortMapHelp": "Attempt to automatically map the public port to the local port via UPnP. This may not work with some router models.",
    "LabelExternalDDNS": "External domain:",
    "LabelExternalDDNSHelp": "If you have a dynamic DNS or domain name, enter it here, without protocol or port. Emby apps will use it when connecting remotely. This field is required when used with a custom ssl certificate. Example: mydomain.com.",
    "LabelMinResumePercentage": "Min resume percentage:",
    "LabelMaxResumePercentage": "Max resume percentage:",
    "LabelMinResumeDuration": "Min resume duration (seconds):",
    "LabelMinResumePercentageHelp": "Titles are assumed unplayed if stopped before this time",
    "LabelMaxResumePercentageHelp": "Titles are assumed fully played if stopped after this time",
    "LabelMinResumeDurationHelp": "Titles shorter than this will not be resumable",
    "HeaderName": "\u0130sim",
    "HeaderDate": "Tarih",
    "HeaderSource": "Kaynak",
    "HeaderStatus": "Durum",
    "HeaderDestination": "Hedef",
    "Subscriptions": "Abonelikler",
    "HeaderProgram": "Program",
    "HeaderClients": "Clients",
    "LabelCompleted": "Completed",
    "LabelFailed": "Failed",
    "LabelSkipped": "Skipped",
    "LabelSeries": "Series:",
    "LabelEndingEpisodeNumber": "Ending episode number:",
    "LabelEndingEpisodeNumberHelp": "Only required for multi-episode files",
    "HeaderSupportTheTeam": "Support the Emby Team",
    "HeaderSupportTheTeamHelp": "Help ensure the continued development of this project by purchasing Emby Premiere. A portion of all income will be contributed to other free tools we depend on.",
    "DonationNextStep": "Once complete, please return and enter your Emby Premiere key, which you will receive by email.",
    "LabelSeasonFolderPattern": "Season folder pattern:",
    "LabelSeasonZeroFolderName": "Season zero folder name:",
    "HeaderResult": "Result",
    "LabelTransferMethod": "Transfer method",
    "HeaderLatestNews": "Latest News",
    "HeaderRunningTasks": "Running Tasks",
    "HeaderActiveDevices": "Active Devices",
    "HeaderPendingInstallations": "Pending Installations",
    "ButtonRestartNow": "Restart Now",
    "ButtonShutdown": "Shutdown Emby Server",
    "ButtonUpdateNow": "Update Now",
    "TabHosting": "Hosting",
    "PleaseUpdateManually": "Please shutdown Emby Server and install the latest version.",
    "NewServerVersionAvailable": "A new version of Emby Server is available!",
    "ServerUpToDate": "Emby Server is up to date",
    "LabelComponentsUpdated": "The following components have been installed or updated:",
    "MessagePleaseRestartServerToFinishUpdating": "Please restart the server to finish applying updates.",
    "LabelDownMixAudioScale": "Audio boost when downmixing:",
    "LabelDownMixAudioScaleHelp": "Boost audio when downmixing. Set to 1 to preserve original volume value.",
    "LabelCurrentEmailAddress": "Current email address",
    "LabelCurrentEmailAddressHelp": "The current email address to which your new key was sent.",
    "HeaderForgotKey": "Forgot Key",
    "LabelSupporterEmailAddress": "The email address that was used to purchase the key.",
    "ButtonRetrieveKey": "Retrieve Key",
    "LabelSupporterKey": "Emby Premiere key (paste from email):",
    "LabelSupporterKeyHelp": "Enter your Emby Premiere key to start enjoying additional benefits.",
    "MessageInvalidKey": "Emby Premiere key is missing or invalid.",
    "ErrorMessageInvalidKey": "In order for any premium content to be registered, you must also have an active Emby Premiere subscription.",
    "HeaderRequireManualLogin": "Require manual username entry for:",
    "HeaderRequireManualLoginHelp": "When disabled, Emby apps may present a login screen with a visual selection of users.",
    "OptionOtherApps": "Di\u011fer uygulamalar",
    "OptionMobileApps": "Mobil uygulamalar",
    "LabelNotificationEnabled": "Enable this notification",
    "LabelMonitorUsers": "Monitor activity from:",
    "LabelSendNotificationToUsers": "Send the notification to:",
    "LabelUseNotificationServices": "Use the following services:",
    "CategoryUser": "Kullanan",
    "CategorySystem": "Sistem",
    "CategoryApplication": "Uygulamalar",
    "CategoryPlugin": "Eklenti",
    "LabelAvailableTokens": "Available tokens:",
    "AdditionalNotificationServices": "Browse the Emby {0}plugin catalog{1} to install additional notification services.",
    "OptionAllUsers": "T\u00fcm kullan\u0131c\u0131lar",
    "OptionAdminUsers": "Y\u00f6neticiler",
    "OptionCustomUsers": "\u00d6zel",
    "ButtonArrowUp": "Yukar\u0131",
    "ButtonArrowDown": "A\u015fa\u011f\u0131",
    "ButtonArrowLeft": "Sol",
    "ButtonArrowRight": "Sa\u011f",
    "ButtonBack": "Geri",
    "ButtonInfo": "Bilgi",
    "ButtonHome": "Anasayfa",
    "ButtonSearch": "Ara",
    "ButtonSettings": "Ayarlar",
    "Audio": "Ses",
    "PlayOnAnotherDevice": "Ba\u015fka bir cihazda oynat",
    "LetterButtonAbbreviation": "A",
    "TabControls": "Kontroller",
    "ButtonSubtitles": "Altyaz\u0131lar",
    "ButtonPreviousTrack": "\u00d6nceki par\u00e7a",
    "ButtonNextTrack": "Sonraki par\u00e7a",
    "ButtonStop": "Durdur",
    "ButtonPause": "Duraklat",
    "ButtonNext": "Sonraki",
    "ButtonPrevious": "\u00d6nceki",
    "LabelGroupMoviesIntoCollections": "Group movies into collections",
    "LabelGroupMoviesIntoCollectionsHelp": "When displaying movie lists, movies belonging to a collection will be displayed as one grouped item.",
    "HeaderCollections": "Koleksiyonlar",
    "LabelMaxBitrate": "Max bitrate:",
    "LabelMaxBitrateHelp": "Specify a max bitrate in bandwidth constrained environments, or if the device imposes it's own limit.",
    "LabelMusicStaticBitrate": "Music sync bitrate:",
    "LabelMusicStaticBitrateHelp": "Specify a max bitrate when syncing music",
    "LabelDeviceDescription": "Device description",
    "HeaderDownloadSubtitlesFor": "Download subtitles for:",
    "LabelSkipIfGraphicalSubsPresent": "Skip if the video already contains embedded subtitles",
    "LabelSkipIfGraphicalSubsPresentHelp": "Keeping text versions of subtitles will result in more efficient delivery and decrease the likelihood of video transcoding.",
    "TabSubtitles": "Altyaz\u0131lar",
    "LabelDownloadLanguages": "Download languages:",
    "LabelSkipIfAudioTrackPresent": "Skip if the default audio track matches the download language",
    "LabelSkipIfAudioTrackPresentHelp": "Uncheck this to ensure all videos have subtitles, regardless of audio language.",
    "SendMessage": "Send message",
    "HeaderSendMessage": "Mesaj G\u00f6nder",
    "ButtonSend": "G\u00f6nder",
    "ViewPlaybackInfo": "View playback info",
    "LabelMessageText": "Mesaj metni:",
    "LabelMessageTitle": "Mesaj ba\u015fl\u0131\u011f\u0131:",
    "MessageNoAvailablePlugins": "No available plugins.",
    "LabelDisplayPluginsFor": "Show plugins for:",
    "PluginTabAppClassic": "Emby for Windows Media Center",
    "HeaderTypeText": "Enter Text",
    "LabelTypeText": "Text",
    "TabDisplay": "Display",
    "TabLanguages": "Languages",
    "TabAppSettings": "App Settings",
    "HeaderHomePage": "Anasayfa",
    "OptionAuto": "Auto",
    "OptionYes": "Evet",
    "OptionNo": "Hay\u0131r",
    "HeaderOptions": "Se\u00e7enekler",
    "OptionResumablemedia": "Resume",
    "OptionLatestMedia": "En son medya",
    "OptionLatestChannelMedia": "Latest channel items",
    "OptionNone": "Yok",
    "HeaderLiveTv": "Canl\u0131 TV",
    "HeaderSettings": "Ayarlar",
    "OptionDefaultSort": "Default",
    "TabNextUp": "S\u0131radaki",
    "MessageNoMovieSuggestionsAvailable": "No movie suggestions are currently available. Start watching and rating your movies, and then come back to view your recommendations.",
    "MessageNoCollectionsAvailable": "Collections allow you to enjoy personalized groupings of Movies, Series, Albums, Books and Games. Click the + button to start creating Collections.",
    "MessageNoPlaylistsAvailable": "Playlists allow you to create lists of content to play consecutively at a time. To add items to playlists, right click or tap and hold, then select Add to Playlist.",
    "MessageNoPlaylistItemsAvailable": "This playlist is currently empty.",
    "ButtonEditOtherUserPreferences": "Edit this user's profile, image and personal preferences.",
    "LabelChannelStreamQuality": "Preferred internet channel quality:",
    "LabelChannelStreamQualityHelp": "In a low bandwidth environment, limiting quality can help ensure a smooth streaming experience.",
    "OptionBestAvailableStreamQuality": "Best available",
    "ViewTypeMovies": "Filmler",
    "ViewTypeTvShows": "TV",
    "ViewTypeGames": "Oyunlar",
    "ViewTypeMusic": "M\u00fczik",
    "HeaderOtherDisplaySettings": "Display Settings",
    "ViewTypeMusicSongs": "Songs",
    "ViewTypeMusicFavorites": "Favorites",
    "ViewTypeMusicFavoriteAlbums": "Favorite Albums",
    "ViewTypeMusicFavoriteArtists": "Favorite Artists",
    "ViewTypeMusicFavoriteSongs": "Favorite Songs",
    "HeaderMyViews": "My Views",
    "OptionDisplayAdultContent": "Display adult content",
    "OptionLibraryFolders": "Medya klas\u00f6rleri",
    "TitleRemoteControl": "Remote Control",
    "OptionDisplayChannelsInline": "Display channels as media folders",
    "OptionDisplayChannelsInlineHelp": "If enabled, channels will be displayed directly alongside other media libraries. If disabled, they'll be displayed within a separate Channels folder.",
    "LabelDisplayCollectionsView": "Display a collections view to show movie collections",
    "LabelDisplayCollectionsViewHelp": "This will create a separate view to display movie collections. To create a collection, right-click or tap-hold any movie and select 'Add to Collection'. ",
    "TabServices": "Services",
    "TabLogs": "Logs",
    "TabBranding": "Branding",
    "HeaderBrandingHelp": "Customize the appearance of Emby to fit the needs of your group or organization.",
    "LabelLoginDisclaimer": "Login disclaimer:",
    "LabelLoginDisclaimerHelp": "This will be displayed at the bottom of the login page.",
    "OptionList": "List",
    "TabDashboard": "Dashboard",
    "TitleServer": "Sunucu",
    "LabelCache": "Cache:",
    "LabelLogs": "Logs:",
    "LabelMetadata": "Metadata:",
    "LabelTranscodingTemporaryFiles": "Transcoding temporary files:",
    "HeaderBranding": "Branding",
    "HeaderApiKeys": "Api Keys",
    "HeaderApiKeysHelp": "External applications are required to have an Api key in order to communicate with Emby Server. Keys are issued by logging in with an Emby account, or by manually granting the application a key.",
    "HeaderApiKey": "Api Key",
    "HeaderApp": "App",
    "HeaderDevice": "Device",
    "HeaderUser": "User",
    "HeaderDateIssued": "Date Issued",
    "HeaderHttpHeaders": "Http Headers",
    "TabView": "View",
    "TabFilter": "Filter",
    "ButtonView": "View",
    "LabelView": "View:",
    "TabUsers": "Users",
    "HeaderFeatures": "Features",
    "HeaderAdvanced": "Advanced",
    "HeaderScheduledTasks": "Scheduled Tasks",
    "HeaderResumeSettings": "Resume Settings",
    "TitleUsers": "Users",
    "ButtonClose": "Close",
    "LabelAllLanguages": "All languages",
    "OptionAll": "All",
    "LabelImage": "Image:",
    "HeaderImages": "Images",
    "HeaderBackdrops": "Backdrops",
    "LabelJpgPngOnly": "JPG\/PNG only",
    "OptionSeason0": "Season 0",
    "HeaderFetcherSettings": "Fetcher Settings",
    "HeaderActivity": "Activity",
    "PluginInstalledWithName": "{0} was installed",
    "PluginUpdatedWithName": "{0} was updated",
    "PluginUninstalledWithName": "{0} was uninstalled",
    "LabelIpAddressValue": "Ip address: {0}",
    "HeaderEmbyServer": "Emby Server",
    "MessageServerConfigurationUpdated": "Server configuration has been updated",
    "MessageNamedServerConfigurationUpdatedWithValue": "Server configuration section {0} has been updated",
    "MessageApplicationUpdated": "Emby Server has been updated",
    "ProviderValue": "Provider: {0}",
    "HeaderRecentActivity": "Recent Activity",
    "HeaderPeople": "People",
    "OptionComposers": "Composers",
    "OptionOthers": "Others",
    "ViewTypeFolders": "Folders",
    "OptionDisplayFolderView": "Display a folder view to show plain media folders",
    "OptionDisplayFolderViewHelp": "If enabled, Emby apps will display a Folders category alongside your media library. This is useful if you'd like to have plain folder views.",
    "ViewTypeLiveTvRecordingGroups": "Recordings",
    "ViewTypeLiveTvChannels": "Channels",
    "HeaderPassword": "Password",
    "HeaderViewOrder": "View Order",
    "HeaderPersonInfo": "Person Info",
    "HeaderConfirmDeletion": "Confirm Deletion",
    "LabelAlbumArtist": "Album artist:",
    "LabelAirDate": "Air days:",
    "LabelAirTime:": "Air time:",
    "LabelDisplaySpecialsWithinSeasons": "Display specials within seasons they aired in",
    "ButtonPurchase": "Purchase",
    "HeaderPhotoInfo": "Photo Info",
    "HeaderInstall": "Install",
    "LabelSelectVersionToInstall": "Select version to install:",
    "LinkLearnMoreAboutSubscription": "Learn about Emby Premiere",
    "MessagePluginRequiresSubscription": "This plugin will require an active Emby Premiere subscription after the 14 day free trial.",
    "MessagePremiumPluginRequiresMembership": "This plugin will require an active Emby Premiere subscription in order to purchase after the 14 day free trial.",
    "HeaderDeveloperInfo": "Developer Info",
    "HeaderRevisionHistory": "Revision History",
    "ButtonViewWebsite": "View website",
    "OptionSaveMetadataAsHidden": "Save metadata and images as hidden files",
    "LabelExtractThumbnailsDuringLibraryScan": "Create thumbnail images during the library scan",
    "LabelExtractThumbnailsDuringLibraryScanHelp": "If enabled, thumbnail images will be created when videos are imported during the library scan. If disabled they will be created during the thumbnail images scheduled task, allowing the regular library scan to complete faster.",
    "LabelConnectGuestUserName": "Their Emby Connect email address or username:",
    "LabelConnectUserName": "(Optional) Emby Connect username or email address:",
    "LabelConnectUserNameHelp": "Optionally link this local user to an existing Emby Connect account to enable easy sign-in access from any Emby app without having to know the server IP address.",
    "ButtonLearnMoreAboutEmbyConnect": "Learn more about Emby Connect",
    "LabelExternalPlayers": "External players:",
    "LabelNativeExternalPlayersHelp": "Play videos using external players.",
    "TabPlayback": "Playback",
    "TitlePlayback": "Playback",
    "LabelDateAddedBehavior": "Date added behavior for new content:",
    "OptionDateAddedImportTime": "Use date scanned into the library",
    "OptionDateAddedFileTime": "Use file creation date",
    "LabelDateAddedBehaviorHelp": "If a metadata value is present it will always be used before either of these options.",
    "TitleDevices": "Devices",
    "TabCameraUpload": "Camera Upload",
    "TabDevices": "Devices",
    "HeaderLibrarySettings": "Library Settings",
    "HeaderThumbnailImages": "Thumbnail Images",
    "HeaderSubtitleDownloads": "Subtitle Downloads",
    "HeaderCameraUploadHelp": "Emby apps can automatically upload photos taken from your mobile devices into Emby Server.",
    "LabelCameraUploadPath": "Camera upload path:",
    "LabelCameraUploadPathHelp": "Select a custom upload path. This will override any default settings set in the Camera Upload section. If left blank, a default folder will be used. If using a custom path it will also need to be added as a library in Emby library setup.",
    "DefaultCameraUploadPathHelp": "Select a custom upload path. If left blank, a default folder will be used. If using a custom path it will also need to be added as a library in Emby library setup.",
    "LabelCreateCameraUploadSubfolder": "Create a subfolder for each device",
    "LabelCreateCameraUploadSubfolderHelp": "Specific folders can be assigned to a device by clicking on it from the Devices page.",
    "LabelCustomDeviceDisplayName": "Display name:",
    "LabelCustomDeviceDisplayNameHelp": "Supply a custom display name or leave empty to use the name reported by the device.",
    "HeaderInviteUser": "Invite User",
    "LabelConnectGuestUserNameHelp": "This is the username that your friend uses to sign in to the Emby website, or their email address.",
    "HeaderInviteUserHelp": "Sharing your media with friends is easier than ever before with Emby Connect.",
    "ButtonSendInvitation": "Send Invitation",
    "HeaderGuests": "Guests",
    "HeaderPendingInvitations": "Pending Invitations",
    "TabParentalControl": "Parental Control",
    "HeaderAccessSchedule": "Access Schedule",
    "HeaderAccessScheduleHelp": "Create an access schedule to limit access to certain hours.",
    "LabelAccessDay": "Day of week:",
    "LabelAccessStart": "Start time:",
    "LabelAccessEnd": "End time:",
    "HeaderSchedule": "Schedule",
    "OptionEveryday": "Every day",
    "OptionWeekdays": "Weekdays",
    "OptionWeekends": "Weekends",
    "HeaderOptionalLinkEmbyAccount": "Optional: Link your Emby Connect account",
    "ButtonTrailer": "Trailer",
    "MessageNoTrailersFound": "No trailers found. Install the Trailer channel to enhance your movie experience by adding a library of internet trailers.",
    "HeaderNewUsers": "New Users",
    "TitleNewUser": "New User",
    "ButtonConfigurePassword": "Configure Password",
    "HeaderDashboardUserPassword": "User passwords are managed within each user's personal profile settings.",
    "HeaderLibraryAccess": "Library Access",
    "HeaderChannelAccess": "Channel Access",
    "HeaderLatestItems": "Latest Items",
    "LabelForgotPasswordUsernameHelp": "Enter your username, if you remember it.",
    "TitlePasswordReset": "Password Reset",
    "HeaderParentalRatings": "Parental Ratings",
    "HeaderVideoTypes": "Video Types",
    "HeaderYears": "Years",
    "HeaderBlockItemsWithNoRating": "Block items with no or unrecognized rating information:",
    "LabelBlockContentWithTags": "Restrict Items With Tags",
    "LabelTagRestrictionMode": "Tag restriction mode:",
    "BlockItemsWithTheseTags": "Block items with these tags",
    "AllowItemsWithTheseTags": "Allow only items with these tags",
    "TabActivity": "Activity",
    "OptionAllowSyncContent": "Allow Sync",
    "OptionAllowContentDownloading": "Allow media downloading",
    "LabelNewUserNameHelp": "Usernames can contain letters (a-z), numbers (0-9), dashes (-), underscores (_), apostrophes ('), and periods (.)",
    "HeaderThisUserIsCurrentlyDisabled": "This user is currently disabled. To enable this user, please see the option at the bottom of this page.",
    "OptionEnableTranscodingThrottle": "Enable throttling",
    "OptionEnableTranscodingThrottleHelp": "Throttling will automatically adjust transcoding speed in order to minimize server cpu utilization during playback.",
    "LabelUploadSpeedLimit": "Upload speed limit (Mbps):",
    "OptionAllowSyncTranscoding": "Allow media downloading that requires transcoding",
    "AllowMediaConversion": "Allow media conversion",
    "AllowMediaConversionHelp": "Grant or deny access to the convert media feature.",
    "HeaderPlayback": "Media Playback",
    "OptionAllowAudioPlaybackTranscoding": "Allow audio playback that requires transcoding",
    "OptionAllowVideoPlaybackTranscoding": "Allow video playback that requires transcoding",
    "OptionAllowVideoPlaybackRemuxing": "Allow video playback that requires conversion without re-encoding",
    "OptionAllowMediaPlaybackTranscodingHelp": "Restricting access to transcoding will disable quality selection and may cause playback failures in Emby apps due to unsupported media formats or insufficient network bandwidth.",
    "TabStreaming": "Streaming",
    "LabelRemoteClientBitrateLimit": "Internet streaming bitrate limit (Mbps):",
    "LabelRemoteClientBitrateLimitHelp": "An optional per-stream bitrate limit for all out of network devices. This is useful to prevent devices from requesting a higher bitrate than your internet connection can handle. This may result in increased CPU load on your server in order to transcode videos on the fly to a lower bitrate.",
    "LabelUserRemoteClientBitrateLimitHelp": "This will override the default global value set in advanced server settings.",
    "LabelConversionCpuCoreLimit": "CPU core limit:",
    "LabelConversionCpuCoreLimitHelp": "Limit the number of CPU cores that will be used during background conversion.",
    "OptionEnableFullSpeedConversion": "Enable full speed conversion",
    "OptionEnableFullSpeedConversionHelp": "By default, conversions are performed at a low speed to minimize resource consumption.",
    "TabPhotos": "Photos",
    "HeaderWelcomeToEmby": "Welcome to Emby",
    "EmbyIntroMessage": "With Emby you can easily stream videos, music and photos to smart phones, tablets and other devices from your Emby Server.",
    "ButtonConnect": "Connect",
    "HeaderNewServer": "New Server",
    "HeaderExport": "Export",
    "HeaderColumns": "Columns",
    "ButtonReset": "Reset",
    "OptionEnableExternalVideoPlayers": "Enable external video players",
    "LabelEnableFullScreen": "Enable fullscreen mode",
    "TabHomeScreen": "Home Screen",
    "HeaderDisplay": "Display",
    "HeaderNavigation": "Navigation",
    "OptionEnableAutomaticServerUpdates": "Enable automatic server updates",
    "HeaderOverview": "Overview",
    "HeaderType": "Type",
    "HeaderTunerDevices": "Tuner Devices",
    "HeaderTVSources": "TV Sources",
    "HeaderAddDevice": "Add Device",
    "HeaderExternalServices": "External Services",
    "LabelTunerIpAddress": "Tuner IP Address:",
    "HeaderGuideProviders": "TV Guide Data Providers",
    "AddGuideProviderHelp": "Add a source for TV Guide information",
    "LabelZipCode": "Zip Code:",
    "GuideProviderSelectListings": "Select Listings",
    "GuideProviderLogin": "Login",
    "LabelLineup": "Lineup:",
    "MessageTunerDeviceNotListed": "Is your tuner device not listed? Try installing an external service provider for more Live TV options.",
    "LabelImportOnlyFavoriteChannels": "Restrict to channels marked as favorite",
    "ImportFavoriteChannelsHelp": "If enabled, only channels that are marked as favorite on the tuner device will be imported.",
    "ButtonRepeat": "Repeat",
    "LabelEnableThisTuner": "Enable this tuner",
    "LabelEnableThisTunerHelp": "Uncheck to prevent importing channels from this tuner.",
    "HeaderImagePrimary": "Primary",
    "HeaderImageBackdrop": "Backdrop",
    "HeaderImageLogo": "Logo",
    "HeaderUserPrimaryImage": "User Image",
    "ButtonProfile": "Profile",
    "ButtonProfileHelp": "Set your profile image and password.",
    "HeaderHomeScreenSettings": "Home Screen settings",
    "HeaderProfile": "Profile",
    "HeaderLanguage": "Language",
    "LabelTranscodingThreadCount": "Transcoding thread count:",
    "LabelTranscodingThreadCountHelp": "Select the maximum number of threads to use when transcoding. Reducing the thread count will lower cpu usage but may not convert fast enough for a smooth playback experience.",
    "OptionMax": "Max",
    "LabelTunerType": "Tuner type:",
    "HeaderSetupTVGuide": "Setup TV Guide",
    "LabelDataProvider": "Data provider:",
    "HeaderDefaultRecordingSettings": "Default Recording Settings",
    "OptionEnableRecordingSubfolders": "Create sub-folders for categories such as Sports, Kids, etc.",
    "HeaderSubtitles": "Subtitles",
    "HeaderVideos": "Videos",
    "LabelHardwareAccelerationType": "Hardware acceleration:",
    "LabelHardwareAccelerationTypeHelp": "Available on supported systems only.",
    "HeaderAdmin": "Admin",
    "HeaderCameraUpload": "Camera Upload",
    "ButtonClear": "Clear",
    "LabelFolder": "Folder:",
    "HeadersFolders": "Folders",
    "LabelDisplayName": "Display name:",
    "OptionConvertRecordingsToStreamingFormat": "Automatically convert recordings to a streaming friendly format",
    "OptionConvertRecordingsToStreamingFormatHelp": "Recordings will be converted on the fly to MKV for easy playback on your devices.",
    "OptionDownloadImagesInAdvance": "Download images in advance",
    "OptionDownloadImagesInAdvanceHelp": "By default, most images are only downloaded when requested by an Emby app. Enable this option to download all images in advance, as new media is imported. This may cause significantly longer library scans.",
    "DeleteImage": "Resmi Sil",
    "MessageThankYouForSupporting": "Thank you for supporting Emby.",
    "FileReadCancelled": "Dosya Okuma \u0130ptal Edildi",
    "FileNotFound": "Dosya Bulunamad\u0131",
    "FileReadError": "Dosya Okunurken Bir Hata Olu\u015ftu",
    "PinCodeResetComplete": "The pin code has been reset.",
    "PinCodeResetConfirmation": "Are you sure you wish to reset the pin code?",
    "HeaderPinCodeReset": "Reset Pin Code",
    "NoPluginConfigurationMessage": "This plugin has no settings to configure.",
    "NoPluginsInstalledMessage": "Eklentiler Y\u00fckl\u00fc De\u011fil",
    "BrowsePluginCatalogMessage": "Mevcut Eklentileri G\u00f6rebilmek \u0130\u00e7in Eklenti Katologuna G\u00f6z At\u0131n.",
    "HeaderNewApiKey": "New Api Key",
    "LabelAppName": "App name",
    "LabelAppNameExample": "Example: Sickbeard, NzbDrone",
    "HeaderNewApiKeyHelp": "Grant an application permission to communicate with Emby Server.",
    "MessageKeyEmailedTo": "Key emailed to {0}.",
    "HeaderConfirmation": "Confirmation",
    "MessageKeyUpdated": "Thank you. Your Emby Premiere key has been updated.",
    "MessageKeyRemoved": "Thank you. Your Emby Premiere key has been removed.",
    "TextEnjoyBonusFeatures": "Enjoy Bonus Features",
    "HeaderAddTag": "Add Tag",
    "ButtonSelectView": "Select view",
    "LabelFromHelp": "Example: {0} (on the server)",
    "MessageErrorLoadingSupporterInfo": "There was an error loading Emby Premiere information. Please try again later.",
    "HeaderConfirmRemoveUser": "Remove User",
    "ValueTimeLimitSingleHour": "Time limit: 1 hour",
    "ValueTimeLimitMultiHour": "Time limit: {0} hours",
    "General": "General",
    "HeaderScreenSavers": "Screen Savers",
    "Notifications": "Notifications",
    "Metadata": "Metadata",
    "Reporting": "Reporting",
    "HeaderSearch": "Search",
    "ValueDateCreated": "Date created: {0}",
    "LabelArtist": "Artist",
    "LabelMovie": "Movie",
    "LabelMusicVideo": "Music Video",
    "LabelEpisode": "Episode",
    "Series": "Series",
    "LabelStopping": "Stopping",
    "LabelCancelled": "Cancelled",
    "ButtonDownload": "Download",
    "HeaderDevices": "Devices",
    "HeaderSelectCertificatePath": "Select Certificate Path",
    "HeaderSupporterBenefit": "An active Emby Premiere subscription provides additional benefits such as access to Emby DVR, offline media, premium plugins, and more. {0}Learn more{1}.",
    "HeaderWelcomeBack": "Welcome back!",
    "HeaderSelectDevices": "Select Devices",
    "ButtonReenable": "Re-enable",
    "LabelAbortedByServerShutdown": "(Aborted by server shutdown)",
    "LabelScheduledTaskLastRan": "Last ran {0}, taking {1}.",
    "HeaderDeleteTaskTrigger": "Delete Task Trigger",
    "MessageDeleteTaskTrigger": "Are you sure you wish to delete this task trigger?",
    "MessageNoPluginsInstalled": "You have no plugins installed.",
    "MessageNoPluginsDueToAppStore": "To manage plugins, please use the Emby web app.",
    "LabelVersionInstalled": "{0} installed",
    "LabelNumberReviews": "{0} Reviews",
    "LabelFree": "Free",
    "HeaderSelectAudio": "Select Audio",
    "HeaderSelectSubtitles": "Select Subtitles",
    "LabelDefaultStream": "(Default)",
    "LabelForcedStream": "(Forced)",
    "LabelDefaultForcedStream": "(Default\/Forced)",
    "LabelUnknownLanguage": "Unknown language",
    "ButtonMute": "Sessiz",
    "ButtonUnmute": "Unmute",
    "ButtonPlaylist": "Playlist",
    "LabelEnabled": "Enabled",
    "LabelDisabled": "Disabled",
    "Disabled": "Disabled",
    "ButtonMoreInformation": "More Information",
    "LabelNoUnreadNotifications": "No unread notifications.",
    "HeaderConfirmSeriesCancellation": "Confirm Series Cancellation",
    "HeaderConfirmRecordingDeletion": "Confirm Recording Deletion",
    "OptionWeekend": "Weekends",
    "OptionWeekday": "Weekdays",
    "LiveTvUpdateAvailable": "(Update available)",
    "LabelVersionUpToDate": "Up to date!",
    "ButtonResetTuner": "Reset tuner",
    "HeaderResetTuner": "Reset Tuner",
    "MessageConfirmResetTuner": "Are you sure you wish to reset this tuner? Any active players or recordings will be abruptly stopped.",
    "ButtonCancelSeries": "Cancel Series",
    "HeaderSeriesRecordings": "Series Recordings",
    "LabelAnytime": "Any time",
    "StatusRecording": "Recording",
    "StatusWatching": "Watching",
    "StatusRecordingProgram": "Recording {0}",
    "StatusWatchingProgram": "Watching {0}",
    "HeaderSplitMedia": "Split Media Apart",
    "MessageConfirmSplitMedia": "Are you sure you wish to split the media sources into separate items?",
    "HeaderError": "Error",
    "HeaderSelectServerCachePath": "Select Server Cache Path",
    "HeaderSelectTranscodingPath": "Select Transcoding Temporary Path",
    "HeaderSelectMetadataPath": "Select Metadata Path",
    "HeaderSelectServerCachePathHelp": "Browse or enter the path to use for server cache files. The folder must be writeable.",
    "HeaderSelectTranscodingPathHelp": "Browse or enter the path to use for transcoding temporary files. The folder must be writeable.",
    "HeaderSelectMetadataPathHelp": "Browse or enter the path you'd like to store metadata within. The folder must be writeable.",
    "MessageFileWillBeDeleted": "The following file will be deleted:",
    "MessageSureYouWishToProceed": "Are you sure you wish to proceed?",
    "MessageFollowingFileWillBeMovedFrom": "The following file will be moved from:",
    "MessageDestinationTo": "to:",
    "HeaderRestart": "Restart",
    "HeaderShutdown": "Shutdown",
    "MessageConfirmRestart": "Are you sure you wish to restart Emby Server?",
    "MessageConfirmShutdown": "Are you sure you wish to shutdown Emby Server?",
    "ValueItemCount": "{0} item",
    "ValueItemCountPlural": "{0} items",
    "NewVersionOfSomethingAvailable": "A new version of {0} is available!",
    "VersionXIsAvailableForDownload": "Version {0} is now available for download.",
    "LabelVersionNumber": "Version {0}",
    "LabelPlayMethodTranscoding": "Transcoding",
    "LabelPlayMethodDirectStream": "Direct Streaming",
    "LabelPlayMethodDirectPlay": "Direct Playing",
    "LabelLocalAccessUrl": "In-Home (LAN) access: {0}",
    "LabelRemoteAccessUrl": "Remote (WAN) access: {0}",
    "LabelRunningOnPort": "Running on http port {0}.",
    "LabelRunningOnPorts": "Running on http port {0}, and https port {1}.",
    "HeaderLatestFromChannel": "Latest from {0}",
    "ButtonRemoteControl": "Remote Control",
    "HeaderLatestTvRecordings": "Latest Recordings",
    "LabelCurrentPath": "Current path:",
    "HeaderSelectMediaPath": "Select Media Path",
    "HeaderSelectPath": "Select Path",
    "ButtonNetwork": "Network",
    "MessageDirectoryPickerInstruction": "Network paths can be entered manually in the event the Network button fails to locate your devices. For example, {0} or {1}.",
    "MessageDirectoryPickerBSDInstruction": "For BSD, you may need to configure storage within your FreeNAS Jail in order to allow Emby to access it.",
    "MessageDirectoryPickerLinuxInstruction": "For Linux on Arch Linux, CentOS, Debian, Fedora, OpenSuse, or Ubuntu, you must grant the Emby system user at least read access to your storage locations.",
    "HeaderMenu": "Menu",
    "ButtonOpen": "Open",
    "ButtonShuffle": "Shuffle",
    "HeaderAudioTracks": "Audio Tracks",
    "HeaderLibraries": "Libraries",
    "MessageErrorPlayingVideo": "There was an error playing the video.",
    "MessageEnsureOpenTuner": "Please ensure there is an open tuner availalble.",
    "ButtonReports": "Reports",
    "MetadataManager": "Metadata Manager",
    "HeaderTime": "Time",
    "LabelAddedOnDate": "Added {0}",
    "ButtonStart": "Start",
    "OptionBlockOthers": "Others",
    "OptionBlockTvShows": "TV Shows",
    "OptionBlockTrailers": "Trailers",
    "OptionBlockMusic": "Music",
    "OptionBlockMovies": "Movies",
    "OptionBlockBooks": "Books",
    "OptionBlockGames": "Games",
    "OptionBlockLiveTvPrograms": "Live TV Programs",
    "OptionBlockLiveTvChannels": "Live TV Channels",
    "OptionBlockChannelContent": "Internet Channel Content",
    "ButtonRevoke": "Revoke",
    "MessageConfirmRevokeApiKey": "Are you sure you wish to revoke this api key? The application's connection to Emby Server will be abruptly terminated.",
    "HeaderConfirmRevokeApiKey": "Revoke Api Key",
    "ValueContainer": "Container: {0}",
    "ValueAudioCodec": "Audio Codec: {0}",
    "ValueVideoCodec": "Video Codec: {0}",
    "ValueCodec": "Codec: {0}",
    "ValueConditions": "Conditions: {0}",
    "LabelAll": "All",
    "HeaderDeleteImage": "Delete Image",
    "MessageFileNotFound": "File not found.",
    "ButtonNextPage": "Next Page",
    "ButtonPreviousPage": "Previous Page",
    "MessagePleaseAcceptTermsOfServiceBeforeContinuing": "Please accept the terms of service before continuing.",
    "OptionOff": "Off",
    "OptionOn": "On",
    "ButtonUninstall": "Uninstall",
    "HeaderLiveTV": "Live TV",
    "MissingPrimaryImage": "Missing primary image.",
    "MissingBackdropImage": "Missing backdrop image.",
    "MissingLogoImage": "Missing logo image.",
    "MissingEpisode": "Missing episode.",
    "OptionBackdrops": "Backdrops",
    "OptionImages": "Images",
    "OptionKeywords": "Keywords",
    "OptionTags": "Etiketler",
    "OptionStudios": "Studios",
    "OptionName": "Name",
    "OptionOverview": "Overview",
    "OptionGenres": "Genres",
    "OptionPeople": "People",
    "OptionBirthLocation": "Birth Location",
    "HeaderChangeFolderType": "Change Content Type",
    "HeaderChangeFolderTypeHelp": "To change the type, please remove and rebuild the library with the new type.",
    "HeaderAlert": "Alert",
    "MessagePleaseRestart": "Please restart to finish updating.",
    "ButtonHide": "Hide",
    "MessageSettingsSaved": "Settings saved.",
    "TabLibrary": "Library",
    "TabLiveTV": "Live TV",
    "TabPlugins": "Plugins",
    "TabHelp": "Help",
    "HeaderNotifications": "Notifications",
    "HeaderSelectPlayer": "Select Player",
    "HeaderSpecials": "Specials",
    "HeaderTrailers": "Trailers",
    "HeaderResolution": "Resolution",
    "HeaderRuntime": "Runtime",
    "HeaderParentalRating": "Parental Rating",
    "HeaderReleaseDate": "Release date",
    "HeaderSeries": "Series:",
    "HeaderSeason": "Season",
    "HeaderSeasonNumber": "Season number",
    "HeaderNetwork": "Network",
    "HeaderYear": "Year:",
    "HeaderEmbeddedImage": "Embedded image",
    "HeaderTrack": "Track",
    "OptionCollections": "Collections",
    "OptionSeries": "Series",
    "OptionGames": "Games",
    "OptionGameSystems": "Game systems",
    "OptionMusicArtists": "Music artists",
    "OptionMusicAlbums": "Music albums",
    "OptionMusicVideos": "Music videos",
    "OptionSongs": "Songs",
    "OptionHomeVideos": "Home videos & photos",
    "OptionBooks": "Books",
    "ButtonUp": "Up",
    "ButtonDown": "Down",
    "LabelMetadataReaders": "Metadata readers:",
    "LabelMetadataReadersHelp": "Rank your preferred local metadata sources in order of priority. The first file found will be read.",
    "LabelSubtitleDownloaders": "Subtitle downloaders:",
    "SubtitleDownloadersHelp": "Enable and rank your preferred subtitle downloaders in order of priority. More subtitle providers can be installed using the Emby plugin catalog.",
    "LabelMetadataDownloaders": "Metadata downloaders:",
    "LabelMetadataDownloadersHelp": "Enable and rank your preferred metadata downloaders in order of priority. Lower priority downloaders will only be used to fill in missing information.",
    "LabelMetadataSavers": "Metadata savers:",
    "LabelMetadataSaversHelp": "Choose the file formats to save your metadata to.",
    "LabelImageFetchers": "Image fetchers:",
    "LabelImageFetchersHelp": "Enable and rank your preferred image fetchers in order of priority.",
    "PersonTypePerson": "Person",
    "OptionSortName": "Sort name",
    "LabelDateOfBirth": "Date of birth:",
    "HeaderRemoveMediaLocation": "Remove Media Location",
    "MessageConfirmRemoveMediaLocation": "Are you sure you wish to remove this location?",
    "LabelNewName": "New name:",
    "HeaderRemoveMediaFolder": "Remove Media Folder",
    "MessageTheFollowingLocationWillBeRemovedFromLibrary": "The following media locations will be removed from your Emby library:",
    "MessageAreYouSureYouWishToRemoveMediaFolder": "Are you sure you wish to remove this media folder?",
    "ButtonRename": "Rename",
    "ButtonChangeContentType": "Change content type",
    "HeaderMediaLocations": "Media Locations",
    "LabelContentTypeValue": "Content type: {0}",
    "FolderTypeUnset": "Mixed content",
    "HeaderPluginInstallation": "Plugin Installation",
    "MessageAlreadyInstalled": "This version is already installed.",
    "MessageYouHaveVersionInstalled": "You currently have version {0} installed.",
    "MessageTrialExpired": "The trial period for this feature has expired",
    "MessageTrialWillExpireIn": "The trial period for this feature will expire in {0} day(s)",
    "MessageInstallPluginFromApp": "This plugin must be installed from with in the app you intend to use it in.",
    "ValuePriceUSD": "Price: {0} (USD)",
    "MessageFeatureIncludedWithSupporter": "You are registered for this feature, and will be able to continue using it with an active Emby Premiere subscription.",
    "HeaderUnrated": "Unrated",
    "HeaderUnknownDate": "Unknown Date",
    "HeaderUnknownYear": "Unknown Year",
    "HeaderSelectExternalPlayer": "Select External Player",
    "HeaderExternalPlayerPlayback": "External Player Playback",
    "OptionWatched": "Watched",
    "OptionUnwatched": "Unwatched",
    "LabelMarkAs": "Mark as:",
    "OptionInProgress": "In-Progress",
    "LabelResumePoint": "Resume point:",
    "ValueOneTrailer": "1 trailer",
    "ValueTrailerCount": "{0} trailers",
    "ValueSeriesYearToPresent": "{0} - Present",
    "ValueAwards": "Awards: {0}",
    "ValuePremiered": "Premiered {0}",
    "ValuePremieres": "Premieres {0}",
    "ValueStudio": "Studio: {0}",
    "ValueStudios": "Studios: {0}",
    "ValueStatus": "Status: {0}",
    "LabelLimit": "Limit:",
    "ValueLinks": "Links: {0}",
    "ValueArtist": "Artist: {0}",
    "ValueArtists": "Artists: {0}",
    "MediaInfoCameraMake": "Camera make",
    "MediaInfoCameraModel": "Camera model",
    "MediaInfoAltitude": "Altitude",
    "MediaInfoAperture": "Aperture",
    "MediaInfoExposureTime": "Exposure time",
    "MediaInfoFocalLength": "Focal length",
    "MediaInfoOrientation": "Orientation",
    "MediaInfoIsoSpeedRating": "Iso speed rating",
    "MediaInfoLatitude": "Latitude",
    "MediaInfoLongitude": "Longitude",
    "MediaInfoShutterSpeed": "Shutter speed",
    "MediaInfoSoftware": "Software",
    "HeaderMovies": "Movies",
    "HeaderAlbums": "Albums",
    "HeaderGames": "Games",
    "HeaderBooks": "Books",
    "HeaderEpisodes": "Episodes",
    "HeaderTracks": "Tracks",
    "HeaderItems": "Items",
    "HeaderOtherItems": "Other Items",
    "ValueAsRole": "as {0}",
    "ValueGuestStar": "Guest star",
    "TabExpert": "Expert",
    "HeaderSelectCustomIntrosPath": "Select Custom Intros Path",
    "HeaderThankYou": "Thank You",
    "ReleaseYearValue": "Release year: {0}",
    "TabExtras": "Extras",
    "DeviceLastUsedByUserName": "Last used by {0}",
    "HeaderSelectUploadPath": "Select Upload Path",
    "ErrorMessageStartHourGreaterThanEnd": "End time must be greater than the start time.",
    "ButtonLibraryAccess": "Library access",
    "ButtonParentalControl": "Parental control",
    "MessageUnableToConnectToServer": "We're unable to connect to the selected server right now. Please ensure it is running and try again.",
    "MessagePluginConfigurationRequiresLocalAccess": "To configure this plugin please sign in to your local server directly.",
    "MessageLoggedOutParentalControl": "Access is currently restricted. Please try again later.",
    "ButtonLinkMyEmbyAccount": "Link my account now",
    "MessageConnectAccountRequiredToInviteGuest": "In order to invite guests you need to first link your Emby account to this server.",
    "HeaderCancelSyncJob": "Cancel Sync",
    "MovieLibraryHelp": "Review the {0}Emby movie naming guide{1}.",
    "TvLibraryHelp": "Review the {0}Emby TV naming guide{1}.",
    "BookLibraryHelp": "Text books are supported. Review the {0}Emby Book naming guide{1}.",
    "MessageGamePluginRequired": "Requires installation of the GameBrowser plugin",
    "MessageUnsetContentHelp": "Content will be displayed as plain folders.",
    "ButtonNewServer": "New Server",
    "ButtonRemote": "Remote",
    "HeaderUnlockApp": "Unlock App",
    "HeaderUnlockSync": "Unlock Emby Sync",
    "MessagePaymentServicesUnavailable": "Payment services are currently unavailable. Please try again later.",
    "HeaderLibrary": "Library",
    "HeaderMedia": "Media",
    "NoNewDevicesFound": "No new devices found. To add a new tuner, close this dialog and enter the device information manually.",
    "NoResultsFound": "No results found.",
    "ManageLibrary": "Manage library",
    "HeaderConfirm": "Confirm",
    "MessageConfirmDeleteTunerDevice": "Are you sure you wish to delete this device?",
    "MessageConfirmDeleteGuideProvider": "Are you sure you wish to delete this guide provider?",
    "HeaderDeleteProvider": "Delete Provider",
    "ErrorAddingTunerDevice": "There was an error adding the tuner device. Please ensure it is accessible and try again.",
    "ErrorSavingTvProvider": "There was an error saving the TV provider. Please ensure it is accessible and try again.",
    "ErrorGettingTvLineups": "There was an error downloading tv lineups. Please ensure your information is correct and try again.",
    "MessageCreateAccountAt": "Create an account at {0}",
    "ErrorPleaseSelectLineup": "Please select a lineup and try again. If no lineups are available, then please check that your username, password, and postal code is correct.",
    "HeaderTryEmbyPremiere": "Try Emby Premiere",
    "OptionEnableDisplayMirroring": "Enable display mirroring",
    "ErrorValidatingSupporterInfo": "There was an error validating your Emby Premiere information. Please try again later.",
    "LabelLocalSyncStatusValue": "Status: {0}",
    "OptionBackdropSlideshow": "Backdrop slideshow",
    "HeaderTopPlugins": "Top Plugins",
    "ButtonOther": "Other",
    "HeaderSortBy": "Sort By",
    "HeaderSortOrder": "Sort Order",
    "ButtonMenu": "Menu",
    "ForAdditionalLiveTvOptions": "Browse the Emby {0}plugin catalog{1} to install additional Live TV providers.",
    "ButtonGuide": "Guide",
    "ButtonYes": "Yes",
    "AddUser": "Kullan\u0131c\u0131 Ekle",
    "ButtonNo": "No",
    "HeaderLatestMovies": "Son filmler",
    "HeaderEmailAddress": "E-Mail Address",
    "NumLocationsValue": "{0} folders",
    "ButtonAddMediaLibrary": "Add Media Library",
    "ButtonManageFolders": "Manage folders",
    "ErrorAddingListingsToSchedulesDirect": "There was an error adding the lineup to your Schedules Direct account. Schedules Direct only allows a limited number of lineups per account. You may need to log into the Schedules Direct website and remove others listings from your account before proceeeding.",
    "PleaseAddAtLeastOneFolder": "Please add at least one folder to this library by clicking the Add button.",
    "ErrorAddingMediaPathToVirtualFolder": "There was an error adding the media path. Please ensure the path is valid and the Emby Server process has access to that location.",
    "ErrorAddingEmbyConnectAccount3": "The Emby account is already linked to an existing local user. An Emby account can only be linked to one local user at a time.",
    "HeaderConfirmPluginInstallation": "Confirm Plugin Installation",
    "PleaseConfirmPluginInstallation": "Please click OK to confirm you've read the above and wish to proceed with the plugin installation.",
    "MessagePluginInstallDisclaimer": "Plugins built by Emby community members are a great way to enhance your Emby experience with additional features and benefits. Before installing, please be aware of the effects they may have on your Emby Server, such as longer library scans, additional background processing, and decreased system stability.",
    "TitleHardwareAcceleration": "Hardware Acceleration",
    "HardwareAccelerationWarning": "Enabling hardware acceleration may cause instability in some environments. Ensure that your operating system and video drivers are fully up to date. If you have difficulty playing video after enabling this, you'll need to change the setting back to Auto.",
    "HeaderSelectCodecIntrosPath": "Select Codec Intros Path",
    "ValueExample": "Example: {0}",
    "OptionEnableAnonymousUsageReporting": "Enable anonymous usage reporting",
    "OptionEnableAnonymousUsageReportingHelp": "Allow Emby to collect anonymous data such as installed plugins, the version numbers of your Emby apps, etc. This information is only used for the purpose of improving the software.",
    "LabelFileOrUrl": "File or url:",
    "OptionEnableForAllTuners": "Enable for all tuner devices",
    "HeaderTuners": "Tuners",
    "LabelOptionalM3uUrl": "M3U url (optional):",
    "LabelOptionalM3uUrlHelp": "Some devices support an M3U channel listing.",
    "TabResumeSettings": "Resume Settings",
    "DrmChannelsNotImported": "Channels with DRM will not be imported.",
    "LabelAllowHWTranscoding": "Allow hardware transcoding",
    "AllowHWTranscodingHelp": "If enabled, allow the tuner to transcode streams on the fly. This may help reduce transcoding required by Emby Server.",
    "MetadataSettingChangeHelp": "Changing metadata settings will affect new content that is added going forward. To refresh existing content, open the detail screen and click the refresh button, or perform bulk refreshes using the metadata manager.",
    "OptionConvertRecordingPreserveAudio": "Preserve original audio when converting recordings (when possible)",
    "OptionConvertRecordingPreserveAudioHelp": "This will provide better audio but may require transcoding during playback on some devices.",
    "AddItemToCollectionHelp": "Add items to collections by searching for them and using their right-click or tap menus to add them to a collection.",
    "RecordingPathChangeMessage": "Changing your recording folder will not migrate existing recordings from the old location to the new. You'll need to move them manually if desired.",
    "LabelSportsCategories": "Sports categories:",
    "XmlTvSportsCategoriesHelp": "Programs with these categories will be displayed as sports programs. Separate multiple with '|'.",
    "LabelNewsCategories": "News categories:",
    "XmlTvNewsCategoriesHelp": "Programs with these categories will be displayed as news programs. Separate multiple with '|'.",
    "LabelKidsCategories": "Children's categories:",
    "XmlTvKidsCategoriesHelp": "Programs with these categories will be displayed as programs for children. Separate multiple with '|'.",
    "LabelMovieCategories": "Movie categories:",
    "XmlTvMovieCategoriesHelp": "Programs with these categories will be displayed as movies. Separate multiple with '|'.",
    "XmlTvPathHelp": "A path to an xml tv file. Emby will read this file and periodically check it for updates. You are responsible for creating and updating the file.",
    "LabelBindToLocalNetworkAddress": "Bind to local network address:",
    "LabelBindToLocalNetworkAddressHelp": "Optional. Override the local IP address that Emby Server will present to Emby apps. If left blank, the server will automatically detect the local IP address.",
    "TitleHostingSettings": "Hosting Settings",
    "SettingsWarning": "Changing these values may cause instability or connectivity failures. If you experience any problems, we recommend changing them back to default.",
    "MapChannels": "Map Channels",
    "OptionSaveMetadataAsHiddenHelp": "Changing this will apply to new metadata saved going forward. Existing metadata files will be updated the next time they are saved by Emby Server.",
    "EnablePhotos": "Enable photos",
    "EnablePhotosHelp": "Photos will be detected and displayed alongside other media files.",
    "ManageOfflineDownloads": "Manage offline downloads",
    "RememberMe": "Remember me",
    "HeaderOfflineSync": "Offline Sync",
    "LabelMaxAudioFileBitrate": "Max audio file bitrate:",
    "LabelMaxAudioFileBitrateHelp": "Audio files with a higher bitrate will be converted by Emby Server. Select a higher value for better quality, or a lower value to conserve local storage space.",
    "SaveThumbnailImagesIntoMediaFolders": "Save thumbnail images into media folders",
    "OptionExtractThumbnailImage": "Enable thumbnail image creation",
    "LabelEnableDebugLogging": "Enable debug logging",
    "OptionEnableExternalContentInSuggestions": "Enable external content in suggestions",
    "OptionEnableExternalContentInSuggestionsHelp": "Allow internet trailers and live tv programs to be included within suggested content.",
    "LabelH264EncodingPreset": "H264 encoding preset:",
    "H264EncodingPresetHelp": "Choose a faster value to improve performance, or a slower value to improve quality.",
    "LabelH264Crf": "H264 encoding CRF:",
    "H264CrfHelp": "The Constant Rate Factor (CRF) is the default quality setting for the x264 encoder. You can set the values between 0 and 51, where lower values would result in better quality (at the expense of higher file sizes). Sane values are between 18 and 28. The default for x264 is 23, so you can use this as a starting point.",
    "LabelConvertRecordingsTo": "Convert recordings to:",
    "LabelOptionalNetworkPath": "(Optional) Shared network folder:",
    "LabelOptionalNetworkPathHelp": "If this folder is shared on your network, supplying the network share path can allow Emby apps on other devices to access media files directly.",
    "SynologyUpdateInstructions": "Please login to DSM and go to Package Center to update.",
    "LabelMoviePrefix": "Movie prefix:",
    "LabelMoviePrefixHelp": "If a prefix is applied to movie titles, enter it here so that Emby can handle it properly.",
    "HeaderRecordingPostProcessing": "Recording Post Processing",
    "LabelPostProcessorArguments": "Post-processor command line arguments:",
    "LabelPostProcessorArgumentsHelp": "Use {path} as the path to the recording file.",
    "LabelPostProcessor": "Post-processing application:",
    "ErrorAddingXmlTvFile": "There was an error accessing the XmlTV file. Please ensure the file exists and try again.",
    "OptionAutomaticallyGroupSeries": "Automatically merge series that are spread across multiple folders",
    "OptionAutomaticallyGroupSeriesHelp": "If enabled, series that are spread across multiple folders within this library will be automatically merged into a single series.",
    "WhenDidYouPurchaseApp": "When did you originally purchase this app?",
    "PreferEmbeddedTitlesOverFileNames": "Prefer embedded titles over filenames",
    "PreferEmbeddedTitlesOverFileNamesHelp": "This determines the default display title when no internet metadata or local metadata is available.",
    "HeaderUpcomingEpisodes": "Upcoming Episodes",
    "HeaderLiveTvTunerSetup": "Live TV Tuner Setup",
    "HeaderTVSourceSetup": "TV Source Setup",
    "HeaderDetectMyDevices": "Detect My Devices",
    "MessagePleaseWait": "Please wait. This may take a minute.",
    "DetectingDevices": "Detecting devices",
    "LabelAutomaticallyRefreshInternetMetadataEvery": "Automatically refresh metadata from the internet:",
    "Never": "Never",
    "EveryNDays": "Every {0} days",
    "HeaderNewDevices": "New Devices",
    "LabelCertificatePassword": "Certificate password:",
    "LabelCertificatePasswordHelp": "If your certificate requires a password, please enter it here.",
    "LabelEnableHardwareDecodingFor": "Enable hardware decoding for:",
    "EnableHardwareEncoding": "Enable hardware encoding",
    "Rate": "Rate",
    "HeaderNewLibrary": "New Library",
    "HttpsRequiresCert": "To enable secure connections, you will need to supply a trusted SSL certificate, such as Lets Encrypt. Please either supply a certificate, or disable secure connections.",
    "ServerRestartNeededAfterPluginInstall": "Emby Server will need to be restarted after installing a plugin.",
    "PluginInstalledMessage": "The plugin has been successfully installed. Emby Server will need to be restarted for changes to take effect.",
    "Themes": "Themes",
    "MessagePremiereStatusGood": "You have a {0} Emby Premiere plan and your device usage is well within your limit.",
    "MessagePremiereStatusClose": "You have a {0} Emby Premiere plan, but your device usage is close to the limit.",
    "MessagePremiereExtendedPlans": "Consider an {0}extended device plan{1}",
    "MessagePremiereStatusOver": "You have a {0} Emby Premiere plan, but you are over your device limit!",
    "ListItemPremiereSub": "{0} subscription purchased via {2} expires {1}",
    "LabelClickToCancel": "Click to cancel this subscription",
    "LabelCancelInfo": "You can manage this subscription directly with {0}",
    "LabelAlreadyCanceled": "This subscription has been canceled. Key will remain valid until expiration.",
    "HeaderCancelSub": "Cancel Emby Premiere",
    "MessageConfirmSubCancel": "NO, Please don't go... You will miss out on all the great features of Emby Premiere!",
    "ButtonCancelSub": "I know, cancel it anyway",
    "ButtonDontCancelSub": "Keep Emby Premiere",
    "MessageSubCancelReqSent": "An email has been sent to the owner of the key. Please follow the instructions in that email to complete the cancellation of this subscription. We hope to see you back soon!",
    "MessageSubCancelError": "Something went wrong trying to cancel.  Please send an email to {0} and we'll get you squared away.",
    "LabelAlreadyCancelled": "This subscription has been cancelled. You will not be charged again but the features will work until the date above.",
    "AllowOnTheFlySubtitleExtraction": "Allow subtitle extraction on the fly",
    "AllowOnTheFlySubtitleExtractionHelp": "Embedded subtitles can be extracted from videos and delivered to Emby apps in plain text in order to help prevent video transcoding. On some systems this can take a long time and cause video playback to stall during the extraction process. Disable this to have embedded subtitles burned in with video transcoding when they are not natively supported by the client device.",
    "ButtonStopRecording": "Stop Recording",
    "EnableDebugLoggingHelp": "Debug logging should only be enabled as needed for troubleshooting purposes. The increased file system access may prevent the server machine from being able to sleep in some environments.",
    "LabelSimultaneousConnectionLimit": "Simultaneous stream limit:",
    "SimultaneousConnectionLimitHelp": "The maximum number of allowed simultaneous streams. Enter 0 for no limit.",
    "LaunchWebAppOnStartup": "Launch the Emby web app in my web browser when Emby Server starts",
    "LaunchWebAppOnStartupHelp": "This will open the web app in your default web browser when Emby Server initially starts. This will not occur when using the restart server function.",
    "LabelReferrerHeader": "Referrer http header:",
    "LabelUserAgentHeader": "User agent http header:",
    "SupplyCustomValueIfNeeded": "Supply a custom http header value, if necessary.",
    "HeaderConfigureRemoteAccess": "Configure Remote Access",
    "LearnHowToCreateSynologyShares": "Learn how to share folders in Synology.",
    "LabelAllowedRemoteAddresses": "Remote IP address filter:",
    "LabelAllowedRemoteAddressesMode": "Remote IP address filter mode:",
    "Whitelist": "Whitelist",
    "Blacklist": "Blacklist",
    "AllowedRemoteAddressesHelp": "Comma separated list of IP addresses or IP\/netmask entries for networks that will be allowed to connect remotely. If left blank, all remote addresses will be allowed.",
    "LabelLanNetworks": "LAN networks:",
    "LanNetworksHelp": "Comma separated list of IP addresses or IP\/netmask entries for networks that will be considered on local network when enforcing bandwidth restrictions. If set, all other IP addresses will be considered to be on the external network and will be subject to the external bandwidth restrictions. If left blank, only the server's subnet and common private IP subnets (10.0.0.0\/8, 192.168.0.0\/24, etc.) are considered to be on the local network.",
    "LabelSecureConnectionsMode": "Secure connection mode:",
    "PreferredNotRequired": "Preferred, but not required",
    "RequiredForAllRemoteConnections": "Required for all remote connections",
    "HandledByProxy": "Handled by reverse proxy",
    "SaveSubtitlesIntoMediaFolders": "Save subtitles into media folders",
    "SaveSubtitlesIntoMediaFoldersHelp": "Storing subtitles next to video files will allow them to be more easily managed.",
    "AutomaticSubtitleDownloadInstructions": "To manage automatic subtitle downloading, click on a library in Emby library setup, and edit the subtitle downloading settings for that library.",
    "OpenSubtitleInstructions": "You'll need to configure Open Subtitles account information on the Open Subtitles configuration screen in the Emby Server dashboard.",
    "LabelEnableHardwareAcceleration": "Enable hardware acceleration when available:",
    "HeaderPreferredHardwareDecoders": "Preferred Hardware Decoders",
    "HeaderPreferredHardwareEncoders": "Preferred Hardware Encoders",
    "AllowChangingImageAndPassword": "Allow this user to change their password and profile image",
    "LabelTranscodeBuffer": "Transcode buffer:",
    "LabelTranscodePosition": "Transcode position:",
    "LabelPlaybackPosition": "Playback position:",
    "LabelSimultaneousStreamLimit": "Max simultaneous video streams:",
    "SimultaneousStreamLimitHelp": "Limit the number of concurrent video playback sessions."
}