<?xml version="1.0" encoding="UTF-8" standalone="yes"?>
<addon id="game.controller.atari.xges.keyboard"
        name="Atari XGES Keyboard"
        version="1.0.7"
        provider-name="Team Kodi">
    <extension point="kodi.game.controller" library="resources/layout.xml"/>
    <extension point="xbmc.addon.metadata">
        <summary lang="en_GB">Atari XGES keyboard</summary>
        <description lang="en_GB">The Atari XGES keyboard was included in the Atari XGES deluxe set, which was released in 1987 by Atari Corporation. Because a keyboard was included, the XGES had home computer functionality.</description>
        <disclaimer lang="en_GB">Image credit: Wikipedia (wikipedia.org)</disclaimer>
		<summary lang = "es_ES"> Teclado Atari XGES </summary>
        <description lang = "es_ES"> El teclado Atari XGES se incluyó en el conjunto de lujo Atari XGES, que fue lanzado en 1987 por Atari Corporation. Debido a que se incluyó un teclado, el XGES tenía funcionalidad de computadora en el hogar. </description>
        <disclaimer lang = "es_ES"> Crédito de imagen: Wikipedia (wikipedia.org) </disclaimer>
        <platform>all</platform>
        <assets>
            <icon>resources/icon.png</icon>
        </assets>
    </extension>
</addon>
