<?xml version="1.0" encoding="UTF-8" standalone="yes"?>
<addon id="game.libretro" name="Libretro" version="1.1.1.1" provider-name="Team Kodi">
  <backwards-compatibility abi="1.0.0"/>
  <requires>
    <import addon="kodi.binary.global.main" version="1.0.14"/>
    <import addon="kodi.binary.instance.game" version="1.1.0"/>
  </requires>
  <extension point="kodi.gameclient" library_linux="game.libretro.so.1.1.1">
  </extension>
  <extension point="xbmc.addon.metadata">
    <summary lang="en">Libretro compatibility layer for Kodi's Game API</summary>
    <summary lang="es">Capa de compatibilidad de Libretro para la API de juegos de Kodi</summary>
    <description lang="en">This add-on provides a wrapper for libretro cores, allowing them to be loaded as game add-ons.</description>
    <description lang="es">Este complemento proporciona un contenedor para los núcleos de libretro, lo que les permite cargarse como complementos del juego.</description>
    <platform/>
    <nofanart>true</nofanart>
  </extension>
</addon>
