<?xml version="1.0" encoding="UTF-8"?>
<addon id="audiodecoder.nosefart" version="2.0.2.1" name="Nosefart Audio Decoder" provider-name="spiff">
  <requires>
    <import addon="kodi.binary.global.main" version="1.0.14"/>
    <import addon="kodi.binary.global.filesystem" version="1.0.2"/>
    <import addon="kodi.binary.instance.audiodecoder" version="2.0.0"/>
  </requires>
  <extension point="kodi.audiodecoder" name="nsf" tags="true" tracks="true" extension=".nsf|.nsfstream" library_linux="audiodecoder.nosefart.so.2.0.2"/>
  <extension point="xbmc.addon.metadata">
    <summary lang="en">Nosefart (NSF) Audio Decoder</summary>
    <description lang="en">The Nintendo Sound Format (NSF) is a container format, that holds audio code ripped from the ROMs of games for the Nintendo Entertainment System. The NES had a pretty good sound engine for its time supporting 2 pulse-waves, 1 triangle wave, a noise channel, and DPCM channel which is a raw 7-bit counter raw sample playback.</description>
    <platform/>
    <license>GPL-2.0</license>
    <source>https://github.com/xbmc/audiodecoder.nosefart</source>
    <assets>
      <icon>icon.png</icon>
    </assets>
  </extension>
</addon>
