<?xml version="1.0" encoding="UTF-8"?>
<datafile>
	<header>
		<emu_name>LaserDisc</emu_name>
		<emu_description>LaserDisc</emu_description>
		<emu_category>LaserDisc, 1970s, Console</emu_category>
		<emu_version>032923</emu_version>
		<emu_date>032923</emu_date>
		<emu_author>Zach Morris</emu_author>
		<emu_visibility>visible</emu_visibility>
		<emu_homepage>https://archive.org</emu_homepage>
		<emu_baseurl>https://archive.org/download/</emu_baseurl>
		<emu_launcher>retroplayer</emu_launcher>
		<emu_default_addon>none</emu_default_addon>
		<emu_ext_launch_cmd>none</emu_ext_launch_cmd>
		<emu_downloadpath>default</emu_downloadpath>
		<emu_postdlaction>none</emu_postdlaction>
		<emu_comment>The LaserDisc is an arcade and home video format and the first commercial optical disc storage medium, initially licensed, sold and marketed as MCA DiscoVision (aka DiscoVision) in the United States in 1978. Its diameter typically spans 30 cm / 12 in. Unlike most optical disc standards, LaserDisc is not fully digital, and instead requires the use of analog video signals.  The first major arcade LaserDisc video game was Segas Astron Belt, a third-person space combat rail shooter featuring live-action full-motion video footage over which the player, enemy ships and laser fire are superimposed. In the United States, the game that popularized the genre was Dragons Lair, animated by Don Bluth and released by Cinematronics in 1983.[CR]Manufacturer: Pioneer[CR]Developer: DiscoVision[CR]Media Medium: Disc[CR]Graphics: 425 television lines (TVL)[CR]Sound: PCM digital audio[CR]Display: 640×480[CR]Max Players: 2</emu_comment>
		<emu_thumb>Cf4LRq0.jpg</emu_thumb>
		<emu_banner>IPGH1ER.jpg</emu_banner>
		<emu_fanart>rI8Ul3I.jpg</emu_fanart>
		<emu_logo>spA78jy.png</emu_logo>
		<emu_trailer>TtCq_cCu_M0</emu_trailer>
	</header>
	<game name="Cliff Hanger">
		<description>Cliff Hanger</description>
		<rom name="dirksimple/cliff/480/cliff.ogv" size="222000000"/>
		<plot>Cliff is on a mission to save Clarissa from being forced to marry the evil Count Draco. Cliff Hanger is an interactive cartoon movie. The game consists of animated scenes, during which the player has to press direction buttons or the sword button in the right moment to trigger the next segment of the movie. The anime video used in the game are scenes from the Lupin III anime movies, mainly scenes from The Castle of Cagliostro and the Mystery of Mamo animated movies. Cliff in the game is Arsène Lupin III in the original anime.</plot>
		<releasedate>01/01/1983</releasedate>
		<year>1983</year>
		<studio>Stern Electronics</studio>
		<nplayers>2</nplayers>
		<videoid>mc5MKWJ7j6Y</videoid>
		<boxart1>http://adb.arcadeitalia.net/media/mame.current/flyers/cliffhgr.png</boxart1>
		<boxart2>http://adb.arcadeitalia.net/media/mame.current/cabinets/cliffhgr.png</boxart2>
		<banner1>http://adb.arcadeitalia.net/media/mame.current/marquees/cliffhgr.png</banner1>
		<banner2>http://adb.arcadeitalia.net/media/mame.current/cpanels/cliffhgr.png</banner2>
		<clearlogo1>http://adb.arcadeitalia.net/media/mame.current/decals/cliffhgr.png</clearlogo1>
		<snapshot1>http://adb.arcadeitalia.net/media/mame.current/titles/cliffhgr.png</snapshot1>
		<snapshot2>http://adb.arcadeitalia.net/media/mame.current/ingames/cliffhgr.png</snapshot2>
		<fanart1>http://adb.arcadeitalia.net/media/mame.current/artworks_previews/cliffhgr.png</fanart1>
		<fanart2>https://i.ytimg.com/vi/fj2GfUr2siY/maxresdefault.jpg</fanart2>
		<genre>Action,3rd Person</genre>
		<groups>1G1R</groups>
	</game>
	<game name="Dragons Lair">
		<description>Dragons Lair</description>
		<rom name="dirksimple/lair/480/lair.ogv" size="464800000"/>
		<plot>Originally released in the arcades as a LaserDisc game, Dragon's Lair is an interactive cartoon movie. Players control Dirk the Daring as he struggles his way through a dungeon to fight Singe, the Dragon, and rescue the beautiful Princess Daphne. The game consists of animated scenes, during which the player has to press direction buttons or the sword button at the right moment to trigger the next segment of the movie.</plot>
		<releasedate>01/01/1983</releasedate>
		<year>1983</year>
		<studio>Cinematronics</studio>
		<nplayers>2</nplayers>
		<videoid>bEbsp0HP8Rk</videoid>
		<boxart1>http://adb.arcadeitalia.net/media/mame.current/flyers/dlair.png</boxart1>
		<boxart2>http://adb.arcadeitalia.net/media/mame.current/cabinets/dlair.png</boxart2>
		<banner1>http://adb.arcadeitalia.net/media/mame.current/marquees/dlair.png</banner1>
		<banner2>http://adb.arcadeitalia.net/media/mame.current/cpanels/dlair.png</banner2>
		<clearlogo1>https://static.wikia.nocookie.net/dragonslair/images/9/95/Dragons-lair-logo.png</clearlogo1>
		<snapshot1>https://cdn.mobygames.com/screenshots/15849825-dragons-lair-arcade-title-screen.png</snapshot1>
		<snapshot2>https://cdn.mobygames.com/screenshots/15849900-dragons-lair-arcade-but-a-gruesome-death-awaits.png</snapshot2>
		<snapshot3>https://cdn.mobygames.com/screenshots/15850197-dragons-lair-arcade-all-seems-quiet.png</snapshot3>
		<fanart1>https://www.lifeintheanalogage.com/wp-content/uploads/2011/10/dragons_lair.jpg</fanart1>
		<fanart2>http://www.dragons-lair-project.com/games/materials/flyers/large/dl_03.jpg</fanart2>
		<genre>Action,Fantasy,3rd Person</genre>
		<groups>1G1R,Don Bluth interactive movies,Dragons Lair series,Fantasy Creatures,Games made into comics,Video games turned into board games</groups>
	</game>
</datafile>