{
  "id": "directo",
  "name": "Directo",

  "active": true,

  "find_videos": {
    "ignore_urls": [],
    "patterns": [
      {
        "pattern": "(https://storage.googleapis.com/.*?\\.mp4)",
        "url": "\\1"
      },
      {
        "pattern": "(http://[a-zA-Z0-9]+\\.mysites\\.com\\/get_file\\/.*?\\.mp4)",
        "url": "\\1"
      },
      {
        "pattern": "flashvars=\"file=(http://[^\\.]+.myspacecdn[^\\&]+)&",
        "url": "\\1"
      },
      {
        "pattern": "(http://[^\\.]+\\.myspacecdn.*?\\.flv)",
        "url": "\\1"
      },
      {
        "pattern": "(http://api.ning.com.*?\\.flv)",
        "url": "\\1"
      },
      {
        "pattern": "file\\=(http\\:\\/\\/es.video.netlogstatic[^\\&]+)\\&",
        "url": "\\1"
      },
      {
        "pattern": "file=http.*?mangaid.com(.*?)backcolor=",
        "url": "http://mangaid.com\\1"
      },
      {
        "pattern": "so\\.addVariable\\(\\’file\\’,\\’(http\\://peliculasid[^\\']+)",
        "url": "\\1"
      }
    ]
  }

}