{
  "id": "uploadedto",
  "more_ids": ["uploaded", "ul.to"],
  "name": "UploadedTo",
 
  "active": false,
  "notes": "Debrider required",

  "find_videos": {
    "ignore_urls": ["http://uploaded.net/file/ref"],
    "patterns": [
      {
        "pattern": "(?:ul|uploaded).(?:net|to)/(?:file/|f/)?([a-zA-Z0-9]+)",
        "url": "http://uploaded.net/file/\\1"
      },
      {
        "pattern": "(?:ul|uploaded).(?:net|to)/folder/([a-zA-Z0-9]+)",
        "url": "http://uploaded.net/folder/\\1"
      }
    ]
  }

}