{
  "id": "youtube",
  "name": "Youtube",

  "active": true,

  "find_videos": {
    "ignore_urls": [],
    "patterns": [
      {
        "pattern": "youtu\\.be/([0-9A-Za-z_-]{11})",
        "url": "http://www.youtube.com/watch?v=\\1"
      },
      {
        "pattern": "youtube(?:-nocookie)?\\.com/(?:(?:(?:v/|embed/))|(?:(?:watch(?:_popup)?(?:\\.php)?)?(?:\\?|#!?)(?:.+&)?v=))?([0-9A-Za-z_-]{11})",
        "url": "http://www.youtube.com/watch?v=\\1"
      },
      {
        "pattern": "www.youtube.*?v(?:=|%3D)([0-9A-Za-z_-]{11})",
        "url": "http://www.youtube.com/watch?v=\\1"
      },
      {
        "pattern": "youtube.com/v/([0-9A-Za-z_-]{11})",
        "url": "http://www.youtube.com/watch?v=\\1"
      }
    ]
  }

}