<?xml version="1.0" encoding="UTF-8" standalone="yes"?>
<addon id="game.controller.intellivision"
        name="Intellivision Controller"
        version="1.0.7"
        provider-name="Team Kodi">
    <extension point="kodi.game.controller" library="resources/layout.xml"/>
    <extension point="xbmc.addon.metadata">
        <summary lang="en_GB">Intellivision controller</summary>
        <description lang="en_GB">The Intellivision, a portmanteau of "intelligent television", was released by Mattel Electronics in 1979. In 2009, IGN named the Intellivision the 14th greatest console of all time.</description>
        <disclaimer lang="en_GB">Image credit: OpenEmu (openemu.org)</disclaimer>
		<summary lang = "es_ES"> Controlador de Intellivision </summary>
        <description lang = "es_ES"> Mattel Electronics lanzó 1979 Intellivision, un acrónimo de "televisión inteligente". En 2009, IGN nombró a Intellivision la decimocuarta mejor consola de todos los tiempos. </description>
        <disclaimer lang = "es_ES"> Crédito de imagen: OpenEmu (openemu.org) </disclaimer>
        <platform>all</platform>
        <assets>
            <icon>resources/icon.png</icon>
        </assets>
    </extension>
</addon>
