<?xml version="1.0" encoding="UTF-8" standalone="yes"?>
<addon id="game.controller.konami.justifier.snes"
        name="Konami Justifier (SNES)"
        version="1.0.9"
        provider-name="Team Kodi">
    <extension point="kodi.game.controller" library="resources/layout.xml"/>
    <extension point="xbmc.addon.metadata">
        <summary lang="en_GB">Konami Justifier (SNES)</summary>
        <description lang="en_GB">The Justifer is a light gun released by Konami in 1992 for the Sega Mega Drive/Genesis, SNES and PlayStation. It resembles the Colt Python, a .357 Magnum revolver.</description>
        <summary lang = "es_ES"> Justificador de Konami (SNES) </summary>
        <description lang = "es_ES"> El Justifer es una pistola ligera lanzada por Konami en 1992 para Sega Mega Drive / Genesis, SNES y PlayStation. Se parece al Colt Python, un revólver Magnum .357. </description>
		<platform>all</platform>
        <assets>
            <icon>resources/icon.png</icon>
        </assets>
    </extension>
</addon>
