<?xml version="1.0" encoding="UTF-8" standalone="yes"?>
<addon id="script.module.unidecode" name="unidecode" version="1.1.1" provider-name="Tomaz Solc (Tomaz.solc@tablix.org)">
	<requires>
		<import addon="xbmc.python" version="2.14.0"/>
	</requires>
	<extension point="xbmc.python.module" library="lib" />
	<extension point="xbmc.addon.metadata">
		<platform>all</platform>
		<summary lang="en">ASCII transliterations of Unicode text by Sean M. Burke and Tomaz Solc</summary>
		<description lang="en">ASCII transliterations of Unicode text by Sean M. Burke and Tomaz Solc</description>
		<disclaimer lang="en">Code taken from https://pypi.org/project/Unidecode</disclaimer>
		<summary lang="es">Transliteraciones ASCII de texto Unicode por Sean M. Burke y Tomaz Solc</summary>
		<description lang="es">Transliteraciones ASCII de texto Unicode por Sean M. Burke y Tomaz Solc</description>
		<disclaimer lang="es">Código tomado de https://pypi.python.org/pypi/Unidecode</disclaimer>
		<license>GPL-2.0-or-later</license>
		<website>https://pypi.org/project/Unidecode</website>
		<source>https://pypi.org/project/Unidecode</source>
	</extension>
</addon>
