<?xml version="1.0" encoding="UTF-8" standalone="yes"?>
<addon id="game.controller.genesis"
        name="Genesis Controller"
        version="1.0.6"
        provider-name="Team Kodi">
    <requires>
    </requires>
    <extension point="kodi.game.controller" library="resources/layout.xml"/>
    <extension point="xbmc.addon.metadata">
        <summary lang="en_GB">Sega Genesis controller</summary>
        <description lang="en_GB">The original Sega Genesis controller had three main face buttons. Sega released a six-button version in 1993.</description>
        <summary lang = "es_ES"> Controlador Sega Genesis </summary>
        <description lang = "es_ES"> El controlador original Sega Genesis tenía tres botones principales. Sega lanzó una versión de seis botones en 1993. </description>
		<platform>all</platform>
        <assets>
            <icon>resources/icon.png</icon>
        </assets>
    </extension>
</addon>
