{
    "LabelLocalIpAddress": "Lokale IP-Adresse:",
    "LabelPrevious": "Vorheriges",
    "LabelFinish": "Fertig",
    "LabelNext": "N\u00e4chstes",
    "LabelYoureDone": "Du bist fertig!",
    "ThisWizardWillGuideYou": "Dieser Assistent wird Sie durch den Einrichtungsprozess f\u00fchren. Um zu beginnen, w\u00e4hlen Sie bitte ihre bevorzugte Sprache.",
    "HeaderCreateYourFirstUser": "Erstelle den ersten Benutzer",
    "ButtonQuickStartGuide": "Schnellstart Anleitung",
    "MoreUsersCanBeAddedLater": "Weitere Benutzer k\u00f6nnen sp\u00e4ter \u00fcber die Optionsleiste hinzugef\u00fcgt werden.",
    "UserProfilesIntro": "Emby bietet von Haus aus Unterst\u00fctzung von Benutzerprofilen, die ihre eigenen Ansichten, Altersfreigaben und Spielst\u00e4nde von Medien kontrollieren k\u00f6nnen.",
    "WizardCompleted": "Das ist alles was wir bis jetzt brauchen. Emby hat nun angefangen Informationen \u00fcber Ihre Medienbibliothek zu sammeln. Schauen dir doch ein paar unserer Apps an und klicke dann auf <b>Fertig<\/b> um das <b>Server Dashboard<\/b> anzuzeigen.",
    "HeaderTermsOfService": "Emby-Nutzungsbedingungen",
    "MessagePleaseAcceptTermsOfService": "Bitte akzeptiere vor dem Fortfahren die Nutzungsbedingungen & Datenschutzbestimmungen.",
    "OptionIAcceptTermsOfService": "Ich akzeptiere die Nutzungsbedingungen",
    "HeaderGuideDataSetup": "TV-Guide-Einrichtung",
    "LabelGuideSource": "TV-Guide-Quelle:",
    "SeeOurHwaGuide": "Schau in unseren {0}Einrichtungshinweisen zur Hardwarebeschleunigung{1} nach.",
    "HeaderEmbyServerReleaseNotes": "Emby Server Versionshinweise",
    "AllowSubtitleDownloading": "Erlaube Download von Untertiteln",
    "AllowSubtitleManagement": "Erlaube L\u00f6schen vorhandener Untertitel",
    "NewUserNameHelp": "So wird der Benutzer auf deinem Server erscheinen.",
    "ChapterMarkers": "Kapitelmarker",
    "LabelThumbnailImagesInterval": "Vorschaubilder-Intervall:",
    "ThumbnailImagesIntervalHelp": "Viele Vorschaubilder verbessern das Erlebnis, ben\u00f6tigen aber mehr Speicherplatz und Zeit f\u00fcr die Erzeugung.",
    "LabelAuthProvider": "Authentifizierungsprovider:",
    "AuthProviderHelp": "Administratoren verwenden immer den Standard-Provider, um sicherzustellen, dass sie sich niemals aussperren.",
    "HeaderNewUser": "Neuer Benutzer",
    "HeaderNewApiKey": "Neuer API-Schl\u00fcssel",
    "EditServerDisplayName": "\u00c4ndere angezeigten Server-Namen",
    "LabelPinCode": "PIN-Code:",
    "ShowAdvancedSettings": "Zeige erweiterte Einstellungen",
    "ChangingMetadataImageSettingsNewContent": "Ver\u00e4nderungen an den Einstellungen der Metadaten oder des Bildmaterials werden nur bei neuen Inhalten in der Bibliothek \u00fcbernommen. Um die Ver\u00e4nderungen bei vorhandenen Inhalten zu \u00fcbernehmen, musst du die Metadaten manuell aktualisieren.",
    "AllowRemoteAccess": "Erlaube Remote-Verbindungen zu diesem Emby Server.",
    "AllowRemoteAccessHelp": "Wenn nicht aktiviert, werden alle Remote-Verbindungen blockiert.",
    "Alerts": "Warnhinweise",
    "LabelTrackTitleDisplay": "Anzeige eingebetteter Spurtitel:",
    "GenerateUserFriendlyTrackTitles": "Generiere benutzerfreundliche Titel mit Hilfe der Spurinformationen",
    "PreferOriginalTrackTitles": "Bevorzuge eingebettete Spurtitel",
    "TrackTitleDisplayHelp": "W\u00e4hle den Anzeigetitel der eingebetteten Ton- und Untertitelspuren. Solltest du die eingebetteten Spurinformationen nicht manuell verwalten, wird das Bevorzugen der eingebetteten Informationen nicht empfohlen.",
    "EnableTranscodingThrottle": "Aktiviere Drosselung",
    "EnableTranscodingThrottleHelp": "Emby wird die Transkodier-Geschwindigkeit dynamisch anpassen, um die Prozessor-Auslastung zu reduzieren.",
    "LabelTypeMetadataDownloaders": "{0} Metadaten-Dienste:",
    "HeaderTypeImageFetchers": "{0}-Bildbeschaffer",
    "HeaderImageOptions": "Bild-Einstellungen",
    "OptionBeta": "Beta",
    "HeaderTaskTriggers": "Aufgabenausl\u00f6ser",
    "HeaderPaths": "Pfade",
    "CategorySync": "Sync",
    "RegisterWithPayPal": "Registrieren mit PayPal",
    "LabelSyncTempPath": "Verzeichnis f\u00fcr tempor\u00e4re Dateien",
    "LabelSyncTempPathHelp": "Lege ein Arbeitsverzeichnis fest. Konvertierte Medien werden w\u00e4hrend des Konvertierungsprozesses dort gespeichert.",
    "LabelCustomCertificatePath": "Eigener SSL-Zertifikatsordner:",
    "LabelCustomCertificatePathHelp": "Pfad zu einer PKCS #12 -Datei, die ein Zertifikat und einen privaten Schl\u00fcssel enth\u00e4lt, mit der sich TLS-Unterst\u00fctzung f\u00fcr eine eigene Domain aktivieren l\u00e4sst.",
    "HeaderSetupLibrary": "Medienbibliotheken einrichten",
    "LabelTimeLimitHours": "Zeitlimit (Stunden):",
    "HeaderPreferredMetadataLanguage": "Bevorzugte Sprache der Metadaten:",
    "LabelSaveLocalMetadata": "Speichere Bildmaterial in den Medienverzeichnissen",
    "LabelSaveLocalMetadataHelp": "Werden Medienverzeichnisse als Speicherort f\u00fcr Bildmaterial genutzt, vereinfacht sich dessen Ablage und Bearbeitung.",
    "TabPassword": "Passwort",
    "TabLibraryAccess": "Bibliothekenzugriff",
    "TabAccess": "Zugang",
    "TabImage": "Bild",
    "TabProfile": "Profil",
    "TabMetadata": "Metadaten",
    "TabImages": "Bilder",
    "HeaderDeviceAccess": "Ger\u00e4tezugang",
    "OptionEnableAccessFromAllDevices": "Erlaube Zugriff von allen Ger\u00e4ten",
    "OptionEnableAccessToAllChannels": "Erlaube Zugriff auf alle Kan\u00e4le",
    "OptionEnableAccessToAllLibraries": "Erlaube Zugriff auf alle Bibliotheken",
    "DeviceAccessHelp": "Gefilterter Zugriff auf Ger\u00e4te verhindert die Nutzung neuer Ger\u00e4te solange, bis der Zugriff f\u00fcr diese freigegeben wird.",
    "LabelDisplayMissingEpisodesWithinSeasons": "Zeige fehlende Episoden innerhalb von Staffeln",
    "LabelDisplayMissingEpisodesWithinSeasonsHelp": "Dies muss auch f\u00fcr Serienbibliotheken in den Emby-Server-Einstellungen aktiviert werden.",
    "LabelUnairedMissingEpisodesWithinSeasons": "Zeige noch nicht ausgestrahlte Episoden innerhalb von Staffeln",
    "ImportMissingEpisodesHelp": "Wenn aktiviert, werden Informationen \u00fcber fehlende Episoden in deine Emby-Datenbank importiert und innerhalb der Staffeln und Serien angezeigt. Dies kann zu deutlich l\u00e4ngeren Bibliothek-Scans f\u00fchren.",
    "MessageEnablingOptionLongerScans": "Die Aktivierung dieser Option kann erheblich l\u00e4ngere Bibliotheks-Scans verursachen.",
    "TabSecurity": "Sicherheit",
    "ButtonSave": "Speichern",
    "LabelUrl": "URL:",
    "HeaderCreatePassword": "Erstelle Passwort",
    "LabelMaxParentalRating": "H\u00f6chste erlaubte elterliche Bewertung:",
    "MaxParentalRatingHelp": "Inhalt mit einer h\u00f6heren Bewertung wird dem Benutzer nicht angezeigt.",
    "LibraryAccessHelp": "W\u00e4hle die Medienverzeichnisse, die du mit diesem Benutzer teilen m\u00f6chtest. Administratoren sind in der Lage, alle Ordner mit dem Metadaten-Manager zu bearbeiten.",
    "ChannelAccessHelp": "W\u00e4hle die Kan\u00e4le, die mit diesem Benutzer geteilt werden sollen. Administratoren sind in der Lage alle K\u00e4nale \u00fcber den Metadaten-Manager zu bearbeiten.",
    "ButtonDeleteImage": "L\u00f6sche Bild",
    "LabelSelectUsers": "W\u00e4hle Benutzer:",
    "HeaderUploadNewImage": "Neues Bild hochladen",
    "ImageUploadAspectRatioHelp": "1:1-Seitenverh\u00e4ltnis empfohlen. Nur JPG\/PNG.",
    "MessagePleaseEnsureInternetMetadata": "Bitte sicherstellen, dass das Herunterladen von Internet-Metadaten aktiviert ist.",
    "AlreadyPaidHelp1": "Wenn du bereits f\u00fcr die Installation einer \u00e4lteren Version von Media Browser f\u00fcr Android gezahlt hast, ist es nicht n\u00f6tig f\u00fcr eine Freischaltung erneut zu zahlen. Bet\u00e4tige 'OK', um uns eine E-Mail an {0} zu senden. Wir schalten die App dann f\u00fcr dich frei.",
    "AlreadyPaidHelp2": "Emby Premiere erworben? Dann beende diesen Dialog und richte Emby Premiere im Emby-Server-Dashboard unter 'Hilfe -> Emby Premiere' ein. Die Freischaltung erfolgt anschlie\u00dfend automatisch.",
    "TabSuggestions": "Empfehlungen",
    "TabLatest": "Neueste",
    "TabUpcoming": "Bevorstehend",
    "TabShows": "Serien",
    "TabEpisodes": "Episoden",
    "TabGenres": "Genres",
    "TabNetworks": "Sendergruppen",
    "HeaderUsers": "Benutzer",
    "TabMyPlugins": "Meine Plugins",
    "TabCatalog": "Katalog",
    "TitlePlugins": "Plugins",
    "HeaderAutomaticUpdates": "Automatische Updates",
    "HeaderLatestAlbums": "Neueste Alben",
    "HeaderLatestSongs": "Neueste Songs",
    "LabelVideoType": "Video-Typ:",
    "OptionBluray": "Bluray",
    "OptionDvd": "DVD",
    "OptionIso": "ISO",
    "Option3D": "3D",
    "Standard": "Standard",
    "LabelLastResult": "Letztes Ergebnis:",
    "OptionHasSpecialFeatures": "Besonderes Merkmal",
    "OptionImdbRating": "IMDb Bewertung",
    "OptionParentalRating": "Altersfreigabe",
    "OptionPremiereDate": "Premiere",
    "TabBasic": "Einfach",
    "TabAdvanced": "Erweitert",
    "TabGeneral": "Allgemein",
    "TitleSupport": "Support",
    "TabAbout": "\u00dcber",
    "TabSupporterKey": "Emby Premiere Schl\u00fcssel",
    "TabBecomeSupporter": "Hole dir Emby Premiere",
    "TabEmbyPremiere": "Emby Premiere",
    "OptionHideUserLocal": "Verberge diesen Benutzer auf Anmeldebildschirmen im lokalen Netzwerk",
    "OptionHideUserRemote": "Verberge diesen Benutzer auf Anmeldebildschirmen bei Remoteverbindungen",
    "OptionHideUserFromLoginHelp": "Hilfreich f\u00fcr private oder versteckte Administrator-Konten. Der Benutzer muss sich manuell mit der Eingabe des Benutzernamens und Passworts anmelden.",
    "OptionDisableUser": "Sperre diesen Benutzer",
    "OptionDisableUserHelp": "Wenn deaktiviert wird der Server keine Verbindung von diesem Benutzer erlauben. Bestehende Verbindungen werden sofort beendet.",
    "ButtonHelp": "Hilfe",
    "OptionAllowUserToManageServer": "Erlaube diesem Benutzer, den Server zu verwalten",
    "HeaderFeatureAccess": "Funktionszugriff",
    "OptionAllowMediaPlayback": "Erlaube Medienwiedergabe",
    "OptionAllowBrowsingLiveTv": "Erlaube Live-TV-Zugriff",
    "AllLibraries": "Alle Bibliotheken",
    "HeaderAllowMediaDeletionFrom": "Erlaube Medienl\u00f6schung von",
    "AllowDeletionFromAll": "Erlaube Medienl\u00f6schung in allen Bibliotheken",
    "OptionAllowManageLiveTv": "Erlaube Live-TV-Aufnahmeplanung",
    "OptionAllowRemoteControlOthers": "Erlaube Fernsteuerung anderer Benutzer",
    "OptionAllowRemoteSharedDevices": "Erlaube Fernsteuerung geteilter Ger\u00e4te",
    "OptionAllowRemoteSharedDevicesHelp": "DLNA-Ger\u00e4te werden gemeinsam genutzt, bis ein Benutzer die Steuerung \u00fcbernimmt.",
    "OptionAllowLinkSharing": "Erlaube das Teilen in sozialen Netzwerken",
    "OptionAllowLinkSharingHelp": "Es werden nur Webseiten mit Medieninformationen geteilt. Medien hingegen werden niemals \u00f6ffentlich geteilt. Die geteilten Inhalte sind nur zeitlich begrenzt zug\u00e4nglich und werden nach {0} Tagen ung\u00fcltig.",
    "OptionMissingTmdbId": "Fehlende Tmdb ID",
    "OptionIsHD": "HD",
    "OptionIsSD": "SD",
    "ButtonSelect": "Ausw\u00e4hlen",
    "HeaderCredits": "Herausgeber",
    "PleaseSupportOtherProduces": "Bitte unterst\u00fctze andere freie Produkte, die wir benutzen:",
    "VersionNumber": "Version {0}",
    "TabPaths": "Pfade",
    "TabServer": "Server",
    "OptionRelease": "Offizielles Release",
    "LabelAllowServerAutoRestart": "Erlaube dem Server sich automatisch neuzustarten, um Updates durchzuf\u00fchren.",
    "LabelAllowServerAutoRestartHelp": "Der Server startet nur in benutzerfreien Leerlaufzeiten neu.",
    "LabelRunServerAtStartup": "Starte Server beim Hochfahren.",
    "LabelRunServerAtStartupHelp": "Dies wird das Emby Tray Icon w\u00e4hrend der Windows-Anmeldung starten und  in der Taskleiste anzeigen. Wenn du einen Windows-Dienst eingerichtet hast, dann lasse diese Einstellung deaktiviert und konfiguriere den Dienst so, dass er sich beim Systemstart aktiviert.",
    "ButtonSelectDirectory": "W\u00e4hle Verzeichnis",
    "LabelCachePath": "Cache-Pfad:",
    "DefaultMetadataLangaugeDescription": "Das sind deine Default-Werte, die sich bibliotheksspezifisch ver\u00e4ndern lassen.",
    "LabelCachePathHelp": "Lege ein eigenes Verzeichnis f\u00fcr den Server-Cache fest, bspw. um dort Bilder zwischenzuspeichern. Lasse dieses Feld leer, um die Standardeinstellung zu verwenden.",
    "LabelRecordingPath": "Standard-Aufnahmepfad:",
    "LabelMovieRecordingPath": "Film-Aufnahmepfad (optional):",
    "LabelSeriesRecordingPath": "Serien-Aufnahmepfad (optional):",
    "LabelRecordingPathHelp": "Lege das Verzeichnis f\u00fcr Aufnahmen fest. L\u00e4sst Du es leer, wird das Data-Verzeichnis des Servers verwendet.",
    "LabelMetadataPath": "Metadaten-Pfad:",
    "LabelMetadataPathHelp": "W\u00e4hle ein eigenes Verzeichnis, f\u00fcr heruntergeladenes Bildmaterial und Metadaten.",
    "LabelTranscodingTempPath": "Tempor\u00e4rer Transkodierungspfad:",
    "LabelTranscodingTempPathHelp": "Dieses Verzeichnis enth\u00e4lt vom Transcoder genutzte Arbeitsdateien. W\u00e4hle einen eigenen Pfad oder lasse das Feld frei, um den Standardspeicherort im Server-Datenverzeichnis zu verwenden.",
    "TabBasics": "Grundlagen",
    "TabTV": "TV",
    "TabGames": "Spiele",
    "TabMusic": "Musik",
    "TabOthers": "Andere",
    "OptionMovies": "Filme",
    "OptionEpisodes": "Episoden",
    "OptionOtherVideos": "Andere Filme",
    "ExtractThumbnailImagesHelp": "Das Erzeugen von Vorschaubildern erlaubt es den Apps von Emby grafische Szenenauswahlmen\u00fcs darzustellen. Dieser Vorgang kann langsam, prozessorlastig und speicherintensiv sein, mit einem Verbrauch von bis zu mehreren GB Speicherplatz. Er beginnt, sobald Videos erkannt werden, sowie bei Start einer n\u00e4chtlich laufenden Aufgabe. Diese l\u00e4sst sich im Bereich \"Geplante Aufgaben\" konfigurieren. Es wird nicht empfohlen, sie w\u00e4hrend der Hauptnutzungszeit einzuplanen.",
    "TabGuide": "Programm",
    "TabChannels": "Kan\u00e4le",
    "TabCollections": "Sammlungen",
    "HeaderChannels": "Kan\u00e4le",
    "TabRecordings": "Aufnahmen",
    "TabSeries": "Serien",
    "TabFavorites": "Favoriten",
    "TabMyLibrary": "Meine Bibliothek",
    "TabSettings": "Einstellungen",
    "ButtonRefreshGuideData": "Aktualisiere TV-Programmdaten",
    "ButtonRefresh": "Aktualisieren",
    "OptionPriority": "Priorit\u00e4t",
    "OptionRecordOnAllChannels": "Auf allen Kan\u00e4len aufzeichnen",
    "OptionRecordAnytime": "Zu jeder Zeit aufzeichnen",
    "OptionRecordOnlyNewEpisodes": "Nehme nur neue Episoden auf",
    "HeaderDays": "Tage",
    "ButtonEdit": "Bearbeiten",
    "ButtonRecord": "Aufnehmen",
    "ButtonDelete": "L\u00f6schen",
    "ButtonRemove": "Entfernen",
    "OptionRecordSeries": "Nehme Serie auf",
    "HeaderDetails": "Details",
    "TitleLiveTV": "Live-TV",
    "LabelNumberOfGuideDays": "Anzahl von Tagen, f\u00fcr die Programmdaten zu laden sind:",
    "LabelNumberOfGuideDaysHelp": "Das Laden von zus\u00e4tzlichen Programmdaten bietet einen besseren \u00dcberblick und die M\u00f6glichkeit weiter in die Zukunft zu planen, dauert aber l\u00e4nger. 'Auto' w\u00e4hlt einen Wert auf Grundlage der Kanalanzahl. Bitte beachten: Unabh\u00e4ngig von der gew\u00e4hlten Tageszahl m\u00fcssen die Angaben auch in den Programmdaten der Anbieter vorhanden sein, um sich laden zu lassen. Einige Anbieter bieten lediglich Daten f\u00fcr die n\u00e4chsten 24 Stunden. Emby unterst\u00fctzt bis zu 14 Tagen an Programmdaten.",
    "OptionAutomatic": "Auto",
    "HeaderServices": "Dienste",
    "LabelCustomizeOptionsPerMediaType": "Anpassungen f\u00fcr Medientyp:",
    "OptionDownloadThumbImage": "Thumb",
    "OptionDownloadMenuImage": "Men\u00fc",
    "OptionDownloadLogoImage": "Logo",
    "OptionDownloadBoxImage": "Box",
    "OptionDownloadDiscImage": "Disk",
    "OptionDownloadBannerImage": "Banner",
    "OptionDownloadBackImage": "Zur\u00fcck",
    "OptionDownloadArtImage": "Kunst",
    "OptionDownloadPrimaryImage": "Prim\u00e4r",
    "HeaderFetchImages": "Bilder abrufen:",
    "TabOther": "Andere",
    "LabelMaxBackdropsPerItem": "Maximale Anzahl von Hintergr\u00fcnden pro Element:",
    "LabelMaxScreenshotsPerItem": "Maximale Anzahl von Screenshots pro Element:",
    "LabelMinBackdropDownloadWidth": "Minimale Breite f\u00fcr herunterzuladende Hintergr\u00fcnde:",
    "LabelMinScreenshotDownloadWidth": "Minimale Breite f\u00fcr herunterzuladende Screenshots:",
    "ButtonAddScheduledTaskTrigger": "Ausl\u00f6ser hinzuf\u00fcgen",
    "HeaderAddScheduledTaskTrigger": "Ausl\u00f6ser hinzuf\u00fcgen",
    "ButtonAdd": "Hinzuf\u00fcgen",
    "LabelTriggerType": "Ausl\u00f6ser Typ:",
    "OptionDaily": "T\u00e4glich",
    "OptionWeekly": "W\u00f6chentlich",
    "OptionOnInterval": "Nach einem Intervall",
    "OptionOnAppStartup": "Bei Anwendungsstart",
    "OptionAfterSystemEvent": "Nach einem Systemereignis",
    "LabelDay": "Tag:",
    "LabelTime": "Zeit:",
    "LabelEvent": "Ereignis:",
    "OptionWakeFromSleep": "Aufwachen aus Standbymodus",
    "LabelEveryXMinutes": "Alle:",
    "HeaderTvTuners": "Tuner",
    "TabFolders": "Verzeichnisse",
    "LabelSpecialSeasonsDisplayName": "Anzeigename f\u00fcr Serienspecials:",
    "LabelEnableRealtimeMonitor": "Erlaube Echtzeit\u00fcberwachung:",
    "LabelEnableRealtimeMonitorHelp": "\u00c4nderungen an Dateien werden auf unterst\u00fctzten Dateisystemen sofort \u00fcbernommen.",
    "HeaderMediaFolders": "Medienverzeichnisse",
    "HeaderThemeVideos": "Titelvideos",
    "HeaderThemeSongs": "Titelsongs",
    "HeaderSpecialFeatures": "Special Features",
    "HeaderAdditionalParts": "Zus\u00e4tzliche Teile",
    "ButtonSplitVersionsApart": "Spalte Versionen ab",
    "ButtonPlayTrailer": "Trailer",
    "LabelMissing": "Fehlend",
    "OptionSpecialEpisode": "Specials",
    "OptionMissingEpisode": "Fehlende Episoden",
    "OptionUnairedEpisode": "Nicht ausgestrahlte Episoden",
    "OptionEpisodeSortName": "Episodensortiername",
    "OptionTvdbRating": "Tvdb Bewertung",
    "HeaderAddTitles": "Titel hinzuf\u00fcgen",
    "TabHome": "Startseite",
    "HeaderLinks": "Links",
    "LinkCommunity": "Community",
    "LinkGithub": "Github",
    "LinkApi": "API",
    "LabelFriendlyServerName": "Freundlicher Servername:",
    "LabelFriendlyServerNameHelp": "Dieser Name dient dazu, diesen Server zu identifizieren. Falls leergelassen, wird der Computername benutzt.",
    "LabelPreferredDisplayLanguage": "Bevorzugte Anzeigesprache:",
    "LabelPreferredDisplayLanguageHelp": "Die \u00dcbersetzung von Emby ist ein laufendes Projekt.",
    "LabelReadHowYouCanContribute": "Erfahre, wie du beitragen kannst.",
    "ButtonSubmit": "Best\u00e4tigen",
    "ButtonCreate": "Kreieren",
    "LabelCustomCss": "Eigenes CSS:",
    "LabelCustomCssHelp": "Wende deine eigene, benutzerdefinierte CSS f\u00fcr das Webinterface an.",
    "LabelLocalHttpServerPortNumber": "Lokale HTTP Portnummer:",
    "LabelLocalHttpServerPortNumberHelp": "Die TCP Portnummer, auf die der Emby-HTTP-Server h\u00f6rt.",
    "LabelPublicHttpPort": "\u00d6ffentliche HTTP Portnummer:",
    "LabelPublicHttpPortHelp": "Die \u00f6ffentliche Portnummer sollte einem lokalen HTTP Port zugewiesen werden.",
    "LabelPublicHttpsPort": "\u00d6ffentliche HTTPS Portnummer:",
    "LabelPublicHttpsPortHelp": "Die \u00f6ffentliche Portnummer sollte einem lokalen HTTPS Port zugewiesen werden.",
    "RequireHttps": "Erzwinge HTTPS f\u00fcr externe Verbindungen",
    "RequireHttpsHelp": "Wenn aktiviert, werden HTTP-Verbindungen zu HTTPS weitergeleitet.",
    "LabelHttpsPort": "Lokale HTTPS Portnummer:",
    "LabelHttpsPortHelp": "Die TCP Portnummer an die Embys HTTPS Verbindungen gebunden werden sollen.",
    "LabelEnableAutomaticPortMap": "Aktiviere das automatische Portmapping",
    "LabelEnableAutomaticPortMapHelp": "Versuche automatisch den \u00f6ffentlichen Port dem lokalen Port mit Hilfe von UPnP zuzuordnen. Dies funktioniert mit einigen Router Modellen m\u00f6glicherweise nicht.",
    "LabelExternalDDNS": "Externe Domain:",
    "LabelExternalDDNSHelp": "Wenn eine dynamische DNS oder einen Domainnamen nutzt, so sind sie hier ohne Protokoll oder Port einzugeben. Embys Apps werden diese Angaben f\u00fcr entfernte Verbindungen verwenden. Das Feld ist auszuf\u00fcllen, wenn ein eigenes SSL-Zertifikat genutzt wird. Beispiel: meinedomain.de.",
    "LabelMinResumePercentage": "Minimaler Prozentwert f\u00fcr Wiederaufnahme:",
    "LabelMaxResumePercentage": "Maximaler Prozentwert f\u00fcr Wiederaufnahme:",
    "LabelMinResumeDuration": "Minimale Dauer f\u00fcr Wiederaufnahme (Sekunden):",
    "LabelMinResumePercentageHelp": "Titel werden als nicht abgespielt angenommen, wenn sie vor dieser Zeit gestoppt werden",
    "LabelMaxResumePercentageHelp": "Titel werden als komplett abgespielt angenommen, wenn sie nach dieser Zeit gestoppt werden",
    "LabelMinResumeDurationHelp": "Titel, die k\u00fcrzer als dieser Wert sind, werden nicht fortsetzbar sein",
    "HeaderName": "Name",
    "HeaderDate": "Datum",
    "HeaderSource": "Quelle",
    "HeaderStatus": "Status",
    "HeaderDestination": "Ziel",
    "Subscriptions": "Abonnement",
    "HeaderProgram": "Programm",
    "HeaderClients": "Clients",
    "LabelCompleted": "Fertiggestellt",
    "LabelFailed": "Gescheitert",
    "LabelSkipped": "\u00dcbersprungen",
    "LabelSeries": "Serien:",
    "LabelEndingEpisodeNumber": "Nummer der letzten Episode:",
    "LabelEndingEpisodeNumberHelp": "Nur erforderlich f\u00fcr Mehrfachepisoden",
    "HeaderSupportTheTeam": "Unterst\u00fctze das Emby Team",
    "HeaderSupportTheTeamHelp": "Helfe durch den Kauf von Emby Premiere, die fortlaufende Entwicklung dieses Projekts sicherzustellen. Ein Teil der Einnahmen geht an andere kostenfreie Programme, auf die wir angewiesen sind.",
    "DonationNextStep": "Nach Fertigstellung bitte hierher zur\u00fcckkehren und den Emby Premiere Schl\u00fcssel eintragen, den du per E-Mail erhalten wirst.",
    "LabelSeasonFolderPattern": "Vorlage f\u00fcr Staffelordner:",
    "LabelSeasonZeroFolderName": "Verzeichnisname f\u00fcr Staffel 0:",
    "HeaderResult": "Ergebnis",
    "LabelTransferMethod": "\u00dcbertragungsmethode",
    "HeaderLatestNews": "Neueste Nachrichten",
    "HeaderRunningTasks": "Laufende Aufgaben",
    "HeaderActiveDevices": "Aktive Ger\u00e4te",
    "HeaderPendingInstallations": "Ausstehende Installationen",
    "ButtonRestartNow": "Jetzt neustarten",
    "ButtonShutdown": "Emby Server herunterfahren",
    "ButtonUpdateNow": "Jetzt aktualisieren",
    "TabHosting": "Hosting",
    "PleaseUpdateManually": "Bitte Emby Server herunterfahren und die neueste Version installieren.",
    "NewServerVersionAvailable": "Eine neue Version des Emby Servers ist verf\u00fcgbar!",
    "ServerUpToDate": "Emby Server ist auf dem aktuellen Stand.",
    "LabelComponentsUpdated": "Die folgenden Komponenten wurden installiert oder aktualisiert:",
    "MessagePleaseRestartServerToFinishUpdating": "Bitte den Server neustarten, um die Aktualisierungen abzuschlie\u00dfen.",
    "LabelDownMixAudioScale": "Audio-Verst\u00e4rkung bei Heruntermischen:",
    "LabelDownMixAudioScaleHelp": "Erh\u00f6he die Audio-Lautst\u00e4rke beim Heruntermischen. Setzte auf '1' um den originalen Lautst\u00e4rkewert zu behalten.",
    "LabelCurrentEmailAddress": "Aktuelle E-Mail-Adresse",
    "LabelCurrentEmailAddressHelp": "Die aktuelle E-Mail-Adresse, an die dein neuer Schl\u00fcssel gesendet wurde.",
    "HeaderForgotKey": "Schl\u00fcssel vergessen",
    "LabelSupporterEmailAddress": "Die E-Mail-Adresse, die zum Kauf des Schl\u00fcssels benutzt wurde.",
    "ButtonRetrieveKey": "Schl\u00fcssel wiederherstellen",
    "LabelSupporterKey": "Emby-Premiere-Schl\u00fcssel (aus E-Mail kopieren):",
    "LabelSupporterKeyHelp": "Geben deinen Emby-Premiere-Schl\u00fcssel ein und genie\u00dfe zus\u00e4tzliche Vorteile.",
    "MessageInvalidKey": "Emby-Premiere-Schl\u00fcssel fehlt oder ist ung\u00fcltig.",
    "ErrorMessageInvalidKey": "Um einen Premium-Inhalt freizuschalten, wird ein aktives Emby-Premiere-Abo ben\u00f6tigt.",
    "HeaderRequireManualLogin": "Manuelle Eingabe des Benutzernamens bei:",
    "HeaderRequireManualLoginHelp": "Wenn deaktiviert, k\u00f6nnen Emby-Apps einen Anmeldebildschirm mit einer visuellen Auswahl der User anzeigen.",
    "OptionOtherApps": "Andere Apps",
    "OptionMobileApps": "Mobile Apps",
    "LabelNotificationEnabled": "Aktiviere diese Benachrichtigung",
    "LabelMonitorUsers": "\u00dcberwache Aktivit\u00e4t von:",
    "LabelSendNotificationToUsers": "Sende die Benachrichtigung an:",
    "LabelUseNotificationServices": "Nutze folgende Dienste:",
    "CategoryUser": "Benutzer",
    "CategorySystem": "System",
    "CategoryApplication": "Anwendung",
    "CategoryPlugin": "Plugin",
    "LabelAvailableTokens": "Verf\u00fcgbare Tokens:",
    "AdditionalNotificationServices": "Durchsuche den Emby {0}Plugin Katalog{1}, um weitere Benachrichtigungsdienste zu installieren.",
    "OptionAllUsers": "Alle Benutzer",
    "OptionAdminUsers": "Administratoren",
    "OptionCustomUsers": "Benutzer",
    "ButtonArrowUp": "Hoch",
    "ButtonArrowDown": "Runter",
    "ButtonArrowLeft": "Links",
    "ButtonArrowRight": "Rechts",
    "ButtonBack": "Zur\u00fcck",
    "ButtonInfo": "Info",
    "ButtonHome": "Startseite",
    "ButtonSearch": "Suche",
    "ButtonSettings": "Einstellungen",
    "Audio": "Audio",
    "PlayOnAnotherDevice": "Auf einem anderen Ger\u00e4t wiedergeben",
    "LetterButtonAbbreviation": "A",
    "TabControls": "Steuerungen",
    "ButtonSubtitles": "Untertitel",
    "ButtonPreviousTrack": "Vorheriger Titel",
    "ButtonNextTrack": "N\u00e4chster Titel",
    "ButtonStop": "Stopp",
    "ButtonPause": "Pause",
    "ButtonNext": "N\u00e4chstes",
    "ButtonPrevious": "Vorheriges",
    "LabelGroupMoviesIntoCollections": "Gruppiere Filme in Sammlungen",
    "LabelGroupMoviesIntoCollectionsHelp": "Bei der Anzeige von Filmlisten werden Filme, die zu einer Sammlung geh\u00f6ren, als gruppiertes Element angezeigt.",
    "HeaderCollections": "Sammlungen",
    "LabelMaxBitrate": "Maximale Bitrate:",
    "LabelMaxBitrateHelp": "Lege eine maximale Bitrate f\u00fcr Umgebungen mit begrenzter Bandbreite fest oder wenn das Endger\u00e4t eine Begrenzung notwendig macht.",
    "LabelMusicStaticBitrate": "Musik-Synchronisierungsbitrate:",
    "LabelMusicStaticBitrateHelp": "W\u00e4hle die maximale Bitrate f\u00fcr das Synchronisieren von Musik",
    "LabelDeviceDescription": "Ger\u00e4tebeschreibung",
    "HeaderDownloadSubtitlesFor": "Lade Untertitel herunter f\u00fcr:",
    "LabelSkipIfGraphicalSubsPresent": "\u00dcberspringen, falls das Video bereits eingebettete Untertitel enth\u00e4lt",
    "LabelSkipIfGraphicalSubsPresentHelp": "Das Vorhalten von textbasierten Untertiteln f\u00fchrt zu einer effizienteren Anzeige und verringert die Wahrscheinlichkeit einer Videotranskodierung.",
    "TabSubtitles": "Untertitel",
    "LabelDownloadLanguages": "Herunterzuladende Sprachen:",
    "LabelSkipIfAudioTrackPresent": "\u00dcberspringen, falls die Standard-Tonspur bereits der herunterzuladenden Sprache entspricht",
    "LabelSkipIfAudioTrackPresentHelp": "Deaktivieren, um sicherzustellen, dass alle Videos Untertitel haben, unabh\u00e4ngig von der Audiosprache.",
    "SendMessage": "Sende Nachricht",
    "HeaderSendMessage": "Sende Nachricht",
    "ButtonSend": "Senden",
    "ViewPlaybackInfo": "Abspielinfo ansehen",
    "LabelMessageText": "Inhalt der Nachricht",
    "LabelMessageTitle": "Benachrichtigungstitel:",
    "MessageNoAvailablePlugins": "Keine verf\u00fcgbaren Plugins.",
    "LabelDisplayPluginsFor": "Zeige Plugins f\u00fcr:",
    "PluginTabAppClassic": "Emby f\u00fcr Windows Media Center",
    "HeaderTypeText": "Texteingabe",
    "LabelTypeText": "Text",
    "TabDisplay": "Anzeige",
    "TabLanguages": "Sprachen",
    "TabAppSettings": "App-Einstellungen",
    "HeaderHomePage": "Startseite",
    "OptionAuto": "Auto",
    "OptionYes": "Ja",
    "OptionNo": "Nein",
    "HeaderOptions": "Optionen",
    "OptionResumablemedia": "Fortsetzen",
    "OptionLatestMedia": "Neueste Medien",
    "OptionLatestChannelMedia": "Neueste Sender-Inhalte:",
    "OptionNone": "Keines",
    "HeaderLiveTv": "Live-TV",
    "HeaderSettings": "Einstellungen",
    "OptionDefaultSort": "Voreinstellung",
    "TabNextUp": "Als N\u00e4chstes",
    "MessageNoMovieSuggestionsAvailable": "Momentan sind keine Filmvorschl\u00e4ge verf\u00fcgbar. Schaue und bewerte zuerst deine Filme. Komme danach zur\u00fcck, um deine Filmvorschl\u00e4ge anzuschauen.",
    "MessageNoCollectionsAvailable": "Sammlungen erlauben eine personalisierte Gruppierung von Filmen, Serien, Alben, B\u00fcchern und Spielen. Klicke die + Schaltfl\u00e4che, um eine Sammlung anzulegen.",
    "MessageNoPlaylistsAvailable": "Wiedergabelisten erlauben das Anlegen von Listen, deren Inhalt  fortlaufend abgespielt wird. Um einer Wiedergabeliste Elemente hinzuzuf\u00fcgen, klicke rechts oder mache einen langen Tap und w\u00e4hle dann \"Zu Wiedergabeliste hinzuf\u00fcgen\".",
    "MessageNoPlaylistItemsAvailable": "Diese Wiedergabeliste ist momentan leer.",
    "ButtonEditOtherUserPreferences": "Bearbeite dieses Benutzerprofil, das Benutzerbild und die pers\u00f6nlichen Einstellungen.",
    "LabelChannelStreamQuality": "Bevorzugte Qualit\u00e4t des Internetstreams:",
    "LabelChannelStreamQualityHelp": "In einer Umgebung mit geringem Datendurchsatz kann die Beschr\u00e4nkung der Wiedergabequalit\u00e4t dazu beitragen, ein fl\u00fcssiges Abspielen sicherzustellen.",
    "OptionBestAvailableStreamQuality": "Die besten verf\u00fcgbaren",
    "ViewTypeMovies": "Filme",
    "ViewTypeTvShows": "TV",
    "ViewTypeGames": "Spiele",
    "ViewTypeMusic": "Musik",
    "HeaderOtherDisplaySettings": "Anzeige-Einstellungen",
    "ViewTypeMusicSongs": "Songs",
    "ViewTypeMusicFavorites": "Favoriten",
    "ViewTypeMusicFavoriteAlbums": "Album-Favoriten",
    "ViewTypeMusicFavoriteArtists": "Interpreten-Favoriten",
    "ViewTypeMusicFavoriteSongs": "Song-Favoriten",
    "HeaderMyViews": "Meine Ansichten",
    "OptionDisplayAdultContent": "Zeige Inhalt f\u00fcr Erwachsene an",
    "OptionLibraryFolders": "Medienverzeichnisse",
    "TitleRemoteControl": "Fernsteuerung",
    "OptionDisplayChannelsInline": "Zeige Kan\u00e4le als Medienverzeichnisse",
    "OptionDisplayChannelsInlineHelp": "Wenn aktiviert, werden Kan\u00e4le direkt in anderen Medienbibliotheken angezeigt. Wenn deaktiviert werden diese nur in einer separaten Kanal-Verzeichnisse angezeigt.",
    "LabelDisplayCollectionsView": "Zeige eine Ansicht f\u00fcr Sammlungen, um Filmsammlungen anzuzeigen",
    "LabelDisplayCollectionsViewHelp": "Dies erstellt eine eigene Ansicht f\u00fcr Filmsammlungen. Um eine Sammlung anzulegen, mache einen Rechtsklick oder halte einen Film gedr\u00fcckt und w\u00e4hle dann 'Zu Sammlung hinzuf\u00fcgen'. ",
    "TabServices": "Dienste",
    "TabLogs": "Protokolle",
    "TabBranding": "Branding",
    "HeaderBrandingHelp": "Personalisiere das Erscheinungsbild von Emby, um es deinen eigenen Bed\u00fcrfnissen oder deiner Organisation anzupassen.",
    "LabelLoginDisclaimer": "Anmelde-Haftungsausschluss:",
    "LabelLoginDisclaimerHelp": "Dies wird am unteren Rand des Anmeldebildschirms angezeigt.",
    "OptionList": "Liste",
    "TabDashboard": "\u00dcbersicht",
    "TitleServer": "Server:",
    "LabelCache": "Cache:",
    "LabelLogs": "Protokolle:",
    "LabelMetadata": "Metadaten:",
    "LabelTranscodingTemporaryFiles": "Tempor\u00e4re Transkodierdateien:",
    "HeaderBranding": "Branding",
    "HeaderApiKeys": "API-Schl\u00fcssel",
    "HeaderApiKeysHelp": "Externe Anwendungen ben\u00f6tigen einen API-Schl\u00fcssel, um mit dem Emby Server zu kommunizieren. API-Schl\u00fcssel werden bei der Anmeldung mit einem Emby-Zugang vergeben oder durch eine manuelle Schl\u00fcsselfreigabe f\u00fcr die Anwendung.",
    "HeaderApiKey": "API-Schl\u00fcssel",
    "HeaderApp": "App",
    "HeaderDevice": "Endger\u00e4t",
    "HeaderUser": "Benutzer",
    "HeaderDateIssued": "Datum gesetzt",
    "HeaderHttpHeaders": "HTTP-Header",
    "TabView": "Ansicht",
    "TabFilter": "Filter",
    "ButtonView": "Ansicht",
    "LabelView": "Ansicht:",
    "TabUsers": "Benutzer",
    "HeaderFeatures": "Funktionen",
    "HeaderAdvanced": "Erweitert",
    "HeaderScheduledTasks": "Geplante Aufgaben",
    "HeaderResumeSettings": "Wiederaufnahme-Einstellungen",
    "TitleUsers": "Benutzer",
    "ButtonClose": "Schlie\u00dfen",
    "LabelAllLanguages": "Alle Sprachen",
    "OptionAll": "Alle",
    "LabelImage": "Bild:",
    "HeaderImages": "Bilder",
    "HeaderBackdrops": "Hintergr\u00fcnde",
    "LabelJpgPngOnly": "Nur JPG\/PNG",
    "OptionSeason0": "Staffel 0",
    "HeaderFetcherSettings": "Beschaffer-Einstellungen",
    "HeaderActivity": "Aktivit\u00e4ten",
    "PluginInstalledWithName": "{0} wurde installiert",
    "PluginUpdatedWithName": "{0} wurde aktualisiert",
    "PluginUninstalledWithName": "{0} wurde deinstalliert",
    "LabelIpAddressValue": "IP-Adresse: {0}",
    "HeaderEmbyServer": "Emby Server",
    "MessageServerConfigurationUpdated": "Server-Einstellungen wurden aktualisiert",
    "MessageNamedServerConfigurationUpdatedWithValue": "Der Server-Einstellungsbereich {0} wurde aktualisiert",
    "MessageApplicationUpdated": "Emby Server wurde aktualisiert",
    "ProviderValue": "Anbieter: {0}",
    "HeaderRecentActivity": "K\u00fcrzliche Aktivit\u00e4ten",
    "HeaderPeople": "Personen",
    "OptionComposers": "Komponisten",
    "OptionOthers": "Andere",
    "ViewTypeFolders": "Verzeichnisse",
    "OptionDisplayFolderView": "Zeige eine Verzeichnisansicht f\u00fcr Medienverzeichnisse an",
    "OptionDisplayFolderViewHelp": "Falls aktiviert, zeigen Emby-Apps neben der Medienbibliothek auch eine Verzeichniskategorie an. Dies ist n\u00fctzlich, wenn du lieber  Verzeichnisansichten mit den Ordnerinhalten verwendest.",
    "ViewTypeLiveTvRecordingGroups": "Aufnahmen",
    "ViewTypeLiveTvChannels": "Sender",
    "HeaderPassword": "Passwort",
    "HeaderViewOrder": "Reihenfolge f\u00fcr Ansichten",
    "HeaderPersonInfo": "Informationen zur Person",
    "HeaderConfirmDeletion": "Best\u00e4tige L\u00f6schung",
    "LabelAlbumArtist": "Album-Interpret:",
    "LabelAirDate": "Ausstrahlungstage:",
    "LabelAirTime:": "Ausstrahlungszeit:",
    "LabelDisplaySpecialsWithinSeasons": "Zeige Sonderinhalt innerhalb der Staffel, in der er ausgestrahlt wurde",
    "ButtonPurchase": "Kaufen",
    "HeaderPhotoInfo": "Fotoinformation",
    "HeaderInstall": "Installieren",
    "LabelSelectVersionToInstall": "W\u00e4hle die Version f\u00fcr die Installation:",
    "LinkLearnMoreAboutSubscription": "Erfahren Sie mehr \u00fcber Emby Premiere",
    "MessagePluginRequiresSubscription": "Nach einem Testzeitraum von 14 Tagen ben\u00f6tigt dieses Plugin ein Emby-Premiere-Abonnement.",
    "MessagePremiumPluginRequiresMembership": "Nach einem Testzeitraum von 14 Tagen ben\u00f6tigt dieses Plugin ein Emby-Premiere-Abonnement.",
    "HeaderDeveloperInfo": "Entwicklerinformationen",
    "HeaderRevisionHistory": "Versionsverlauf",
    "ButtonViewWebsite": "Besuche die Website",
    "OptionSaveMetadataAsHidden": "Speichere Metadaten und Bilder als versteckte Dateien",
    "LabelExtractThumbnailsDuringLibraryScan": "Erzeuge Vorschaubilder w\u00e4hrend des Bibliothek-Scans",
    "LabelExtractThumbnailsDuringLibraryScanHelp": "Falls aktiviert, werden Vorschaubilder w\u00e4hrend des Imports von Videos beim Bibliothek-Scan erzeugt. Falls deaktiviert, werden sie w\u00e4hrend der geplanten Aufgaben erzeugt, so dass der regul\u00e4re Bibliothek-Scan schneller ausgef\u00fchrt werden kann.",
    "LabelConnectGuestUserName": "Ihre Emby-Connect-E-Mail-Adresse oder Benutzername:",
    "LabelConnectUserName": "(Optional) Emby-Connect-Benutzername oder E-Mail-Adresse:",
    "LabelConnectUserNameHelp": "Verbinden Sie diesen lokalen Benutzer optional mit einem bestehenden Emby-Connect-Konto, um vereinfachten Zugriff von jeder Emby-App aus zu erhalten, ohne die IP-Adresse des Servers kennen zu m\u00fcssen.",
    "ButtonLearnMoreAboutEmbyConnect": "Erfahren Sie mehr \u00fcber Emby Connect",
    "LabelExternalPlayers": "Externe Abspielger\u00e4te:",
    "LabelNativeExternalPlayersHelp": "Spiele Videos mit externen Abspielern ab.",
    "TabPlayback": "Wiedergabe",
    "TitlePlayback": "Wiedergabe",
    "LabelDateAddedBehavior": "Verhalten f\u00fcr Hinzuf\u00fcgedatum bei neuen Inhalten:",
    "OptionDateAddedImportTime": "Benutze das Scan-Datum vom Hinzuf\u00fcgen in die Bibliothek",
    "OptionDateAddedFileTime": "Benutze das Erstellungsdatum der Datei",
    "LabelDateAddedBehaviorHelp": "Wenn ein Metadatenwert vorhanden ist, wird dieser immer gegen\u00fcber den anderen Optionen bevorzugt werden.",
    "TitleDevices": "Ger\u00e4te",
    "TabCameraUpload": "Kamera-Upload",
    "TabDevices": "Ger\u00e4te",
    "HeaderLibrarySettings": "Bibliothekseinstellungen",
    "HeaderThumbnailImages": "Vorschaubilder",
    "HeaderSubtitleDownloads": "Untertitel-Downloads",
    "HeaderCameraUploadHelp": "Emby-Apps k\u00f6nnen Fotos von dem Ger\u00e4t, auf dem sie aufgenommen wurden, automatisch auf den Emby Server hochladen.",
    "LabelCameraUploadPath": "Kamera-Upload-Pfad:",
    "LabelCameraUploadPathHelp": "W\u00e4hle einen eigenen Upload-Pfad aus. Diese Einstellung \u00fcberschreibt die in den Kamera-Upload-Einstellungen festgelegte Standardeinstellung. Falls leergelassen, wird ein Standardverzeichnis verwendet. Bei Nutzung eines eigenen Verzeichnisses, muss dieses in den Bibliothekseinstellungen als Bibliothek hinzugef\u00fcgt werden.",
    "DefaultCameraUploadPathHelp": "W\u00e4hle ein benutzerdefiniertes Upload-Verzeichnis aus. Falls leergelassen, wird ein Standardverzeichnis verwendet. Bei Nutzung eines eigenes Verzeichnisses, muss dieses ebenso in den Bibliothekseinstellungen als Bibliothek hinzugef\u00fcgt werden.",
    "LabelCreateCameraUploadSubfolder": "Erstelle ein Unterverzeichnis f\u00fcr jedes Ger\u00e4t",
    "LabelCreateCameraUploadSubfolderHelp": "Bestimmte Verzeichnisse lassen sich einem Ger\u00e4t zuordnen, indem auf der Ger\u00e4teseite darauf geklickt wird.",
    "LabelCustomDeviceDisplayName": "Angezeigter Name:",
    "LabelCustomDeviceDisplayNameHelp": "Lege einen individuellen Anzeigenamen fest oder lasse das Feld leer, um den vom Ger\u00e4t \u00fcbermittelten Namen zu nutzen.",
    "HeaderInviteUser": "Lade Benutzer ein",
    "LabelConnectGuestUserNameHelp": "Dies ist der Benutzername oder die E-Mail-Adresse, die dein Freund verwendet, um sich auf der Emby-Website anzumelden.",
    "HeaderInviteUserHelp": "Das Teilen von Medien mit Freunden ist dank Emby Connect einfacher als je zuvor.",
    "ButtonSendInvitation": "Sende Einladung",
    "HeaderGuests": "G\u00e4ste",
    "HeaderPendingInvitations": "Ausstehende Einladungen",
    "TabParentalControl": "Kindersicherung",
    "HeaderAccessSchedule": "Zugangsplan",
    "HeaderAccessScheduleHelp": "Erstelle einen Zugangsplan, um den Zugang auf festgelegte Zeiten zu begrenzen.",
    "LabelAccessDay": "Wochentag:",
    "LabelAccessStart": "Startzeit:",
    "LabelAccessEnd": "Endzeit:",
    "HeaderSchedule": "Zeitplan",
    "OptionEveryday": "T\u00e4glich",
    "OptionWeekdays": "W\u00f6chentlich",
    "OptionWeekends": "An Wochenenden",
    "HeaderOptionalLinkEmbyAccount": "Optional: Verbinde dein Emby-Connect-Konto",
    "ButtonTrailer": "Trailer",
    "MessageNoTrailersFound": "Keine Trailer gefunden. Installiere das Trailer-Plugin, um dein Filmerlebnis durch das Hinzuf\u00fcgen einer Trailer-Bibliothek aus dem Internet zu verbessern.",
    "HeaderNewUsers": "Neue Benutzer",
    "TitleNewUser": "Neuer Benutzer",
    "ButtonConfigurePassword": "Passwort konfigurieren",
    "HeaderDashboardUserPassword": "Benutzerpassw\u00f6rter werden in den pers\u00f6nlichen Profileinstellungen der einzelnen Benutzer verwaltet.",
    "HeaderLibraryAccess": "Bibliothekszugriff",
    "HeaderChannelAccess": "Channelzugriff",
    "HeaderLatestItems": "Neueste Medien",
    "LabelForgotPasswordUsernameHelp": "Bitte gib deinen Benutzernamen ein, falls du dich daran erinnerst.",
    "TitlePasswordReset": "Passwort zur\u00fccksetzen",
    "HeaderParentalRatings": "Altersbeschr\u00e4nkung",
    "HeaderVideoTypes": "Videotypen",
    "HeaderYears": "Jahre",
    "HeaderBlockItemsWithNoRating": "Blockiere Inhalte mit keiner oder nicht erkannter Altersfreigabe:",
    "LabelBlockContentWithTags": "Beschr\u00e4nke auf Inhalte mit Tags",
    "LabelTagRestrictionMode": "Tag-Beschr\u00e4nkungsmodus:",
    "BlockItemsWithTheseTags": "Blockiere Inhalte mit diesen Tags",
    "AllowItemsWithTheseTags": "Erlaube nur Inhalte mit diesen Tags",
    "TabActivity": "Aktivit\u00e4t",
    "OptionAllowSyncContent": "Erlaube Synchronisation",
    "OptionAllowContentDownloading": "Erlaube Medien-Download",
    "LabelNewUserNameHelp": "Benutzernamen k\u00f6nnen Zeichen (a-z), Zahlen (0-9), Striche (-), Unterstriche (_), Apostrophe (') und Punkte (.) enthalten.",
    "HeaderThisUserIsCurrentlyDisabled": "Dieser Benutzer ist momentan deaktiviert. Um den Benutzer zu aktivieren, verwende die Option unten auf der Seite.",
    "OptionEnableTranscodingThrottle": "Aktiviere Drosselung",
    "OptionEnableTranscodingThrottleHelp": "Die Drosselung justiert die Transkodier-Geschwindigkeit automatisch, um die CPU-Auslastung des Servers w\u00e4hrend der Wiedergabe zu minimieren.",
    "LabelUploadSpeedLimit": "Upload-Geschwindigkeitslimit (Mbps):",
    "OptionAllowSyncTranscoding": "Erlaube Herunterladen von Dateien, die transkodiert werden m\u00fcssen.",
    "AllowMediaConversion": "Erlaube Medienkonvertierung",
    "AllowMediaConversionHelp": "Erlaube oder verweigere Zugriff auf die Medienkonvertierungsfunktion",
    "HeaderPlayback": "Medienwiedergabe",
    "OptionAllowAudioPlaybackTranscoding": "Erlaube Audio-Wiedergabe, die Transkodierung erfordert",
    "OptionAllowVideoPlaybackTranscoding": "Erlaube Video-Wiedergabe, die Transkodierung erfordert",
    "OptionAllowVideoPlaybackRemuxing": "Erlaube Video-Wiedergabe, die Konvertierung ohne Neu-Enkodierung erfordert",
    "OptionAllowMediaPlaybackTranscodingHelp": "Einschr\u00e4nken des Zugangs zum Transkodieren bewirkt eine Deaktivierung der Qualit\u00e4tsauswahl. Dies kann in Amby-Apps zu Abspielfehlern wegen nicht unterst\u00fctzter Medienformate oder unzureichender Netzwerkbandbreite f\u00fchren.",
    "TabStreaming": "Streaming",
    "LabelRemoteClientBitrateLimit": "Limit f\u00fcr die Internet-Streaming-Datenrate (Mbps)",
    "LabelRemoteClientBitrateLimitHelp": "Ein optionales Bitratenlimit pro Stream f\u00fcr alle Ger\u00e4te au\u00dferhalb des Netzwerkes. Dies ist n\u00fctzlich, um zu verhindern, dass Ger\u00e4te eine h\u00f6here Datenrate verwenden, als die Internetverbindung erlaubt. Kann zu erh\u00f6hter CPU-Last auf deinem Server f\u00fchren, falls Videos in Echtzeit in eine niedrigere Bitrate zu transkodieren sind.",
    "LabelUserRemoteClientBitrateLimitHelp": "Diese Einstellung \u00fcberschreibt die globale Standardeinstellung, die in den erweiterten Einstellungen des Servers festgelegt wurde.",
    "LabelConversionCpuCoreLimit": "CPU-Kern-Limit:",
    "LabelConversionCpuCoreLimitHelp": "Begrenzt die Anzahl der verwendeten CPU-Kerne w\u00e4hrend der Hintergrundkonvertierung.",
    "OptionEnableFullSpeedConversion": "Aktiviere Hochleistungskonvertierung.",
    "OptionEnableFullSpeedConversionHelp": "Standardm\u00e4\u00dfig werden Konvertierungen mit geringer Geschwindigkeit durchgef\u00fchrt, um Ressourcen zu sparen.",
    "TabPhotos": "Fotos",
    "HeaderWelcomeToEmby": "Willkommen bei Emby",
    "EmbyIntroMessage": "Mit Emby k\u00f6nnen Sie auf auf einfache Art und Weise Videos, Musik und Fotos zu Smartphones, Tablets und anderen Ger\u00e4ten von Ihrem Emby-Server senden.",
    "ButtonConnect": "Verbinde",
    "HeaderNewServer": "Neuer Server",
    "HeaderExport": "Export",
    "HeaderColumns": "Spalten",
    "ButtonReset": "Reset",
    "OptionEnableExternalVideoPlayers": "Aktiviere externen Videoabspieler",
    "LabelEnableFullScreen": "Aktiviere Vollbild-Modus",
    "TabHomeScreen": "Startseite",
    "HeaderDisplay": "Anzeige",
    "HeaderNavigation": "Navigation",
    "OptionEnableAutomaticServerUpdates": "Aktiviere automatische Server-Aktualisierungen",
    "HeaderOverview": "\u00dcbersicht",
    "HeaderType": "Typ",
    "HeaderTunerDevices": "TV-Empf\u00e4nger",
    "HeaderTVSources": "TV-Quellen",
    "HeaderAddDevice": "Ger\u00e4t hinzuf\u00fcgen",
    "HeaderExternalServices": "Externe Dienste",
    "LabelTunerIpAddress": "Tuner-IP-Adresse:",
    "HeaderGuideProviders": "TV-Programmdaten-Anbieter",
    "AddGuideProviderHelp": "Quelle f\u00fcr TV-Programmdaten hinzuf\u00fcgen",
    "LabelZipCode": "PLZ:",
    "GuideProviderSelectListings": "W\u00e4hle Listen",
    "GuideProviderLogin": "Anmelden",
    "LabelLineup": "TV-Programm:",
    "MessageTunerDeviceNotListed": "Wird Ihr Tuner hier nicht angezeigt? Installieren Sie einen externen Dienst f\u00fcr weitere Live-TV-Funktionen.",
    "LabelImportOnlyFavoriteChannels": "Beschr\u00e4nke auf favorisierte Kan\u00e4le",
    "ImportFavoriteChannelsHelp": "Wenn aktiviert, werden nur auf dem Tuner favorisierte Kan\u00e4le importiert.",
    "ButtonRepeat": "Wiederholung",
    "LabelEnableThisTuner": "Aktiviere diesen Tuner",
    "LabelEnableThisTunerHelp": "Abw\u00e4hlen, um das Importieren von Kan\u00e4len dieses Tuners zu verhindern",
    "HeaderImagePrimary": "Bevorzugt",
    "HeaderImageBackdrop": "Hintergrund",
    "HeaderImageLogo": "Logo",
    "HeaderUserPrimaryImage": "Benutzerbild",
    "ButtonProfile": "Profil",
    "ButtonProfileHelp": "Legen Sie ein Profilbild und Passwort fest.",
    "HeaderHomeScreenSettings": "Startbildschirm-Einstellungen",
    "HeaderProfile": "Profil",
    "HeaderLanguage": "Sprache",
    "LabelTranscodingThreadCount": "Anzahl Transkodierungs-Threads:",
    "LabelTranscodingThreadCountHelp": "Legen Sie die maximale Anzahl von Transkodierungs-Threads fest. Eine Reduzierung senkt die CPU-Auslastung, aber auch die Transkodiergeschwindigkeit und f\u00fchrt damit m\u00f6glicherweise zu stotternder Wiedergabe.",
    "OptionMax": "Max",
    "LabelTunerType": "Tuner-Typ:",
    "HeaderSetupTVGuide": "TV-Programmdaten einrichten",
    "LabelDataProvider": "Datenquelle:",
    "HeaderDefaultRecordingSettings": "Standard-Aufnahmeeinstellungen",
    "OptionEnableRecordingSubfolders": "Erstelle Unterverzeichnisse f\u00fcr Kategorien wie Sport, Kindersendungen etc.",
    "HeaderSubtitles": "Untertitel",
    "HeaderVideos": "Videos",
    "LabelHardwareAccelerationType": "Hardware-Beschleunigung:",
    "LabelHardwareAccelerationTypeHelp": "Nur auf unterst\u00fctzten Systemen verf\u00fcgbar.",
    "HeaderAdmin": "Admin",
    "HeaderCameraUpload": "Kamera-Upload",
    "ButtonClear": "L\u00f6schen",
    "LabelFolder": "Verzeichnis:",
    "HeadersFolders": "Verzeichnisse",
    "LabelDisplayName": "Anzeigename:",
    "OptionConvertRecordingsToStreamingFormat": "Konvertiere Aufnahmen automatisch in ein Streaming-freundliches Format.",
    "OptionConvertRecordingsToStreamingFormatHelp": "Aufnahmen werden als MKV konvertiert um eine bessere Wiedergabe auf Ihren Ger\u00e4ten zu gew\u00e4hrleisten.",
    "OptionDownloadImagesInAdvance": "Bilder vorab herunterladen",
    "OptionDownloadImagesInAdvanceHelp": "Grunds\u00e4tzlich werden die meisten Bilder erst dann heruntergeladen, wenn eine Emby-App sie anfragt. Aktiviere diese Option, um alle Bilder im Voraus herunterzuladen, sobald neue Medien importiert werden. Dies kann zu erheblich l\u00e4ngeren Bibliothek-Scans f\u00fchren.",
    "DeleteImage": "Bild l\u00f6schen",
    "MessageThankYouForSupporting": "Vielen Dank f\u00fcr das Unterst\u00fctzen von Emby.",
    "FileReadCancelled": "Dateiimport wurde abgebrochen.",
    "FileNotFound": "Datei nicht gefunden",
    "FileReadError": "Beim Lesen der Datei ist ein Fehler aufgetreten.",
    "PinCodeResetComplete": "Die PIN wurde zur\u00fcckgesetzt.",
    "PinCodeResetConfirmation": "Bist du sicher, dass du den PIN-Code zur\u00fccksetzen m\u00f6chtest?",
    "HeaderPinCodeReset": "PIN-Code zur\u00fccksetzen",
    "NoPluginConfigurationMessage": "Dieses Plugin hat keine konfigurierbaren Einstellungen.",
    "NoPluginsInstalledMessage": "Du hast keine Plugins installiert.",
    "BrowsePluginCatalogMessage": "Durchsuche unseren Plugin-Katalog, um alle verf\u00fcgbaren Plugins anzuzeigen.",
    "LabelAppName": "App-Name",
    "LabelAppNameExample": "Beispiel: Sickbeard, NzbDrone",
    "HeaderNewApiKeyHelp": "Geben Sie einer Applikation die Erlaubnis mit dem Emby Server zu kommunizieren.",
    "MessageKeyEmailedTo": "E-Mail mit Zugangsschl\u00fcssel an: {0}.",
    "HeaderConfirmation": "Best\u00e4tigung",
    "MessageKeyUpdated": "Vielen Dank. Ihr Emby-Premiere-Schl\u00fcssel wurde aktualisiert.",
    "MessageKeyRemoved": "Vielen Dank. Ihr Emby-Premiere-Schl\u00fcssel wurde entfernt.",
    "TextEnjoyBonusFeatures": "Genie\u00dfen Sie Bonus-Funktionen",
    "HeaderAddTag": "F\u00fcge Tag hinzu",
    "ButtonSelectView": "Ansicht w\u00e4hlen",
    "LabelFromHelp": "Beispiel: {0} (auf dem Server)",
    "MessageErrorLoadingSupporterInfo": "Es gab einen Fehler beim Verarbeiten der Emby-Premiere-Daten. Bitte versuche es sp\u00e4ter erneut.",
    "HeaderConfirmRemoveUser": "Entferne Benutzer",
    "ValueTimeLimitSingleHour": "Zeitlimit: 1 Stunde",
    "ValueTimeLimitMultiHour": "Zeitlimit: {0} Stunden",
    "General": "Allgemein",
    "HeaderScreenSavers": "Bildschirmschoner",
    "Notifications": "Benachrichtigungen",
    "Metadata": "Metadaten",
    "Reporting": "Berichte",
    "HeaderSearch": "Suche",
    "ValueDateCreated": "Erstellungsdatum: {0}",
    "LabelArtist": "Interpret",
    "LabelMovie": "Film",
    "LabelMusicVideo": "Musikvideo",
    "LabelEpisode": "Episode",
    "Series": "Serien",
    "LabelStopping": "Stoppe",
    "LabelCancelled": "Abgebrochen",
    "ButtonDownload": "Download",
    "HeaderDevices": "Ger\u00e4te",
    "HeaderSelectCertificatePath": "W\u00e4hlen Sie einen Zertifikateordner",
    "HeaderSupporterBenefit": "Eine aktives Emby-Premiere-Abonnement bringt zus\u00e4tzliche Vorteile, wie etwa Zugriff auf Emby DVR, Offline-Medien, Premium-Plugins usw. {0}Erfahre mehr{1}.",
    "HeaderWelcomeBack": "Willkommen zur\u00fcck!",
    "HeaderSelectDevices": "Ger\u00e4t w\u00e4hlen",
    "ButtonReenable": "Reaktivierung",
    "LabelAbortedByServerShutdown": "(Durch herunterfahrenden Server abgebrochen)",
    "LabelScheduledTaskLastRan": "Zuletzt ausgef\u00fchrt vor: {0}. Ben\u00f6tigte Zeit: {1}.",
    "HeaderDeleteTaskTrigger": "Entferne Aufgabenausl\u00f6ser",
    "MessageDeleteTaskTrigger": "Bist du dir sicher, dass du diesen Aufgabenausl\u00f6ser entfernen m\u00f6chtest?",
    "MessageNoPluginsInstalled": "Du hast keine Plugins installiert.",
    "MessageNoPluginsDueToAppStore": "Um Plugins zu verwalten, verwende bitte die Emby-Web-App.",
    "LabelVersionInstalled": "{0} installiert",
    "LabelNumberReviews": "{0} Bewertungen",
    "LabelFree": "Frei",
    "HeaderSelectAudio": "W\u00e4hle Audio",
    "HeaderSelectSubtitles": "W\u00e4hle Untertitel",
    "LabelDefaultStream": "(Standard)",
    "LabelForcedStream": "(Erzwungen)",
    "LabelDefaultForcedStream": "(Standard\/Erzwungen)",
    "LabelUnknownLanguage": "Unbekannte Sprache",
    "ButtonMute": "Stumm",
    "ButtonUnmute": "Ton ein",
    "ButtonPlaylist": "Wiedergabeliste",
    "LabelEnabled": "Aktiviert",
    "LabelDisabled": "Deaktiviert",
    "Disabled": "Deaktiviert",
    "ButtonMoreInformation": "Mehr Informationen",
    "LabelNoUnreadNotifications": "Keine ungelesenen Benachrichtigungen.",
    "HeaderConfirmSeriesCancellation": "Best\u00e4tige Abbruch der Serien-Aufnahme",
    "HeaderConfirmRecordingDeletion": "Best\u00e4tige L\u00f6schen der Aufzeichnung",
    "OptionWeekend": "Wochenenden",
    "OptionWeekday": "Wochentage",
    "LiveTvUpdateAvailable": "(Aktualisierung verf\u00fcgbar)",
    "LabelVersionUpToDate": "Auf dem neuesten Stand!",
    "ButtonResetTuner": "Tuner zur\u00fccksetzen",
    "HeaderResetTuner": "Tuner zur\u00fccksetzen",
    "MessageConfirmResetTuner": "Bist du dir sicher, dass du diesen Tuner zur\u00fccksetzen m\u00f6chtest? Alle aktiven Wiedergaben und Aufnahmen werden sofort beendet.",
    "ButtonCancelSeries": "Serienaufnahme beenden",
    "HeaderSeriesRecordings": "Serienaufzeichnungen",
    "LabelAnytime": "Jederzeit",
    "StatusRecording": "Aufnehmen",
    "StatusWatching": "Schaue",
    "StatusRecordingProgram": "Aufzeichnung {0}",
    "StatusWatchingProgram": "Gesehen {0}",
    "HeaderSplitMedia": "Trenne Medien ab",
    "MessageConfirmSplitMedia": "Bist du dir sicher, dass du die Medienquellen in separate Elemente aufteilen m\u00f6chtest?",
    "HeaderError": "Fehler",
    "HeaderSelectServerCachePath": "W\u00e4hle Server-Cache-Pfad:",
    "HeaderSelectTranscodingPath": "W\u00e4hle Pfad f\u00fcr tempor\u00e4re Transkodierdateien",
    "HeaderSelectMetadataPath": "W\u00e4hle Metadaten-Pfad",
    "HeaderSelectServerCachePathHelp": "Gib den Pfad f\u00fcr die Speicherung von Server-Cache-Dateien an. In das Verzeichnis muss geschrieben werden k\u00f6nnen.",
    "HeaderSelectTranscodingPathHelp": "Gib den Pfad f\u00fcr die Speicherung von tempor\u00e4ren Transkodierdateien an. In das Verzeichnis muss geschrieben werden k\u00f6nnen.",
    "HeaderSelectMetadataPathHelp": "Gib den Pfad f\u00fcr die Speicherung von Metadaten an. In das Verzeichnis muss geschrieben werden k\u00f6nnen.",
    "MessageFileWillBeDeleted": "Die folgende Datei wird gel\u00f6scht:",
    "MessageSureYouWishToProceed": "Bis du dir sicher, dass du fortfahren m\u00f6chtest?",
    "MessageFollowingFileWillBeMovedFrom": "Die folgende Datei wird verschoben von:",
    "MessageDestinationTo": "nach:",
    "HeaderRestart": "Neustart",
    "HeaderShutdown": "Herunterfahren",
    "MessageConfirmRestart": "M\u00f6chten Sie Emby Server wirklich neustarten?",
    "MessageConfirmShutdown": "M\u00f6chten Sie Emby Server wirklich beenden?",
    "ValueItemCount": "{0} Eintrag",
    "ValueItemCountPlural": "{0} Eintr\u00e4ge",
    "NewVersionOfSomethingAvailable": "Eine neue Version von {0} ist verf\u00fcgbar!",
    "VersionXIsAvailableForDownload": "Version {0} ist jetzt bereit zum Herunterladen.",
    "LabelVersionNumber": "Version {0}",
    "LabelPlayMethodTranscoding": "Transkodieren",
    "LabelPlayMethodDirectStream": "Direktes Streaming",
    "LabelPlayMethodDirectPlay": "Direktes Abspielen",
    "LabelLocalAccessUrl": "Heimnetzwerk-Zugriff (LAN): {0}",
    "LabelRemoteAccessUrl": "Fernzugriff (WAN): {0}",
    "LabelRunningOnPort": "L\u00e4uft \u00fcber HTTP-Port: {0}",
    "LabelRunningOnPorts": "L\u00e4uft \u00fcber HTTP-Port {0} und HTTPS-Port {1}.",
    "HeaderLatestFromChannel": "Neuestes von {0}",
    "ButtonRemoteControl": "Fernsteuerung",
    "HeaderLatestTvRecordings": "Neueste Aufnahmen",
    "LabelCurrentPath": "Aktueller Pfad:",
    "HeaderSelectMediaPath": "W\u00e4hle einen Medienpfad:",
    "HeaderSelectPath": "Verzeichnis w\u00e4hlen",
    "ButtonNetwork": "Netzwerk",
    "MessageDirectoryPickerInstruction": "Falls die Netzwerksuche deine Endger\u00e4te nicht automatisch findet, kannst du deren Netzwerkpfade auch manuell eintragen. Zum Beispiel {0} oder {1}.",
    "MessageDirectoryPickerBSDInstruction": "F\u00fcr BSD m\u00fcssen Sie auf Ihrem FreeNAS Jail ggf. Speicherplatz  freigeben, damit Emby darauf zugreifen kann.",
    "MessageDirectoryPickerLinuxInstruction": "F\u00fcr Linux auf Arch Linux, CentOS, Debian, Fedora, OpenSuse oder Ubuntu muss Emby mindestens lesenden Zugriff auf die Speicherorte der Medien besitzen.",
    "HeaderMenu": "Men\u00fc",
    "ButtonOpen": "\u00d6ffnen",
    "ButtonShuffle": "Zufallswiedergabe",
    "HeaderAudioTracks": "Tonspuren",
    "HeaderLibraries": "Bibliotheken",
    "MessageErrorPlayingVideo": "Es gab einen Fehler bei der Videowiedergabe.",
    "MessageEnsureOpenTuner": "Bitte stelle sicher, dass ein freier Tuner verf\u00fcgbar ist.",
    "ButtonReports": "Berichte",
    "MetadataManager": "Metadaten-Manager",
    "HeaderTime": "Zeit",
    "LabelAddedOnDate": "Hinzugef\u00fcgt {0}",
    "ButtonStart": "Start",
    "OptionBlockOthers": "Andere",
    "OptionBlockTvShows": "TV-Serien",
    "OptionBlockTrailers": "Trailer",
    "OptionBlockMusic": "Musik",
    "OptionBlockMovies": "Filme",
    "OptionBlockBooks": "B\u00fccher",
    "OptionBlockGames": "Spiele",
    "OptionBlockLiveTvPrograms": "Live-TV-Sendungen",
    "OptionBlockLiveTvChannels": "Live-TV-Sender",
    "OptionBlockChannelContent": "Internet-Stream-Inhalte",
    "ButtonRevoke": "Zur\u00fccknehmen",
    "MessageConfirmRevokeApiKey": "M\u00f6chten Sie diesen API-Schl\u00fcssel wirklich l\u00f6schen? Die Verbindung der Anwendung zum Emby Server wird sofort unterbrochen.",
    "HeaderConfirmRevokeApiKey": "Widerrufe API-Schl\u00fcssel",
    "ValueContainer": "Container: {0}",
    "ValueAudioCodec": "Audio-Codec: {0}",
    "ValueVideoCodec": "Video-Codec: {0}",
    "ValueCodec": "Codec: {0}",
    "ValueConditions": "Bedingungen: {0}",
    "LabelAll": "Alle",
    "HeaderDeleteImage": "L\u00f6sche Bild",
    "MessageFileNotFound": "Datei nicht gefunden.",
    "ButtonNextPage": "N\u00e4chste Seite",
    "ButtonPreviousPage": "Vorherige Seite",
    "MessagePleaseAcceptTermsOfServiceBeforeContinuing": "Bitte akzeptiere die Nutzungsbedingungen vor dem Fortfahren.",
    "OptionOff": "Aus",
    "OptionOn": "Ein",
    "ButtonUninstall": "Deinstallieren",
    "HeaderLiveTV": "Live-TV",
    "MissingPrimaryImage": "Fehlendes Hauptbild.",
    "MissingBackdropImage": "Fehlendes Hintergrundbild.",
    "MissingLogoImage": "Fehlendes Logobild.",
    "MissingEpisode": "Fehlende Episode.",
    "OptionBackdrops": "Hintergr\u00fcnde",
    "OptionImages": "Bilder",
    "OptionKeywords": "Stichworte",
    "OptionTags": "Tags",
    "OptionStudios": "Studios",
    "OptionName": "Name",
    "OptionOverview": "\u00dcbersicht:",
    "OptionGenres": "Genres",
    "OptionPeople": "Personen",
    "OptionBirthLocation": "Geburtsort",
    "HeaderChangeFolderType": "\u00c4ndere Inhaltstyp",
    "HeaderChangeFolderTypeHelp": "Um den Typ zu \u00e4ndern, bitte die Bibliothek entfernen und mit dem neuen Medientyp wieder anlegen.",
    "HeaderAlert": "Alarm",
    "MessagePleaseRestart": "Dr\u00fccke auf Neustart um die Aktualisierung abzuschlie\u00dfen.",
    "ButtonHide": "Ausblenden",
    "MessageSettingsSaved": "Einstellungen gespeichert",
    "TabLibrary": "Bibliothek",
    "TabLiveTV": "Live-TV",
    "TabPlugins": "Plugins",
    "TabHelp": "Hilfe",
    "HeaderNotifications": "Benachrichtigungen",
    "HeaderSelectPlayer": "W\u00e4hle Videoabspieler",
    "HeaderSpecials": "Extras",
    "HeaderTrailers": "Trailer",
    "HeaderResolution": "Aufl\u00f6sung",
    "HeaderRuntime": "Laufzeit",
    "HeaderParentalRating": "Altersfreigabe",
    "HeaderReleaseDate": "Ver\u00f6ffentlichungsdatum",
    "HeaderSeries": "Serien",
    "HeaderSeason": "Staffel",
    "HeaderSeasonNumber": "Staffelnummer",
    "HeaderNetwork": "Netzwerk",
    "HeaderYear": "Jahr:",
    "HeaderEmbeddedImage": "Eingebettetes Bild",
    "HeaderTrack": "Titel",
    "OptionCollections": "Sammlungen",
    "OptionSeries": "Serien",
    "OptionGames": "Spiele",
    "OptionGameSystems": "Spielsysteme",
    "OptionMusicArtists": "Musik-Interpreten",
    "OptionMusicAlbums": "Musik-Alben",
    "OptionMusicVideos": "Musik-Videos",
    "OptionSongs": "Songs",
    "OptionHomeVideos": "Heim-Videos und Fotos",
    "OptionBooks": "B\u00fccher",
    "ButtonUp": "Hoch",
    "ButtonDown": "Runter",
    "LabelMetadataReaders": "Metadaten-Quellen:",
    "LabelMetadataReadersHelp": "Priorisiere deine bevorzugten lokalen Metadaten-Quellen \u00fcber die Sortierreihenfolge.  Die erste entdeckte Datei wird verwendet.",
    "LabelSubtitleDownloaders": "Untertitel-Downloader:",
    "SubtitleDownloadersHelp": "Aktiviere und priorisiere deine bevorzugten Untertitel-Downloader \u00fcber die Sortierreihenfolge. Weitere Untertitel-Anbieter lassen sich \u00fcber den Emby-Plugin-Katalog installieren.",
    "LabelMetadataDownloaders": "Metadaten-Downloader:",
    "LabelMetadataDownloadersHelp": "Aktiviere und priorisiere deine bevorzugten Metadaten-Downloader \u00fcber die Sortierreihenfolge. Downloader mit niedriger Priorit\u00e4t werden nur genutzt, um fehlende Informationen zu erg\u00e4nzen.",
    "LabelMetadataSavers": "Metadatenformat:",
    "LabelMetadataSaversHelp": "W\u00e4hle das Dateiformat f\u00fcr die Speicherung der Metadaten.",
    "LabelImageFetchers": "Bildbeschaffer",
    "LabelImageFetchersHelp": "Aktiviere und priorisiere deine bevorzugten Bildbeschaffer \u00fcber die Sortierreihenfolge.",
    "PersonTypePerson": "Person",
    "OptionSortName": "Sortiername",
    "LabelDateOfBirth": "Geburtsdatum:",
    "HeaderRemoveMediaLocation": "Entferne Medienquelle",
    "MessageConfirmRemoveMediaLocation": "M\u00f6chtest du diese Medienquelle wirklich entfernen?",
    "LabelNewName": "Neuer Name:",
    "HeaderRemoveMediaFolder": "Entferne Medienverzeichnis",
    "MessageTheFollowingLocationWillBeRemovedFromLibrary": "Die folgenden Medienverzeichnisse werden aus der Emby-Bibliothek entfernt:",
    "MessageAreYouSureYouWishToRemoveMediaFolder": "M\u00f6chtest du dieses Medienverzeichnis wirklich entfernen?",
    "ButtonRename": "Umbenennen",
    "ButtonChangeContentType": "\u00c4ndere Inhalte-Typ",
    "HeaderMediaLocations": "Medienquellen",
    "LabelContentTypeValue": "Inhalte-Typ: {0}",
    "FolderTypeUnset": "Gemischter Inhalt",
    "HeaderPluginInstallation": "Plugin-Installation",
    "MessageAlreadyInstalled": "Diese Version ist bereits installiert.",
    "MessageYouHaveVersionInstalled": "Du hast momentan Version {0} installiert.",
    "MessageTrialExpired": "Die Testzeitraum f\u00fcr diese Funktion ist ausgelaufen",
    "MessageTrialWillExpireIn": "Der Testzeitraum f\u00fcr diese Funktion wird in {0} Tag(en) auslaufen",
    "MessageInstallPluginFromApp": "Dieses Plugin muss von der App aus installiert werden, mit der du es benutzen willst.",
    "ValuePriceUSD": "Preis: {0} (USD)",
    "MessageFeatureIncludedWithSupporter": "Du bist f\u00fcr diese Funktion registriert und kannst sie mit einem aktiven Emby-Premiere-Abo weiterhin benutzen.",
    "HeaderUnrated": "Nicht bewertet",
    "HeaderUnknownDate": "Unbekanntes Datum",
    "HeaderUnknownYear": "Unbekanntes Jahr",
    "HeaderSelectExternalPlayer": "W\u00e4hle externes Abspielger\u00e4t aus",
    "HeaderExternalPlayerPlayback": "Wiedergabe auf externem Abspielger\u00e4t",
    "OptionWatched": "Gesehen",
    "OptionUnwatched": "Nicht gesehen",
    "LabelMarkAs": "Markieren als:",
    "OptionInProgress": "Im Gange",
    "LabelResumePoint": "Fortsetzungspunkt",
    "ValueOneTrailer": "1 Trailer",
    "ValueTrailerCount": "{0} Trailer",
    "ValueSeriesYearToPresent": "{0} - Heute",
    "ValueAwards": "Auszeichnungen: {0}",
    "ValuePremiered": "Premiere {0}",
    "ValuePremieres": "Premieren {0}",
    "ValueStudio": "Studio: {0}",
    "ValueStudios": "Studios: {0}",
    "ValueStatus": "Status: {0}",
    "LabelLimit": "Limit:",
    "ValueLinks": "Links {0}",
    "ValueArtist": "K\u00fcnstler: {0}",
    "ValueArtists": "K\u00fcnstler: {0}",
    "MediaInfoCameraMake": "Kamerahersteller",
    "MediaInfoCameraModel": "Kameramodell",
    "MediaInfoAltitude": "H\u00f6he",
    "MediaInfoAperture": "Blende",
    "MediaInfoExposureTime": "Belichtungszeit",
    "MediaInfoFocalLength": "Brennweite",
    "MediaInfoOrientation": "Ausrichtung",
    "MediaInfoIsoSpeedRating": "ISO-Empfindlichkeit",
    "MediaInfoLatitude": "Breite",
    "MediaInfoLongitude": "L\u00e4nge",
    "MediaInfoShutterSpeed": "Verschlusszeit",
    "MediaInfoSoftware": "Software",
    "HeaderMovies": "Filme",
    "HeaderAlbums": "Alben",
    "HeaderGames": "Spiele",
    "HeaderBooks": "B\u00fccher",
    "HeaderEpisodes": "Episoden",
    "HeaderTracks": "Titel",
    "HeaderItems": "Inhalte",
    "HeaderOtherItems": "Andere Inhalte",
    "ValueAsRole": "als {0}",
    "ValueGuestStar": "Gaststar",
    "TabExpert": "Experte",
    "HeaderSelectCustomIntrosPath": "W\u00e4hle einen benutzerdefinierten Pfad f\u00fcr Intros",
    "HeaderThankYou": "Danke",
    "ReleaseYearValue": "Erscheinungsjahr: {0}",
    "TabExtras": "Extras",
    "DeviceLastUsedByUserName": "Zuletzt genutzt von {0}",
    "HeaderSelectUploadPath": "W\u00e4hle Upload-Pfad",
    "ErrorMessageStartHourGreaterThanEnd": "Die Endzeit muss gr\u00f6\u00dfer als die Startzeit sein.",
    "ButtonLibraryAccess": "Bibliothekszugang",
    "ButtonParentalControl": "Kindersicherung",
    "MessageUnableToConnectToServer": "Es l\u00e4sst sich gerade keine Verbindung zum gew\u00e4hlten Server herstellen. Bitte stelle sicher, dass dieser l\u00e4uft und versuche es erneut.",
    "MessagePluginConfigurationRequiresLocalAccess": "Melde dich bitte direkt an deinem lokalen Server an, um dieses Plugin zu konfigurieren.",
    "MessageLoggedOutParentalControl": "Der Zugriff ist derzeit eingeschr\u00e4nkt. Bitte versuche es sp\u00e4ter erneut.",
    "ButtonLinkMyEmbyAccount": "Verbinde mein Konto jetzt",
    "MessageConnectAccountRequiredToInviteGuest": "Um G\u00e4ste einladen zu k\u00f6nnen, musst du erst dein Emby-Konto mit diesem Server verbinden.",
    "HeaderCancelSyncJob": "Synchronisierung abbrechen",
    "MovieLibraryHelp": "Schaue in den {0}Emby movie naming guide{1}.",
    "TvLibraryHelp": "Schaue in den {0}Emby TV naming guide{1}.",
    "BookLibraryHelp": "H\u00f6rb\u00fccher werden unterst\u00fctzt. Schaue in den {0}Emby Book Naming Guide{1}.",
    "MessageGamePluginRequired": "Erfordert die Installation des GameBrowser-Plugins.",
    "MessageUnsetContentHelp": "Inhalte werden als Verzeichnisse dargestellt.",
    "ButtonNewServer": "Neuer Server",
    "ButtonRemote": "Fernbedienung",
    "HeaderUnlockApp": "App freischalten",
    "HeaderUnlockSync": "Freischaltung von Emby Sync",
    "MessagePaymentServicesUnavailable": "Die Zahlungsdienste stehen leider gerade nicht zur Verf\u00fcgung. Bitte versuche es sp\u00e4ter erneut.",
    "HeaderLibrary": "Bibliothek",
    "HeaderMedia": "Medien",
    "NoNewDevicesFound": "Keine neuen Ger\u00e4te gefunden. Um einen neuen Tuner hinzuzuf\u00fcgen, schlie\u00dfe diesen Dialog und gebe die Ger\u00e4teinformationen manuell ein.",
    "NoResultsFound": "Keine Ergebnisse gefunden.",
    "ManageLibrary": "Bibliothek verwalten",
    "HeaderConfirm": "Best\u00e4tigen",
    "MessageConfirmDeleteTunerDevice": "M\u00f6chtest du dieses Ger\u00e4t wirklich l\u00f6schen?",
    "MessageConfirmDeleteGuideProvider": "M\u00f6chtest du diese Quelle wirklich l\u00f6schen?",
    "HeaderDeleteProvider": "Programmdatenanbieter l\u00f6schen",
    "ErrorAddingTunerDevice": "Es trat ein Fehler beim Hinzuf\u00fcgen eines Tuners auf. Bitte stelle sicher, dass dieser erreichbar ist und versuchen es erneut.",
    "ErrorSavingTvProvider": "Es trat ein Fehler beim Speichern des TV-Programmdatenanbieters auf. Bitte stelle sicher, dass er erreichbar ist und versuche es erneut.",
    "ErrorGettingTvLineups": "Es trat ein Fehler beim Herunterladen des TV-Programms auf. Bitte stelle sicher, dass die Angaben korrekt sind und versuche es erneut.",
    "MessageCreateAccountAt": "Erstelle ein Konto bei {0}",
    "ErrorPleaseSelectLineup": "Bitte w\u00e4hle ein TV-Programm und versuche es erneut. Wenn keine Programme verf\u00fcgbar sind, pr\u00fcfe bitte, ob Benutzername, Passwort und Postleitzahl korrekt sind.",
    "HeaderTryEmbyPremiere": "Probiere Emby Premiere",
    "OptionEnableDisplayMirroring": "Aktiviere Display-Weiterleitung",
    "ErrorValidatingSupporterInfo": "Es gab einen Fehler beim Pr\u00fcfen deiner Emby-Premiere-Daten. Bitte versuche es sp\u00e4ter erneut.",
    "LabelLocalSyncStatusValue": "Status: {0}",
    "OptionBackdropSlideshow": "Hintergrund-Diashow",
    "HeaderTopPlugins": "Top-Plugins",
    "ButtonOther": "Andere",
    "HeaderSortBy": "Sortiert nach",
    "HeaderSortOrder": "Sortierreihenfolge",
    "ButtonMenu": "Men\u00fc",
    "ForAdditionalLiveTvOptions": "Durchsuche den Emby-{0}Plugin-Katalog{1}, um weitere Live-TV-Quellen zu installieren.",
    "ButtonGuide": "TV Guide",
    "ButtonYes": "Ja",
    "AddUser": "Benutzer anlegen",
    "ButtonNo": "Nein",
    "HeaderEmailAddress": "E-Mail-Adresse",
    "NumLocationsValue": "{0} Verzeichnisse",
    "ErrorAddingListingsToSchedulesDirect": "Es trat ein Fehler beim Hinzuf\u00fcgen der Zusammenstellung zu deinem Schedules-Direct-Konto auf. Schedules Direct erlaubt nur eine begrenzte Anzahl von Zusammenstellungen je Konto.  Du solltest dich auf der Website in deinem Schedules-Direct-Konto anmelden und dort ein paar Zusammenstellungen l\u00f6schen, bevor du fortf\u00e4hrst.",
    "PleaseAddAtLeastOneFolder": "Bitte f\u00fcge dieser Bibliothek durch Klicken der \"Hinzuf\u00fcgen\"-Schaltfl\u00e4che mindestens ein Verzeichnis hinzu.",
    "ErrorAddingMediaPathToVirtualFolder": "Es trat ein Fehler beim Hinzuf\u00fcgen eines Medienverzeichnisses auf. Bitte stelle sicher, dass der Pfad g\u00fcltig ist und der Emby-Server-Prozess die notwendigen Zugriffsrechte besitzt.",
    "ErrorAddingEmbyConnectAccount3": "Das Emby-Konto ist bereits mit einem vorhandenen lokalen Nutzer verkn\u00fcpft. Ein Emby-Konto l\u00e4sst sich nur mit einem lokalen Nutzer gleichzeitig verbinden.",
    "HeaderConfirmPluginInstallation": "Best\u00e4tige Plugin-Installation",
    "PleaseConfirmPluginInstallation": "Bitte best\u00e4tige mit OK, dass du den obenstehenden Text gelesen hast und die Installation des Plugins fortf\u00fchren m\u00f6chtest.",
    "MessagePluginInstallDisclaimer": "Plugins aus der Emby-Community sind eine tolle M\u00f6glichkeit, Emby mit weiteren Funktionen und Vorteilen aufzuwerten. Bitte sei dir vor der Installation aber bewusst, dass dies Folgen f\u00fcr den Emby Server haben kann, etwa l\u00e4ngere Bibliothek-Scans, zus\u00e4tzliche Hintergrundverarbeitungen und verringerte Systemstabilit\u00e4t.",
    "TitleHardwareAcceleration": "Hardware-Beschleunigung",
    "HardwareAccelerationWarning": "Das Aktivieren der Hardware-Beschleunigung kann auf einigen Systemen zu Instabilit\u00e4t f\u00fchren. Stelle sicher, dass dein Betriebssystem sowie die Grafikkarten-Treiber auf dem neuesten Stand sind. Sollten Probleme mit der Wiedergabe von Videos auftreten, ist diese Einstellung auf \"Auto\" zur\u00fcckzusetzen.",
    "ValueExample": "Beispiel: {0}",
    "LabelFileOrUrl": "Datei oder URL:",
    "OptionEnableForAllTuners": "Aktiviere f\u00fcr alle Tuner",
    "HeaderTuners": "Tuner",
    "LabelOptionalM3uUrl": "M3U-URL (optional):",
    "LabelOptionalM3uUrlHelp": "Einige Ger\u00e4te unterst\u00fctzen eine M3U-Kanalanzeige.",
    "TabResumeSettings": "Fortsetzen-Einstellungen",
    "DrmChannelsNotImported": "Verschl\u00fcsselte Kan\u00e4le werden nicht importiert.",
    "LabelAllowHWTranscoding": "Erlaube Hardware-Transkodierung",
    "AllowHWTranscodingHelp": "Wenn aktiviert, erlaube dem Tuner die Transkodierung des Streams in Echtzeit. Dies kann helfen, die Transkodierungen des Emby Servers zu verringern.",
    "MetadataSettingChangeHelp": "Ver\u00e4ndern von Metadaten-Einstellungen hat nur Einfluss auf neu hinzugef\u00fcgte Inhalte. F\u00fcr eine Aktualisierung bereits vorhandener Inhalte, die Detailansicht \u00f6ffnen und die 'Aktualisieren'-Schaltfl\u00e4che anklicken. Mehrfachaktualisierungen lassen sich im Metadaten-Manager vornehmen.",
    "RecordingPathChangeMessage": "Bereits vorhandene Aufnahmen werden nach \u00c4ndern des Aufnahmeverzeichnisses nicht automatisch verschoben. Sofern gew\u00fcnscht, ist dies selbst vorzunehmen.",
    "LabelSportsCategories": "Sportkategorien:",
    "XmlTvSportsCategoriesHelp": "Programme mit diesen Kategorien werden als Sportprogramme angezeigt. Separiere mehrere mit '|'.",
    "LabelNewsCategories": "Nachrichtenkategorien:",
    "XmlTvNewsCategoriesHelp": "Programme mit diesen Kategorien werden als Nachrichtenprogramme angezeigt. Separiere mehrere mit '|'.",
    "LabelKidsCategories": "Kinderkategorien:",
    "XmlTvKidsCategoriesHelp": "Programme mit diesen Kategorien werden als Kinderprogramme angezeigt. Separiere mehrere mit '|'.",
    "LabelMovieCategories": "Filmkategorien:",
    "XmlTvMovieCategoriesHelp": "Programme mit diesen Kategorien werden als Filme angezeigt. Separiere mehrere mit '|'.",
    "XmlTvPathHelp": "Ein Pfad zu einer xml-tv-Datei. Emby wird diese Datei periodisch lesen und auf Aktualisierungen pr\u00fcfen. Du bist f\u00fcr das Erstellen und Aktualisieren verantwortlich.",
    "LabelBindToLocalNetworkAddress": "Binde an lokale Netzwerkadresse:",
    "LabelBindToLocalNetworkAddressHelp": "Optional. \u00dcberschreibt die lokale IP-Adresse, die der Server Emby-Apps zeigt. Wenn leer, wird der Server die lokale Netzwerkadresse ermitteln.",
    "TitleHostingSettings": "Hosting-Einstellungen",
    "SettingsWarning": "Das Ver\u00e4ndern dieser Werte kann Instabilit\u00e4t oder Verbindungsprobleme hervorrufen. Falls Probleme auftreten, empfehlen wir, diese Einstellungen auf die Standardwerte zur\u00fcckzustellen.",
    "MapChannels": "Kan\u00e4le zuweisen",
    "OptionSaveMetadataAsHiddenHelp": "Diese Einstellung wirkt sich auf neu gespeicherte Metadaten aus. Bereits vorhandene Metadaten werden aktualisiert, sobald sie der Emby Server wieder sichert.",
    "EnablePhotos": "Aktiviere Fotos",
    "EnablePhotosHelp": "Fotos werden erkannt und neben anderen Mediendateien angezeigt.",
    "LabelMaxAudioFileBitrate": "Max. Audiodatei-Bitrate:",
    "LabelMaxAudioFileBitrateHelp": "Audiodateien mit einer h\u00f6heren Bitrate werden durch den Emby Server konvertiert. W\u00e4hle f\u00fcr eine bessere Qualit\u00e4t einen h\u00f6heren Wert aus; um lokalen Speicherplatz zu sparen einen niedrigeren.",
    "SaveThumbnailImagesIntoMediaFolders": "Speichere Vorschaubilder in den Medienverzeichnissen",
    "OptionExtractThumbnailImage": "Aktiviere Erzeugung von Vorschaubildern",
    "LabelEnableDebugLogging": "Aktiviere Debug-Logging",
    "OptionEnableExternalContentInSuggestions": "Aktiviere externe Inhalte in Empfehlungen",
    "OptionEnableExternalContentInSuggestionsHelp": "Erlaube Internet-Trailer und Live-TV-Sendungen in Empfehlungen.",
    "LabelH264EncodingPreset": "H264-Enkodiervoreinstellung:",
    "H264EncodingPresetHelp": "W\u00e4hle einen h\u00f6heren Wert, um die Leistung zu verbessern oder einen niedrigeren Wert, um die Qualit\u00e4t zu verbessern.",
    "LabelH264Crf": "H264 encoding CRF:",
    "H264CrfHelp": "Der Constant Rate Factor (CRF) bezeichnet die Standardeinstellung f\u00fcr Qualit\u00e4t des x264-Encoders. W\u00e4hle einen Wert zwischen '0' und '51'. Ein niedriger Wert resultiert in besserer Qualit\u00e4t, auf Kosten einer gr\u00f6\u00dferen Datei. G\u00e4ngige Werte liegen zwischen '18' und '28'. Der Standard f\u00fcr x264 ist '23' und wird als Startpunkt empfohlen.",
    "LabelOptionalNetworkPath": "(Optional) Gemeinsamer Netzwerkordner",
    "LabelOptionalNetworkPathHelp": "Wenn dieser Ordner in deinem Netzwerk geteilt wird, kann die Weitergabe des Netzwerkpfades Emby Apps auf anderen Ger\u00e4ten direkten Zugang zu den Mediendateien erm\u00f6glichen.",
    "SynologyUpdateInstructions": "Bitte logge dich in DSM ein und gehe in das Paketzentrum um ein Update durchzuf\u00fchren.",
    "LabelMoviePrefix": "Filmpr\u00e4fix:",
    "LabelMoviePrefixHelp": "Wenn ein Pr\u00e4fix in Filmtiteln angewendet wird, gib es hier ein, damit Emby damit korrekt umgehen kann.",
    "HeaderRecordingPostProcessing": "Aufnahme-Nachbearbeitung",
    "LabelPostProcessorArguments": "Kommandozeilen-Argumente f\u00fcr Nachbearbeitung:",
    "LabelPostProcessorArgumentsHelp": "Verwende {path} als das Verzeichnis f\u00fcr Aufnahmen.",
    "LabelPostProcessor": "Nachbearbeitungsanwendung:",
    "ErrorAddingXmlTvFile": "Fehler beim Zugriff auf die XmlTV-Datei. Stelle bitte sicher, dass die Datei existiert und versuche es nochmal.",
    "OptionAutomaticallyGroupSeries": "F\u00fchre \u00fcber verschiedene Verzeichnisse gestreute Serieninhalte automatisch zusammen",
    "OptionAutomaticallyGroupSeriesHelp": "Wenn aktiviert, werden Inhalte einer Serie, die innerhalb einer Bibliothek in verschiedenen Verzeichnissen liegen, als eine einzige Serie angezeigt.",
    "WhenDidYouPurchaseApp": "Wann hast du die App urspr\u00fcnglich erworben?",
    "PreferEmbeddedTitlesOverFileNames": "Bevorzuge eingebettete Titel gegen\u00fcber Dateinamen",
    "PreferEmbeddedTitlesOverFileNamesHelp": "Dies bestimmt den als Standard angezeigten Titel, wenn keine lokalen oder Internet-Metadaten verf\u00fcgbar sind.",
    "HeaderLiveTvTunerSetup": "TV-Tuner einrichten",
    "HeaderTVSourceSetup": "TV-Quellen einrichten",
    "HeaderDetectMyDevices": "Nach Ger\u00e4ten suchen",
    "MessagePleaseWait": "Bitte warten. Dies kann eine Minute dauern.",
    "DetectingDevices": "Suche Ger\u00e4te",
    "LabelAutomaticallyRefreshInternetMetadataEvery": "Aktualisiere Metadaten automatisch aus dem Internet:",
    "Never": "Niemals",
    "EveryNDays": "Alle {0} Tage",
    "HeaderNewDevices": "Neue Ger\u00e4te",
    "LabelCertificatePassword": "Zertifikatspasswort:",
    "LabelCertificatePasswordHelp": "Wenn Dein Zertifikat ein Passwort ben\u00f6tigt, gib es hier ein.",
    "LabelEnableHardwareDecodingFor": "Aktiviere Hardware-Decoding f\u00fcr:",
    "EnableHardwareEncoding": "Aktiviere Hardware-Encoding",
    "Rate": "Bewerte",
    "HeaderNewLibrary": "Neue Bibliothek",
    "HttpsRequiresCert": "Um sichere Verbindungen zu aktivieren, ben\u00f6tigst du ein vertrauensw\u00fcrdiges SSL-Zertifikat, wie etwa von Let's Encrypt. Stelle bitte ein Zertifikat bereit oder deaktiviere sichere Verbindungen.",
    "ServerRestartNeededAfterPluginInstall": "Der Emby-Server muss nach der Installation eines Plugins neu gestartet werden.",
    "PluginInstalledMessage": "Das Plugin wurde erfolgreich installiert. Der Emby-Server muss neu gestartet werden, um die \u00c4nderungen zu \u00fcbernehmen.",
    "Themes": "Themen",
    "MessagePremiereStatusGood": "Du hast ein {0} Emby-Premiere-Abo und deine Ger\u00e4tenutzung befindet sich innerhalb deines Limits.",
    "MessagePremiereStatusClose": "Du hast ein {0} Emby-Premiere-Abo, aber deine Ger\u00e4tenutzung n\u00e4hert sich dem Limit.",
    "MessagePremiereExtendedPlans": "Ziehe ein {0}erweitertes Ger\u00e4te-Abo in Erw\u00e4gung{1}",
    "MessagePremiereStatusOver": "Du hast ein {0} Emby-Premiere-Abo, aber deine Ger\u00e4tenutzung ist \u00fcber dem Limit!",
    "ListItemPremiereSub": "{0} Abonnement, bestellt via {2}, l\u00e4uft ab {1}",
    "LabelClickToCancel": "Klicke, um dieses Abonnement zu k\u00fcndigen",
    "LabelCancelInfo": "Du kannst dieses Abonnement direkt mit {0} verwalten",
    "LabelAlreadyCanceled": "Dieses Abonnement wurde gek\u00fcndigt. Der Schl\u00fcssel bleibt bis zum Ablaufdatum g\u00fcltig.",
    "HeaderCancelSub": "K\u00fcndige Emby Premiere",
    "MessageConfirmSubCancel": "NEIN, bitte gehe nicht... Du wirst all die gro\u00dfartigen Features von Emby Premiere vermissen!",
    "ButtonCancelSub": "Ich wei\u00df, trotzdem k\u00fcndigen",
    "ButtonDontCancelSub": "Emby Premiere behalten",
    "MessageSubCancelReqSent": "Eine E-Mail wurde an den Schl\u00fcsselbesitzer gesendet. Bitte folge den Anweisungen in dieser E-Mail, um die K\u00fcndigung des Abonnements zu vervollst\u00e4ndigen. Wir hoffen dich bald wieder begr\u00fc\u00dfen zu d\u00fcrfen!",
    "MessageSubCancelError": "Etwas ging schief bei der K\u00fcndigung. Bitte sende eine E-Mail an {0} und wir werden dein Problem l\u00f6sen.",
    "LabelAlreadyCancelled": "Das Abonnement wurde gek\u00fcndigt. Du wirst keine Zahlungen mehr leisten aber die Features werden bis zum obigen Datum funktionieren.",
    "AllowOnTheFlySubtitleExtraction": "Erlaube Untertitelextraktion in Echtzeit",
    "AllowOnTheFlySubtitleExtractionHelp": "Um Transkodieren zu vermeiden, lassen sich eingebettete Untertitel aus Videos extrahieren und als einfacher Text an Emby senden. Auf manchen Systemen dauert dies sehr lange und die Videowiedergabe k\u00f6nnte w\u00e4hrend der Extraktion stocken. Deaktivieren der Option brennt eingebettete Untertitel w\u00e4hrend des Videotranskodierens ein, sofern sie nicht nativ vom Abspielger\u00e4t unterst\u00fctzt werden.",
    "ButtonStopRecording": "Aufnahme stoppen",
    "EnableDebugLoggingHelp": "Debug-Logging sollte nur zur Fehlersuche aktiviert werden. Die erh\u00f6hte Zahl von Zugriffen auf das Dateisystem deines Systems kann es unter Umst\u00e4nden daran hindern, in den Standby-Modus zu gehen.",
    "LabelSimultaneousConnectionLimit": "Limit gleichzeitiger Streams:",
    "SimultaneousConnectionLimitHelp": "Die maximale Anzahl der gleichzeitig erlaubten Streams. '0' f\u00fcr kein Limit.",
    "LaunchWebAppOnStartup": "Starte die Emby-Web-App im Browser, sobald Emby Server startet",
    "LaunchWebAppOnStartupHelp": "Diese Funktion \u00f6ffnet die Emby-Web-App im Standard-Browser, wenn der Emby Server gestartet wird. Tritt nicht auf, wenn der Server nur neu gestartet wird.",
    "LabelReferrerHeader": "Referrer http header:",
    "LabelUserAgentHeader": "User agent http header:",
    "SupplyCustomValueIfNeeded": "Stelle einen benutzerdefinierten http-header-Wert zur Verf\u00fcgung, falls n\u00f6tig.",
    "HeaderConfigureRemoteAccess": "Konfiguriere Remote-Zugriff",
    "LearnHowToCreateSynologyShares": "Erfahre, wie man Verzeichnisse mit Synology teilt.",
    "LabelAllowedRemoteAddresses": "Remote-IP-Adressen-Filter:",
    "LabelAllowedRemoteAddressesMode": "Remote-IP-Adressen-Filtermodus:",
    "Whitelist": "Whitelist",
    "Blacklist": "Blacklist",
    "AllowedRemoteAddressesHelp": "Kommaseparierte Liste mit IP-Adressen oder IP-Maskeneintr\u00e4gen f\u00fcr Netzwerke, f\u00fcr die Remote-Verbindungen erlaubt sind. Wenn leer, sind alle Adressen erlaubt.",
    "LabelLanNetworks": "Lokale Netzwerke:",
    "LanNetworksHelp": "Kommaseparierte Liste mit IP-Adressen oder IP-\/Netzmaskeneintr\u00e4gen, die als lokale Netzwerke zu betrachten sind, wenn es um das Durchsetzen von Bandbreitenbegrenzungen geht. Bef\u00fcllt, werden alle anderen IP-Adressen als zu externen Netzwerken geh\u00f6rig behandelt und unterliegen Bandbreitenbegrenzungen f\u00fcr externe Verbindungen. Leergelassen, werden nur das Subnetz des Servers und \u00fcbliche private IP-Subnetze (bspw. 10.0.0.0\/8, 192.168.0.0\/24, usw.) als dem lokalen Netzwerk zugeh\u00f6rig betrachtet.",
    "LabelSecureConnectionsMode": "Sicherer Verbindungsmodus:",
    "PreferredNotRequired": "Bevorzugt, aber nicht ben\u00f6tigt.",
    "RequiredForAllRemoteConnections": "Ben\u00f6tigt f\u00fcr alle Remote-Verbindungen",
    "HandledByProxy": "Verwaltet vom Reverse Proxy",
    "SaveSubtitlesIntoMediaFolders": "Speichere Untertitel in den Medienverzeichnissen",
    "SaveSubtitlesIntoMediaFoldersHelp": "Das Speichern der Untertitel bei den Video-Dateien vereinfacht ihre Verwaltung deutlich.",
    "AutomaticSubtitleDownloadInstructions": "Um den automatischen Untertitel-Download zu verwalten, klicke auf eine Bibliothek in den Emby-Bibliothekseinstellungen und bearbeite dort die Untertitel-Download-Einstellungen.",
    "OpenSubtitleInstructions": "Du musst Open-Subtitles-Kontoinformationen auf der Open-Subtitles-Einstellungsseite im Emby Server Dashboard eingeben.",
    "LabelEnableHardwareAcceleration": "Falls verf\u00fcgbar Hardware-Beschleunigung aktivieren:",
    "HeaderPreferredHardwareDecoders": "Bevorzugte Hardware-Decoder",
    "HeaderPreferredHardwareEncoders": "Bevorzugte Hardware-Encoder",
    "AllowChangingImageAndPassword": "Erlaube dem Benutzer, sein Passwort und Profilbild zu \u00e4ndern",
    "LabelTranscodeBuffer": "Transcode-Puffer:",
    "LabelTranscodePosition": "Transcode-Position:",
    "LabelPlaybackPosition": "Wiedergabeposition:",
    "LabelSimultaneousStreamLimit": "Max. gleichzeitige Videostreams:",
    "SimultaneousStreamLimitHelp": "Begrenze die Anzahl gleichzeitiger Wiedergaben."
}