{
    "LabelLocalIpAddress": "Local IP address:",
    "LabelPrevious": "Edellinen",
    "LabelFinish": "Valmis",
    "LabelNext": "Seuraava",
    "LabelYoureDone": "Olet valmis!",
    "ThisWizardWillGuideYou": "T\u00e4m\u00e4 ty\u00f6kalu auttaa sinua asennusprosessin aikana. Aloittaaksesi valitse kieli.",
    "HeaderCreateYourFirstUser": "Luo ensimm\u00e4inen k\u00e4ytt\u00e4j\u00e4",
    "ButtonQuickStartGuide": "Pikaopas",
    "MoreUsersCanBeAddedLater": "K\u00e4ytt\u00e4ji\u00e4 voi lis\u00e4t\u00e4 my\u00f6hemmin hallintapaneelin kautta.",
    "UserProfilesIntro": "Emby sis\u00e4lt\u00e4\u00e4 sis\u00e4\u00e4nrakennetun tuen k\u00e4ytt\u00e4j\u00e4profiileille, jolloin jokaisella k\u00e4ytt\u00e4j\u00e4ll\u00e4 on omat n\u00e4ytt\u00f6asetukset, toistotila ja vanhempien valvonta.",
    "WizardCompleted": "T\u00e4ss\u00e4 kaikki mit\u00e4 tarvitsemme nyt. Emby on alkanut ker\u00e4t\u00e4 tietoja mediakirjastostasi. Tutustu joihinkin sovelluksiimme ja napsauta <b> Valmis <\/b> n\u00e4hd\u00e4ksesi <b> Palvelun hallintapaneeli <\/b>.",
    "HeaderTermsOfService": "Embyn k\u00e4ytt\u00f6ehdot",
    "MessagePleaseAcceptTermsOfService": "Hyv\u00e4ksy k\u00e4ytt\u00f6ehdot ja tietosuojaseloste ennen kuin jatkat.",
    "OptionIAcceptTermsOfService": "Hyv\u00e4ksyn k\u00e4ytt\u00f6ehdot",
    "HeaderGuideDataSetup": "Oppaan asetukset",
    "LabelGuideSource": "Oppaan l\u00e4hde:",
    "SeeOurHwaGuide": "Katso {0} laitteistokiihdytyksen asennusopas {1}.",
    "HeaderEmbyServerReleaseNotes": "Emby-palvelimen julkaisutiedot",
    "AllowSubtitleDownloading": "Salli tekstityksen lataaminen",
    "AllowSubtitleManagement": "Salli olemassa olevien tekstitystiedostojen poistaminen",
    "NewUserNameHelp": "N\u00e4in k\u00e4ytt\u00e4j\u00e4 n\u00e4kyy palvelimellasi.",
    "ChapterMarkers": "Kappalemerkki",
    "LabelThumbnailImagesInterval": "Esikatselukuvien v\u00e4lit:",
    "ThumbnailImagesIntervalHelp": "Lukuisat esikatselukuvat johtavat parempaan kokemukseen, mutta vaativat enemm\u00e4n levytilaa ja aikaa kuvien luomiseen.",
    "LabelAuthProvider": "Todennuksen tarjoaja:",
    "AuthProviderHelp": "J\u00e4rjestelm\u00e4nvalvojat k\u00e4ytt\u00e4v\u00e4t aina Embyn oletus toimittajaa suojaamaan lukituksen avaamista.",
    "HeaderNewUser": "Uusi k\u00e4ytt\u00e4j\u00e4",
    "HeaderNewApiKey": "Uusi API-avain",
    "EditServerDisplayName": "Muuta palvelimen n\u00e4ytt\u00f6nime\u00e4",
    "LabelPinCode": "PIN-koodi:",
    "ShowAdvancedSettings": "N\u00e4yt\u00e4 lis\u00e4asetukset",
    "ChangingMetadataImageSettingsNewContent": "Metatietojen tai kuvien latausasetusten muutokset koskevat vain kirjastoon lis\u00e4tty\u00e4 uutta sis\u00e4lt\u00f6\u00e4. Jos haluat soveltaa muutoksia olemassa oleviin nimikkeisiin, sinun on p\u00e4ivitett\u00e4v\u00e4 metatiedot manuaalisesti.",
    "AllowRemoteAccess": "Salli et\u00e4yhteydet t\u00e4h\u00e4n Emby-palvelimeen.",
    "AllowRemoteAccessHelp": "Jos ei valittu, kaikki et\u00e4yhteydet estet\u00e4\u00e4n.",
    "Alerts": "H\u00e4lytykset",
    "LabelTrackTitleDisplay": "Upotettu kappaleen nimin\u00e4ytt\u00f6:",
    "GenerateUserFriendlyTrackTitles": "Luo k\u00e4ytt\u00e4j\u00e4yst\u00e4v\u00e4llisi\u00e4 otsikoita kappaleiden tietojen avulla",
    "PreferOriginalTrackTitles": "Suosi upotettuja otsikoita",
    "TrackTitleDisplayHelp": "Valitse upotettujen \u00e4\u00e4ni- ja tekstitysraitojen n\u00e4yt\u00f6n otsikko. Upotettuja tietoja ei suositella, ellet s\u00e4\u00e4d\u00e4 upotettujen kappaleiden tietoja manuaalisesti.",
    "EnableTranscodingThrottle": "Salli dynaaminen nopeuden muunnos",
    "EnableTranscodingThrottleHelp": "Emby s\u00e4\u00e4t\u00e4\u00e4 dynaamisesti transkoodausnopeutta v\u00e4hent\u00e4\u00e4kseen prosessorin k\u00e4ytt\u00f6astetta.",
    "LabelTypeMetadataDownloaders": "{0} metatietojen lataajat:",
    "HeaderTypeImageFetchers": "Kuval\u00e4hteet {0}",
    "HeaderImageOptions": "Kuvan asetukset",
    "OptionBeta": "Beta",
    "HeaderTaskTriggers": "Teht\u00e4vien liipaisimet",
    "HeaderPaths": "Polut",
    "CategorySync": "Synkronoi",
    "RegisterWithPayPal": "Rekister\u00f6idy PayPalin kautta",
    "LabelSyncTempPath": "V\u00e4liaikainen tiedostopolku:",
    "LabelSyncTempPathHelp": "M\u00e4\u00e4rit\u00e4 mukautettu synkronointity\u00f6kansio. Synkronointiprosessin aikana luotu muunnettu media tallennetaan t\u00e4h\u00e4n.",
    "LabelCustomCertificatePath": "Mukautetun ssl-sertifikaatin polku:",
    "LabelCustomCertificatePathHelp": "Polku PKCS # 12-tiedostoon, joka sis\u00e4lt\u00e4\u00e4 varmenteet ja yksityisen avaimen, jotta TLS-tuki voidaan sallia henkil\u00f6kohtaiselle verkkotunnukselle.",
    "HeaderSetupLibrary": "Aseta mediakirjastosi",
    "LabelTimeLimitHours": "Aikarajoitus (tuntia):",
    "HeaderPreferredMetadataLanguage": "Suositeltu kieli metatiedoille",
    "LabelSaveLocalMetadata": "Tallenna kuvamateriaali mediakansioihin",
    "LabelSaveLocalMetadataHelp": "Kuvamateriaalin tallentaminen mediakansioihin, jossa niit\u00e4 on helppo muokata.",
    "TabPassword": "Salasana",
    "TabLibraryAccess": "P\u00e4\u00e4sy kirjastoon",
    "TabAccess": "P\u00e4\u00e4sy",
    "TabImage": "Kuva",
    "TabProfile": "Profiili",
    "TabMetadata": "Metatieto",
    "TabImages": "Kuvat",
    "HeaderDeviceAccess": "Laitteen k\u00e4ytt\u00f6oikeus",
    "OptionEnableAccessFromAllDevices": "Salli p\u00e4\u00e4sy kaikilla latteilla",
    "OptionEnableAccessToAllChannels": "Salli p\u00e4\u00e4sy kaikkiin kanaviin",
    "OptionEnableAccessToAllLibraries": "Salli p\u00e4\u00e4sy kaikkiin kirjastoihin",
    "DeviceAccessHelp": "T\u00e4m\u00e4 koskee vain laitteita, jotka voidaan yksil\u00f6llisesti tunnistaa ja jotka eiv\u00e4t est\u00e4 p\u00e4\u00e4sy\u00e4 selaimen kautta. Uudet laitteet, joilla k\u00e4ytt\u00e4j\u00e4 yritt\u00e4\u00e4 kirjautua sis\u00e4\u00e4n, ev\u00e4t\u00e4\u00e4n oletusarvoisesti, ja ne n\u00e4kyv\u00e4t luettelossa mahdollisen p\u00e4\u00e4syn aktivoimiseksi.",
    "LabelDisplayMissingEpisodesWithinSeasons": "N\u00e4yt\u00e4 puuttuvat jaksot tuotantokausissa",
    "LabelDisplayMissingEpisodesWithinSeasonsHelp": "T\u00e4m\u00e4 on my\u00f6s sallittava TV-kirjastoille Emby palvelilla.",
    "LabelUnairedMissingEpisodesWithinSeasons": "N\u00e4yt\u00e4 julkaisemattomat jaksot tuotantokausissa",
    "ImportMissingEpisodesHelp": "Jos t\u00e4m\u00e4 on k\u00e4yt\u00f6ss\u00e4, tietoja puuttuvista jaksoista tuodaan Emby-tietokantaan ja n\u00e4ytet\u00e4\u00e4n tuotantokausissa ja sarjoissa. T\u00e4m\u00e4 voi aiheuttaa, ett\u00e4 kirjaston skannaukset kest\u00e4v\u00e4t huomattavasti pidemp\u00e4\u00e4n.",
    "MessageEnablingOptionLongerScans": "T\u00e4m\u00e4n vaihtoehdon k\u00e4ytt\u00f6\u00f6nottaminen voi johtaa huomattavasti pidempiin kirjastojen skannauksiin.",
    "TabSecurity": "Suojaus",
    "ButtonSave": "Tallenna",
    "LabelUrl": "Url:",
    "HeaderCreatePassword": "Luo salasana:",
    "LabelMaxParentalRating": "Suurin sallittu ik\u00e4raja:",
    "MaxParentalRatingHelp": "Suuremman luokituksen sis\u00e4lt\u00f6 piilotetaan k\u00e4ytt\u00e4j\u00e4lt\u00e4.",
    "LibraryAccessHelp": "Valitse mediatiedostot, jotka haluat jakaa t\u00e4m\u00e4n k\u00e4ytt\u00e4j\u00e4n kanssa. J\u00e4rjestelm\u00e4nvalvojat voivat muokata kaikkia kansioita metatietojen hallinnan avulla.",
    "ChannelAccessHelp": "Valitse kanavat, jotka haluat jakaa t\u00e4m\u00e4n k\u00e4ytt\u00e4j\u00e4n kanssa. J\u00e4rjestelm\u00e4nvalvojat voivat muokata kaikkia kanavia metatietojen hallinnan avulla.",
    "ButtonDeleteImage": "Poista kuva",
    "LabelSelectUsers": "Valitse k\u00e4ytt\u00e4j\u00e4t:",
    "HeaderUploadNewImage": "Lataa uusi kuva",
    "ImageUploadAspectRatioHelp": "Suositeltava kuvasuhde 1:1. Vain JPG tai PNG.",
    "MessagePleaseEnsureInternetMetadata": "Varmista, ett\u00e4 metatietojen lataaminen Internetist\u00e4 on k\u00e4yt\u00f6ss\u00e4.",
    "AlreadyPaidHelp1": "Jos olet jo maksanut Media Browserin vanhemman version asentamisen Androidille, sinun ei tarvitse maksaa uudelleen t\u00e4m\u00e4n sovelluksen aktivoimiseksi. Napsauta OK l\u00e4hett\u00e4\u00e4ksesi meille s\u00e4hk\u00f6postiviestin osoitteessa {0} ja aktivoimme sovelluksen.",
    "AlreadyPaidHelp2": "Onko sinulla jo Emby Premiere? Peruuta t\u00e4m\u00e4 valintaikkuna ja aseta Emby Premiere Emby-palvelimen ohjauspaneelissa kohdan Ohje alta -> Emby Premiere, jolloin lukituksen avaaminen tapahtuu automaattisesti.",
    "TabSuggestions": "Ehdotukset",
    "TabLatest": "Uusin",
    "TabUpcoming": "Tuleva",
    "TabShows": "Ohjelmat",
    "TabEpisodes": "Episodit",
    "TabGenres": "Tyylilajit",
    "TabNetworks": "Verkot",
    "HeaderUsers": "K\u00e4ytt\u00e4j\u00e4t",
    "TabMyPlugins": "Laajennukseni",
    "TabCatalog": "Luettelo",
    "TitlePlugins": "Laajennukset",
    "HeaderAutomaticUpdates": "Automaattiset p\u00e4ivitykset",
    "HeaderLatestAlbums": "Uusimmat albumit",
    "HeaderLatestSongs": "Uusimmat kappaleet",
    "LabelVideoType": "Videotyyppi:",
    "OptionBluray": "Blu-ray",
    "OptionDvd": "DVD",
    "OptionIso": "ISO",
    "Option3D": "3D",
    "Standard": "Vakio",
    "LabelLastResult": "Uusimmat tulokset:",
    "OptionHasSpecialFeatures": "Extrat",
    "OptionImdbRating": "IMDb-arvosana",
    "OptionParentalRating": "Ik\u00e4raja",
    "OptionPremiereDate": "Premiere Date",
    "TabBasic": "Perus",
    "TabAdvanced": "Edistynyt",
    "TabGeneral": "Yleinen",
    "TitleSupport": "Tuki",
    "TabAbout": "Tietoa",
    "TabSupporterKey": "Emby Premiere-avain",
    "TabBecomeSupporter": "Hanki Emby Premiere",
    "TabEmbyPremiere": "Emby Premiere",
    "OptionHideUserLocal": "\u00c4l\u00e4 n\u00e4yt\u00e4 t\u00e4t\u00e4 k\u00e4ytt\u00e4j\u00e4\u00e4 kirjautumissivuilla paikallisessa verkossa",
    "OptionHideUserRemote": "\u00c4l\u00e4 n\u00e4yt\u00e4 t\u00e4t\u00e4 k\u00e4ytt\u00e4j\u00e4\u00e4 kirjautumissivuilla, kun ne on kytketty et\u00e4n\u00e4",
    "OptionHideUserFromLoginHelp": "Hy\u00f6dyllinen yksityisille tai piilotetuille p\u00e4\u00e4k\u00e4ytt\u00e4j\u00e4tileille. K\u00e4ytt\u00e4j\u00e4n on kirjauduttava sis\u00e4\u00e4n manuaalisesti antamalla k\u00e4ytt\u00e4j\u00e4tunnus ja salasana.",
    "OptionDisableUser": "Est\u00e4 t\u00e4m\u00e4 k\u00e4ytt\u00e4j\u00e4",
    "OptionDisableUserHelp": "Palvelin ei salli t\u00e4m\u00e4n k\u00e4ytt\u00e4j\u00e4n yhteyksi\u00e4. Aktiiviset yhteydet keskeytyv\u00e4t v\u00e4litt\u00f6m\u00e4sti.",
    "ButtonHelp": "Apua",
    "OptionAllowUserToManageServer": "Salli t\u00e4m\u00e4n k\u00e4ytt\u00e4j\u00e4n hallita palvelinta",
    "HeaderFeatureAccess": "Ominaisuuksien k\u00e4ytt\u00f6",
    "OptionAllowMediaPlayback": "Salli median toisto",
    "OptionAllowBrowsingLiveTv": "Salli Live-TV k\u00e4ytt\u00f6oikeus",
    "AllLibraries": "Kaikki kirjastot",
    "HeaderAllowMediaDeletionFrom": "Salli median poistaminen seuraavista",
    "AllowDeletionFromAll": "Salli median poisto kaikista kirjastoista",
    "OptionAllowManageLiveTv": "Salli live-TV tallenteiden hallinta",
    "OptionAllowRemoteControlOthers": "Salli kauko-ohjaus muille k\u00e4ytt\u00e4jille",
    "OptionAllowRemoteSharedDevices": "Salli jaettujen laitteiden kauko-ohjaus",
    "OptionAllowRemoteSharedDevicesHelp": "DLNA: n tukemia laitteita pidet\u00e4\u00e4n jaettuina, kunnes k\u00e4ytt\u00e4j\u00e4 alkaa hallita niit\u00e4.",
    "OptionAllowLinkSharing": "Salli jakaminen sosiaaliseen mediaan",
    "OptionAllowLinkSharingHelp": "Vain mediatietoja sis\u00e4lt\u00e4v\u00e4t web-sivut jaetaan. Mediatiedostoja ei koskaan jaeta julkisesti. Jaot ovat m\u00e4\u00e4r\u00e4aikaisia ja p\u00e4\u00e4ttyv\u00e4t {0} p\u00e4iv\u00e4n kuluttua.",
    "OptionMissingTmdbId": "TMDb-tunnus puuttuu",
    "OptionIsHD": "HD",
    "OptionIsSD": "SD",
    "ButtonSelect": "Valitse",
    "HeaderCredits": "Lopputekstit",
    "PleaseSupportOtherProduces": "Ole hyv\u00e4 ja tuki muita ilmaisia tuotteita, joita k\u00e4yt\u00e4mme:",
    "VersionNumber": "Versio {0}",
    "TabPaths": "Polut",
    "TabServer": "Palvelin",
    "OptionRelease": "Virallinen Julkaisu",
    "LabelAllowServerAutoRestart": "Salli palvelimen k\u00e4ynnistyminen automaattisesti p\u00e4ivitysten j\u00e4lkeen",
    "LabelAllowServerAutoRestartHelp": "Uudelleenk\u00e4ynnistys tapahtuu vain silloin, kun palvelin on k\u00e4ytt\u00e4m\u00e4tt\u00f6m\u00e4n\u00e4 eik\u00e4 sill\u00e4 ole aktiivisia k\u00e4ytt\u00e4ji\u00e4.",
    "LabelRunServerAtStartup": "K\u00e4ynnist\u00e4 palvelin k\u00e4ynnistyksen yhteydess\u00e4",
    "LabelRunServerAtStartupHelp": "T\u00e4m\u00e4 k\u00e4ynnist\u00e4\u00e4 Embyn j\u00e4rjestelm\u00e4n kuvakkeenWindowsin k\u00e4ynnistyess\u00e4. Jos olet asettanut Embyn palveluksi Windowsissa,j\u00e4t\u00e4 t\u00e4m\u00e4 valitsematta ja m\u00e4\u00e4rit\u00e4 palvelu suoritettavaksi k\u00e4ynnistyksen yhteydess\u00e4.",
    "ButtonSelectDirectory": "Valitse hakemisto",
    "LabelCachePath": "V\u00e4limuistin sijainti:",
    "DefaultMetadataLangaugeDescription": "N\u00e4m\u00e4 ovat oletusasetuksesi. Niit\u00e4 voidaan s\u00e4\u00e4t\u00e4\u00e4 erikseen kullekin yksitt\u00e4iselle kirjastolle.",
    "LabelCachePathHelp": "M\u00e4\u00e4rit\u00e4 palvelimen v\u00e4limuistitiedostojen, kuten kuvien, mukautettu sijainti. J\u00e4t\u00e4  tyhj\u00e4ksi k\u00e4ytt\u00e4\u00e4ksesi palvelimen oletusarvoa.",
    "LabelRecordingPath": "Oletussijainti tallenteille:",
    "LabelMovieRecordingPath": "Elokuvien tallennuspolku (valinnainen):",
    "LabelSeriesRecordingPath": "Sarjojen tallennuspolku (valinnainen):",
    "LabelRecordingPathHelp": "M\u00e4\u00e4rit\u00e4 oletussijainti tallenteille. Jos sijaintia ei valittu, k\u00e4ytet\u00e4\u00e4n palvelimen datakansiota.",
    "LabelMetadataPath": "Metadatan sijainti:",
    "LabelMetadataPathHelp": "M\u00e4\u00e4rit\u00e4 muokattu polku ladatuille grafiikoille ja metatiedoille. J\u00e4t\u00e4 tyhj\u00e4ksi, jos haluat k\u00e4ytt\u00e4\u00e4 palvelimen oletusta.",
    "LabelTranscodingTempPath": "Transkoodauksen v\u00e4liaikainen sijainti:",
    "LabelTranscodingTempPathHelp": "T\u00e4m\u00e4 kansio sis\u00e4lt\u00e4\u00e4 transkooderin k\u00e4ytt\u00e4m\u00e4t v\u00e4liaikaiset ty\u00f6tiedostot. M\u00e4\u00e4rit\u00e4 mukautettu polku tai j\u00e4t\u00e4 tyhj\u00e4ksi, jos haluat k\u00e4ytt\u00e4\u00e4 palvelimen datakansion oletusarvoa.",
    "TabBasics": "Perusteet",
    "TabTV": "TV",
    "TabGames": "Pelit",
    "TabMusic": "Musiikki",
    "TabOthers": "Muut",
    "OptionMovies": "Elokuvat",
    "OptionEpisodes": "Jaksot",
    "OptionOtherVideos": "Muut videot",
    "ExtractThumbnailImagesHelp": "Pikkukuvien luominen mahdollistaa Emby-sovellusten n\u00e4ytt\u00e4\u00e4 graafiikkaa valintavalikoissa. Prosessi voi olla hidas, prosessoria kuormittava ja saattaa vaatia useita gigatavuja tilaa. Se suoritetaan, kun videoita havaitaan, ja my\u00f6s y\u00f6ksi suunniteltut teht\u00e4v\u00e4t. Aikataulu on konfiguroitavissa ajoitetuissa teht\u00e4viss\u00e4. T\u00e4t\u00e4 teht\u00e4v\u00e4\u00e4 ei ole suositeltavaa suorittaa korkean kuormituksen aikana.",
    "TabGuide": "TV-opas",
    "TabChannels": "Kanavat",
    "TabCollections": "Kokoelmat",
    "HeaderChannels": "Kanavat",
    "TabRecordings": "Tallenteet",
    "TabSeries": "Sarjat",
    "TabFavorites": "Suosikit",
    "TabMyLibrary": "Oma kirjasto",
    "TabSettings": "Asetukset",
    "ButtonRefreshGuideData": "P\u00e4ivit\u00e4 TV-opas",
    "ButtonRefresh": "P\u00e4ivit\u00e4",
    "OptionPriority": "J\u00e4rjestys",
    "OptionRecordOnAllChannels": "Tallenna kaikki kanavat",
    "OptionRecordAnytime": "Tallenna milloin tahansa",
    "OptionRecordOnlyNewEpisodes": "Tallenna vain uudet jaksot",
    "HeaderDays": "P\u00e4iv\u00e4t",
    "ButtonEdit": "Muokkaa",
    "ButtonRecord": "Record",
    "ButtonDelete": "Poista",
    "ButtonRemove": "Poista",
    "OptionRecordSeries": "Tallenna sarjat",
    "HeaderDetails": "Yksityiskohdat",
    "TitleLiveTV": "Live TV",
    "LabelNumberOfGuideDays": "TV-opaan ladattavien p\u00e4ivien m\u00e4\u00e4r\u00e4:",
    "LabelNumberOfGuideDaysHelp": "Pidemm\u00e4n ajanjakson lataaminen mahdollistaa ajoittaa nauhoituksia ja katsella lis\u00e4tietoja, mutta lataaminen kest\u00e4\u00e4 my\u00f6s kauemmin. \"Auto\" valitsee kanavien m\u00e4\u00e4r\u00e4n perusteella.",
    "OptionAutomatic": "Auto",
    "HeaderServices": "Palvelut",
    "LabelCustomizeOptionsPerMediaType": "Muokkaa mediatyyppi\u00e4:",
    "OptionDownloadThumbImage": "Pikkukuva",
    "OptionDownloadMenuImage": "Valikko",
    "OptionDownloadLogoImage": "Logo",
    "OptionDownloadBoxImage": "Kirjekuori",
    "OptionDownloadDiscImage": "Levy",
    "OptionDownloadBannerImage": "Juliste",
    "OptionDownloadBackImage": "Takaosa",
    "OptionDownloadArtImage": "Grafiikka",
    "OptionDownloadPrimaryImage": "P\u00e4\u00e4kuva",
    "HeaderFetchImages": "Kuvien lataus:",
    "TabOther": "Muut",
    "LabelMaxBackdropsPerItem": "Kohteen taustojen maksimim\u00e4\u00e4r\u00e4:",
    "LabelMaxScreenshotsPerItem": "Kuvakaappausten enimm\u00e4ism\u00e4\u00e4r\u00e4 kohdetta kohden:",
    "LabelMinBackdropDownloadWidth": "Pienin taustan latauksen leveys:",
    "LabelMinScreenshotDownloadWidth": "Pienin taustakuvan latauksen leveys:",
    "ButtonAddScheduledTaskTrigger": "Lis\u00e4\u00e4 liipaisin:",
    "HeaderAddScheduledTaskTrigger": "Lis\u00e4\u00e4 liipaisin",
    "ButtonAdd": "Lis\u00e4\u00e4",
    "LabelTriggerType": "Liipaisintyyppi:",
    "OptionDaily": "P\u00e4ivitt\u00e4in",
    "OptionWeekly": "Viikoittain",
    "OptionOnInterval": "Tietyll\u00e4 aikav\u00e4lill\u00e4",
    "OptionOnAppStartup": "Sovelluksen k\u00e4ynnistyess\u00e4",
    "OptionAfterSystemEvent": "J\u00e4rjestelm\u00e4tapahtuman j\u00e4lkeen",
    "LabelDay": "P\u00e4ivitt\u00e4in:",
    "LabelTime": "Aika:",
    "LabelEvent": "Tapahtuma:",
    "OptionWakeFromSleep": "Her\u00e4\u00e4 energians\u00e4\u00e4st\u00f6tilasta",
    "LabelEveryXMinutes": "Joka:",
    "HeaderTvTuners": "Vastaanottimet",
    "TabFolders": "Kansiot",
    "LabelSpecialSeasonsDisplayName": "Erityisen kauden n\u00e4ytt\u00f6nimi:",
    "LabelEnableRealtimeMonitor": "Ota reaaliaikainen seuranta k\u00e4ytt\u00f6\u00f6n",
    "LabelEnableRealtimeMonitorHelp": "Tiedostojen muutokset k\u00e4sitell\u00e4\u00e4n v\u00e4litt\u00f6m\u00e4sti tuetuissa tiedostoj\u00e4rjestelmiss\u00e4.",
    "HeaderMediaFolders": "Mediakansiot",
    "HeaderThemeVideos": "Teemavideot",
    "HeaderThemeSongs": "Tunnusmusiikki",
    "HeaderSpecialFeatures": "Extrat",
    "HeaderAdditionalParts": "Lis\u00e4osat",
    "ButtonSplitVersionsApart": "Hallitse versioita erikseen",
    "ButtonPlayTrailer": "Traileri",
    "LabelMissing": "Puuttuva",
    "OptionSpecialEpisode": "Erityiset jaksot",
    "OptionMissingEpisode": "Puuttuvat jaksot",
    "OptionUnairedEpisode": "Jaksot, joita ei ole l\u00e4hetetty",
    "OptionEpisodeSortName": "Lajittele jakson nimen mukaan",
    "OptionTvdbRating": "Tvdb arvostelu",
    "HeaderAddTitles": "Lis\u00e4\u00e4 otsikot",
    "TabHome": "Koti",
    "HeaderLinks": "Linkit",
    "LinkCommunity": "Yhteis\u00f6",
    "LinkGithub": "Github",
    "LinkApi": "API",
    "LabelFriendlyServerName": "Haluttu palvelimen nimi:",
    "LabelFriendlyServerNameHelp": "T\u00e4t\u00e4 nime\u00e4 k\u00e4ytet\u00e4\u00e4n palvelimen tunnistamiseen. Jos tyhj\u00e4, k\u00e4ytet\u00e4\u00e4n tietokoneen nime\u00e4.",
    "LabelPreferredDisplayLanguage": "Suositeltu n\u00e4ytt\u00f6kieli:",
    "LabelPreferredDisplayLanguageHelp": "Embyn k\u00e4\u00e4nt\u00e4minen on k\u00e4ynniss\u00e4 oleva projekti.",
    "LabelReadHowYouCanContribute": "Katso, miten voit auttaa.",
    "ButtonSubmit": "Vahvista",
    "ButtonCreate": "Luo",
    "LabelCustomCss": "Mukautettu css:",
    "LabelCustomCssHelp": "K\u00e4yt\u00e4 omaa CSS: \u00e4\u00e4 web-k\u00e4ytt\u00f6liittym\u00e4\u00e4n.",
    "LabelLocalHttpServerPortNumber": "Paikallisen HTTP-portin numero:",
    "LabelLocalHttpServerPortNumberHelp": "TCP-portin numero, jota Emby-HTTP palvelimen  tulee kuunnella.",
    "LabelPublicHttpPort": "Julkisen HTTP-portin numero:",
    "LabelPublicHttpPortHelp": "Paikallinen HTTP-porttiin liitett\u00e4v\u00e4 julkisen portin numero.",
    "LabelPublicHttpsPort": "Julkinen HTTPS-portin numero:",
    "LabelPublicHttpsPortHelp": "Paikallinen HTTPS-porttiin liitett\u00e4v\u00e4 julkisen portin numero.",
    "RequireHttps": "Vaadi https-yhteytt\u00e4 ulkoisille yhteyksille",
    "RequireHttpsHelp": "Jos k\u00e4yt\u00f6ss\u00e4, yhteydet http: n kautta ohjataan osoitteeseen https.",
    "LabelHttpsPort": "Paikallisen HTTPS-portin numero:",
    "LabelHttpsPortHelp": "TCP-portin numero, jota Emby-HTTPS palvelimen tulee kuunnella.",
    "LabelEnableAutomaticPortMap": "Salli reitittimen porttien automaattinen avaaminen (UPnP)",
    "LabelEnableAutomaticPortMapHelp": "Yrit\u00e4 automaattisesti yhdist\u00e4\u00e4 julkinen ja paikallinen portti UPnP:n kautta. T\u00e4m\u00e4 ei v\u00e4ltt\u00e4m\u00e4tt\u00e4 toimi kaikkien reitittimien kanssa.",
    "LabelExternalDDNS": "Ulkoinen verkkotunnus:",
    "LabelExternalDDNSHelp": "Jos sinulla on dynaaminen DNS- tai verkkotunnus, kirjoita se ilman protokollaa tai porttia. Emby-sovellukset k\u00e4ytt\u00e4v\u00e4t sit\u00e4 ulkoiseen yhteyteen. T\u00e4m\u00e4 kentt\u00e4 tarvitaan oman SSL-varmenteen k\u00e4ytt\u00e4miseen. Esimerkki: omadoman.fi.",
    "LabelMinResumePercentage": "V\u00e4himm\u00e4isaika jatkoa varten (%):",
    "LabelMaxResumePercentage": "Enimm\u00e4isaika jatkoa varten (%):",
    "LabelMinResumeDuration": "Minimi jatkamisen kesto (sekuntia):",
    "LabelMinResumePercentageHelp": "Kohteita pidet\u00e4\u00e4n toistamattomina, jos toisto keskeytet\u00e4\u00e4n ennen t\u00e4t\u00e4 aikaa",
    "LabelMaxResumePercentageHelp": "Kohteita pidet\u00e4\u00e4n toistettuina, jos toisto pys\u00e4ytet\u00e4\u00e4n t\u00e4m\u00e4n ajan kuluttua",
    "LabelMinResumeDurationHelp": "Kohteiden, joiden toistoaika on t\u00e4t\u00e4 lyhyempi, ei voi jatkaa",
    "HeaderName": "Nimi",
    "HeaderDate": "P\u00e4iv\u00e4ys",
    "HeaderSource": "L\u00e4hde",
    "HeaderStatus": "Tila",
    "HeaderDestination": "Kohde",
    "Subscriptions": "Tilaukset",
    "HeaderProgram": "Ohjelma",
    "HeaderClients": "Asiakkaat",
    "LabelCompleted": "Valmis",
    "LabelFailed": "Ep\u00e4onnistui",
    "LabelSkipped": "Ohitettu",
    "LabelSeries": "Sarja:",
    "LabelEndingEpisodeNumber": "P\u00e4\u00e4t\u00f6sjakson numero:",
    "LabelEndingEpisodeNumberHelp": "Tarvitaan vain tiedostoille, jotka sis\u00e4lt\u00e4v\u00e4t useita osioita",
    "HeaderSupportTheTeam": "Tue Emby-tiimi\u00e4",
    "HeaderSupportTheTeamHelp": "Auta varmistamaan t\u00e4m\u00e4n projektin jatkuva kehitt\u00e4minen ostamalla Emby Premiere. Joidenkin tulojen avulla autamme muita vapaita ty\u00f6kaluja, joista olemme riippuvaisia.",
    "DonationNextStep": "Kun olet valmis, palaa ja t\u00e4yt\u00e4 Emby Premiere -avain, jonka saat s\u00e4hk\u00f6postitse.",
    "LabelSeasonFolderPattern": "Kausi-kansion malli:",
    "LabelSeasonZeroFolderName": "Kansion nimi kaudella 0:",
    "HeaderResult": "Tulos",
    "LabelTransferMethod": "Siirtomenetelm\u00e4",
    "HeaderLatestNews": "Viimeisimm\u00e4t uutiset",
    "HeaderRunningTasks": "K\u00e4ynniss\u00e4 olevat toimet",
    "HeaderActiveDevices": "Aktiiviset laitteet",
    "HeaderPendingInstallations": "Odottavat asennukset",
    "ButtonRestartNow": "K\u00e4ynnist\u00e4 nyt uudelleen",
    "ButtonShutdown": "Sammuta Emby-palvelin",
    "ButtonUpdateNow": "P\u00e4ivit\u00e4 nyt",
    "TabHosting": "Palvelin",
    "PleaseUpdateManually": "Sulje Emby-palvelin ja asenna uusin versio.",
    "NewServerVersionAvailable": "Emby-palvelimen uusi versio on saatavilla!",
    "ServerUpToDate": "Emby-palvelin on ajantasalla",
    "LabelComponentsUpdated": "Seuraavat osat on asennettu tai p\u00e4ivitetty:",
    "MessagePleaseRestartServerToFinishUpdating": "Suorita p\u00e4ivitykset k\u00e4ynnist\u00e4m\u00e4ll\u00e4 palvelin uudelleen.",
    "LabelDownMixAudioScale": "Lis\u00e4\u00e4 \u00e4\u00e4nenvoimakkuutta sekoittamalla \u00e4\u00e4nikanavia yhteen:",
    "LabelDownMixAudioScaleHelp": "Nosta \u00e4\u00e4nenvoimakkuutta sekoittaessasi. Aseta arvo arvoon 1, jos haluat s\u00e4ilytt\u00e4\u00e4 alkuper\u00e4isen \u00e4\u00e4nenvoimakkuuden.",
    "LabelCurrentEmailAddress": "Nykyinen s\u00e4hk\u00f6postiosoite",
    "LabelCurrentEmailAddressHelp": "S\u00e4hk\u00f6postiosoite, johon uusi avain l\u00e4hetettiin.",
    "HeaderForgotKey": "Unohdin avaimen",
    "LabelSupporterEmailAddress": "Avaimen ostamiseen k\u00e4ytetty s\u00e4hk\u00f6postiosoite.",
    "ButtonRetrieveKey": "Hae avain",
    "LabelSupporterKey": "Emby Premiere-avain (liit\u00e4 s\u00e4hk\u00f6postista):",
    "LabelSupporterKeyHelp": "Sy\u00f6t\u00e4 Emby Premiere -avain saadaksesi lis\u00e4\u00e4 etuja k\u00e4ytt\u00f6\u00f6n.",
    "MessageInvalidKey": "Emby Premiere -avain puuttuu tai on virheellinen.",
    "ErrorMessageInvalidKey": "Jotta premium-sis\u00e4lt\u00f6 voidaan rekister\u00f6id\u00e4, sinulla on oltava aktiivinen Emby Premiere -tilaus",
    "HeaderRequireManualLogin": "Vaadi k\u00e4ytt\u00e4j\u00e4nimi sy\u00f6tett\u00e4v\u00e4ksi manuaalisesti:",
    "HeaderRequireManualLoginHelp": "Jos t\u00e4m\u00e4 on poistettu k\u00e4yt\u00f6st\u00e4, Emby-sovellukset voivat n\u00e4ytt\u00e4\u00e4 sis\u00e4\u00e4nkirjautumisn\u00e4yt\u00f6n k\u00e4ytt\u00e4jien visuaaliseen valintaan.",
    "OptionOtherApps": "Muut sovellukset",
    "OptionMobileApps": "Mobiilisovellukset",
    "LabelNotificationEnabled": "Salli t\u00e4m\u00e4 ilmoitustyyppi",
    "LabelMonitorUsers": "Seuraa toimintaa seuraavista:",
    "LabelSendNotificationToUsers": "L\u00e4het\u00e4 ilmoitus kohteeseen:",
    "LabelUseNotificationServices": "K\u00e4yt\u00e4 seuraavia palveluja:",
    "CategoryUser": "K\u00e4ytt\u00e4j\u00e4",
    "CategorySystem": "J\u00e4rjestelm\u00e4",
    "CategoryApplication": "Sovellus",
    "CategoryPlugin": "Liit\u00e4nn\u00e4inen",
    "LabelAvailableTokens": "K\u00e4ytett\u00e4viss\u00e4 olevat merkit:",
    "AdditionalNotificationServices": "Selaa liit\u00e4nn\u00e4issluetteloa asentaaksesi lis\u00e4\u00e4 ilmoituspalveluja.",
    "OptionAllUsers": "Kaikki k\u00e4ytt\u00e4j\u00e4t",
    "OptionAdminUsers": "Yll\u00e4pit\u00e4j\u00e4t",
    "OptionCustomUsers": "Mukauta",
    "ButtonArrowUp": "Yl\u00f6s",
    "ButtonArrowDown": "Alas",
    "ButtonArrowLeft": "Vasen",
    "ButtonArrowRight": "Oikea",
    "ButtonBack": "Takaisin",
    "ButtonInfo": "Tietoa",
    "ButtonHome": "Koti",
    "ButtonSearch": "Etsi",
    "ButtonSettings": "Asetukset",
    "Audio": "Audio",
    "PlayOnAnotherDevice": "Toista toisessa laitteessa",
    "LetterButtonAbbreviation": "A",
    "TabControls": "Ohjaimet",
    "ButtonSubtitles": "Tekstitykset",
    "ButtonPreviousTrack": "Edellinen kappale",
    "ButtonNextTrack": "Seuraava kappale",
    "ButtonStop": "Pys\u00e4yt\u00e4",
    "ButtonPause": "Tauko",
    "ButtonNext": "Seuraava",
    "ButtonPrevious": "Edellinen",
    "LabelGroupMoviesIntoCollections": "Ryhmittele elokuvat kokoelmiin",
    "LabelGroupMoviesIntoCollectionsHelp": "Elokuvalistassa kokoelmaan kuuluvat elokuvat n\u00e4ytet\u00e4\u00e4n yhten\u00e4 ryhmiteltyin\u00e4 kohteina.",
    "HeaderCollections": "Kokoelmat",
    "LabelMaxBitrate": "Maksimi bittinopeus:",
    "LabelMaxBitrateHelp": "Aseta suurin bittinopeus kaistanleveysrajoitetuissa ymp\u00e4rist\u00f6ss\u00e4 tai tapauksissa, joissa laitteella on omat rajoituksensa.",
    "LabelMusicStaticBitrate": "Mittinopeus musiikin synkronoinnissa:",
    "LabelMusicStaticBitrateHelp": "M\u00e4\u00e4rit\u00e4 musiikkisynkronoinnin suurin bittinopeus",
    "LabelDeviceDescription": "Laitekuvaus",
    "HeaderDownloadSubtitlesFor": "Lataa tekstitykset seuraavalle:",
    "LabelSkipIfGraphicalSubsPresent": "Ohita, jos video sis\u00e4lt\u00e4\u00e4 jo upotettuja tekstityksi\u00e4",
    "LabelSkipIfGraphicalSubsPresentHelp": "Tekstitysversioiden s\u00e4ilytt\u00e4minen johtaa tehokkaampaan toistoon ja v\u00e4hent\u00e4\u00e4 videonkoodauksen todenn\u00e4k\u00f6isyytt\u00e4.",
    "TabSubtitles": "Tekstitykset",
    "LabelDownloadLanguages": "Ladattava kieli:",
    "LabelSkipIfAudioTrackPresent": "Ohita, jos oletusarvoinen \u00e4\u00e4niraidan kieli vastaa ladattavaa",
    "LabelSkipIfAudioTrackPresentHelp": "Poista t\u00e4m\u00e4, jos haluat varmistaa, ett\u00e4 kaikilla videoilla on tekstitykset \u00e4\u00e4niraidan kielest\u00e4 riippumatta.",
    "SendMessage": "L\u00e4het\u00e4 viesti",
    "HeaderSendMessage": "L\u00e4het\u00e4 viesti",
    "ButtonSend": "L\u00e4het\u00e4",
    "ViewPlaybackInfo": "N\u00e4yt\u00e4 toistotiedot",
    "LabelMessageText": "Viestin teksti:",
    "LabelMessageTitle": "Viestin otsikko:",
    "MessageNoAvailablePlugins": "Liit\u00e4nn\u00e4isi\u00e4 ei saatavilla.",
    "LabelDisplayPluginsFor": "N\u00e4yt\u00e4 liit\u00e4nn\u00e4iset:",
    "PluginTabAppClassic": "Emby Windows Media Center:lle",
    "HeaderTypeText": "Sy\u00f6t\u00e4 teksti",
    "LabelTypeText": "Teksti",
    "TabDisplay": "N\u00e4ytt\u00f6",
    "TabLanguages": "Kielet",
    "TabAppSettings": "Sovellusasetukset",
    "HeaderHomePage": "Koti-valikko",
    "OptionAuto": "Auto",
    "OptionYes": "Kyll\u00e4",
    "OptionNo": "Ei",
    "HeaderOptions": "Vaihtoehdot",
    "OptionResumablemedia": "Jatka",
    "OptionLatestMedia": "Uusimmat mediat",
    "OptionLatestChannelMedia": "Uusimmat kanavat",
    "OptionNone": "Mit\u00e4\u00e4n",
    "HeaderLiveTv": "Live TV",
    "HeaderSettings": "Asetukset",
    "OptionDefaultSort": "Oletus",
    "TabNextUp": "Seuraavaksi",
    "MessageNoMovieSuggestionsAvailable": "Elokuva ehdotuksia ei ole t\u00e4ll\u00e4 hetkell\u00e4 saatavilla. Aloita elokuvien katselu ja arvostele elokuva ja palaa sitten katsomaan suosituksiasi.",
    "MessageNoCollectionsAvailable": "Kokoelmat mahdollistavat elokuvien, sarjojen, albumien, kirjojen ja pelien henkil\u00f6kohtaisen ryhmittelyn. Aloita kokoelmien luominen napsauttamalla + -painiketta.",
    "MessageNoPlaylistsAvailable": "Soittolistojen avulla voit luoda luetteloita sis\u00e4ll\u00f6st\u00e4, jota haluat toistaa j\u00e4rjestyksess\u00e4. Jos haluat lis\u00e4t\u00e4 kohteen soittolistaan, napsauta hiiren kakkospainikkeella tai pid\u00e4 painettuna ja valitse \"Lis\u00e4\u00e4 soittolistaan\".",
    "MessageNoPlaylistItemsAvailable": "T\u00e4m\u00e4 soittolista on tyhj\u00e4.",
    "ButtonEditOtherUserPreferences": "Muuta t\u00e4m\u00e4n k\u00e4ytt\u00e4j\u00e4n profiilia, kuva- ja henkil\u00f6kohtaisia asetuksia.",
    "LabelChannelStreamQuality": "Ensisijainen Internet-kanavan laatu:",
    "LabelChannelStreamQualityHelp": "Kun kaistanleveys on rajallinen, heikompi laatu voi antaa paremman suoratoisto kokemuksen.",
    "OptionBestAvailableStreamQuality": "Paras k\u00e4ytett\u00e4viss\u00e4",
    "ViewTypeMovies": "Elokuvat",
    "ViewTypeTvShows": "TV",
    "ViewTypeGames": "Pelit",
    "ViewTypeMusic": "Musiikki",
    "HeaderOtherDisplaySettings": "N\u00e4ytt\u00f6asetukset",
    "ViewTypeMusicSongs": "Kappaleet",
    "ViewTypeMusicFavorites": "Suosikit",
    "ViewTypeMusicFavoriteAlbums": "Suosikkialbumit",
    "ViewTypeMusicFavoriteArtists": "Suosikkiartistit",
    "ViewTypeMusicFavoriteSongs": "Suosikkikappaleet",
    "HeaderMyViews": "Katsotut",
    "OptionDisplayAdultContent": "N\u00e4yt\u00e4 lapsilta kielletty sis\u00e4lt\u00f6",
    "OptionLibraryFolders": "Media-kansiot",
    "TitleRemoteControl": "Kauko-ohjaus",
    "OptionDisplayChannelsInline": "N\u00e4yt\u00e4 kanavat mediakansioina",
    "OptionDisplayChannelsInlineHelp": "Jos t\u00e4m\u00e4 on k\u00e4yt\u00f6ss\u00e4, kanavat n\u00e4ytet\u00e4\u00e4n yhdess\u00e4 muiden mediakirjastojen kanssa. Muuten ne n\u00e4kyv\u00e4t erillisess\u00e4 kanavan\u00e4kym\u00e4ss\u00e4.",
    "LabelDisplayCollectionsView": "N\u00e4yt\u00e4 elokuvakokoelmat",
    "LabelDisplayCollectionsViewHelp": "T\u00e4m\u00e4 luo erillisen n\u00e4kym\u00e4n elokuvakokoelmien n\u00e4ytt\u00e4miseen. Voit luoda elokuvakokoelman napsauttamalla hiiren kakkospainikkeella tai napauttamalla mit\u00e4 tahansa elokuvaa ja valitsemalla 'Lis\u00e4\u00e4 kokoelmaan'. ",
    "TabServices": "Palvelut",
    "TabLogs": "Lokitiedostot",
    "TabBranding": "Tavaramerkki",
    "HeaderBrandingHelp": "Voit mukauttaa Embyn ulkoasua ryhm\u00e4n tai organisaation tarpeisiin.",
    "LabelLoginDisclaimer": "Kirjautumisen vastuuvapauslauseke:",
    "LabelLoginDisclaimerHelp": "T\u00e4m\u00e4 n\u00e4kyy kirjautumissivun alareunassa.",
    "OptionList": "Luettelo",
    "TabDashboard": "Kojelauta",
    "TitleServer": "Palvelin",
    "LabelCache": "V\u00e4limuisti:",
    "LabelLogs": "Lokitiedostot:",
    "LabelMetadata": "Metatieto:",
    "LabelTranscodingTemporaryFiles": "V\u00e4liaikaiset koodaustiedostot:",
    "HeaderBranding": "Tavaramerkki",
    "HeaderApiKeys": "API-avaimet",
    "HeaderApiKeysHelp": "Ulkoisilla sovelluksilla on oltava Api-avain kommunikoidakseen Emby-palvelimen kanssa. Avaimet luodaan kirjautumalla sis\u00e4\u00e4n Emby-tilill\u00e4 tai luomalla manuaalisesti avain sovellukselle.",
    "HeaderApiKey": "API-avain",
    "HeaderApp": "Sovellus",
    "HeaderDevice": "Laite",
    "HeaderUser": "User",
    "HeaderDateIssued": "Annettu p\u00e4iv\u00e4m\u00e4\u00e4r\u00e4",
    "HeaderHttpHeaders": "Http otsikkotiedot",
    "TabView": "N\u00e4kym\u00e4",
    "TabFilter": "Suodata",
    "ButtonView": "N\u00e4yt\u00e4",
    "LabelView": "N\u00e4kym\u00e4:",
    "TabUsers": "K\u00e4ytt\u00e4j\u00e4t",
    "HeaderFeatures": "Lis\u00e4materiaali",
    "HeaderAdvanced": "Edistynyt",
    "HeaderScheduledTasks": "Scheduled Tasks",
    "HeaderResumeSettings": "Jatkoasetukset",
    "TitleUsers": "K\u00e4ytt\u00e4j\u00e4t",
    "ButtonClose": "Sulje",
    "LabelAllLanguages": "Kaikki kielet",
    "OptionAll": "Kaikki",
    "LabelImage": "Kuva:",
    "HeaderImages": "kuvat",
    "HeaderBackdrops": "Tausta",
    "LabelJpgPngOnly": "Vain jpg tai png",
    "OptionSeason0": "Kausi 0",
    "HeaderFetcherSettings": "Asetukset",
    "HeaderActivity": "Toiminta",
    "PluginInstalledWithName": "{0} asennettu",
    "PluginUpdatedWithName": "{0} p\u00e4ivitetty",
    "PluginUninstalledWithName": "{0} poistettu",
    "LabelIpAddressValue": "IP-osoite: {0}",
    "HeaderEmbyServer": "Emby-palvelin",
    "MessageServerConfigurationUpdated": "Palvelimen asetukset p\u00e4ivitetty",
    "MessageNamedServerConfigurationUpdatedWithValue": "Palvelimen asetukset, osa {0} on p\u00e4ivitetty",
    "MessageApplicationUpdated": "Emby-palvelin on p\u00e4ivitetty",
    "ProviderValue": "L\u00e4hde: {0}",
    "HeaderRecentActivity": "Viimeaikainen toiminta",
    "HeaderPeople": "Henkil\u00f6t",
    "OptionComposers": "S\u00e4velt\u00e4j\u00e4t",
    "OptionOthers": "Muut",
    "ViewTypeFolders": "Kansiot",
    "OptionDisplayFolderView": "N\u00e4yt\u00e4 kansion\u00e4kym\u00e4, kun haluat n\u00e4ytt\u00e4\u00e4 tavallisia mediakansioita",
    "OptionDisplayFolderViewHelp": "Jos t\u00e4m\u00e4 on k\u00e4yt\u00f6ss\u00e4, Emby-sovellukset n\u00e4ytt\u00e4v\u00e4t kansiot -luettelon mediakirjaston vieress\u00e4. T\u00e4m\u00e4 on hy\u00f6dyllist\u00e4, jos haluat n\u00e4hd\u00e4 tavallisen kansion n\u00e4kym\u00e4t.",
    "ViewTypeLiveTvRecordingGroups": "Tallenteet",
    "ViewTypeLiveTvChannels": "Kanavat",
    "HeaderPassword": "Salasana",
    "HeaderViewOrder": "N\u00e4yt\u00e4 tilaukset",
    "HeaderPersonInfo": "Henkil\u00f6tiedot",
    "HeaderConfirmDeletion": "Vahvista poistaminen",
    "LabelAlbumArtist": "Albumin artisti:",
    "LabelAirDate": "L\u00e4hetysp\u00e4iv\u00e4t:",
    "LabelAirTime:": "L\u00e4hetysaika:",
    "LabelDisplaySpecialsWithinSeasons": "N\u00e4yt\u00e4 erityiset jaksot kausien aikana, jolloin ne ilmestyiv\u00e4t",
    "ButtonPurchase": "Osta",
    "HeaderPhotoInfo": "Kuvatiedot",
    "HeaderInstall": "Asenna",
    "LabelSelectVersionToInstall": "Valitse asennettava versio:",
    "LinkLearnMoreAboutSubscription": "Lue lis\u00e4\u00e4 Emby Premiere:st\u00e4",
    "MessagePluginRequiresSubscription": "T\u00e4m\u00e4 laajennus vaatii aktiivisen tilauksen Emby Premierille 14 p\u00e4iv\u00e4n kokeilujakson j\u00e4lkeen.",
    "MessagePremiumPluginRequiresMembership": "T\u00e4m\u00e4 laajennus vaatii aktiivisen Emby Premiere -tilauksen, jonka voit ostaa 14 p\u00e4iv\u00e4n ilmaisen kokeilun j\u00e4lkeen.",
    "HeaderDeveloperInfo": "Kehitt\u00e4j\u00e4tiedot",
    "HeaderRevisionHistory": "Revisio historia",
    "ButtonViewWebsite": "N\u00e4yt\u00e4 verkkosivusto",
    "OptionSaveMetadataAsHidden": "Tallenna metatiedot ja kuvat piilotiedostoina",
    "LabelExtractThumbnailsDuringLibraryScan": "Luo esikatselukuvat kirjaston skannauksen aikana",
    "LabelExtractThumbnailsDuringLibraryScanHelp": "Jos  k\u00e4yt\u00f6ss\u00e4, esikatselukuvat luodaan, kun videoita lis\u00e4t\u00e4\u00e4n kirjastoon skannauksen aikana. Jos ominaisuus on poistettu k\u00e4yt\u00f6st\u00e4, ne luodaan my\u00f6hemmin aikataulutetun  pienoiskuvien luontiteht\u00e4v\u00e4n aikana,jotta tavallinen kirjaston skannaus voidaan suorittaa nopeammin.",
    "LabelConnectGuestUserName": "Heid\u00e4n Emby Connectiin liittyv\u00e4 k\u00e4ytt\u00e4j\u00e4tunnus tai s\u00e4hk\u00f6postiosoite:",
    "LabelConnectUserName": "(Valinnainen) Emby Connect -tilin k\u00e4ytt\u00e4j\u00e4tunnus tai s\u00e4hk\u00f6postiosoite:",
    "LabelConnectUserNameHelp": "Vaihtoehtoisesti voit linkitt\u00e4\u00e4 t\u00e4m\u00e4n paikallisen k\u00e4ytt\u00e4j\u00e4n Emby Connect -tiliin, jotta voit helposti kirjautua mihin tahansa Emby-sovellukseen ilman, ett\u00e4 sinun tarvitsee tiet\u00e4\u00e4 palvelimen ip-osoitetta.",
    "ButtonLearnMoreAboutEmbyConnect": "Lis\u00e4tietoja Emby Connectist\u00e4",
    "LabelExternalPlayers": "Ulkoiset toistimet:",
    "LabelNativeExternalPlayersHelp": "Toista videoita k\u00e4ytt\u00e4m\u00e4ll\u00e4 ulkoisia toistimia.",
    "TabPlayback": "Toisto",
    "TitlePlayback": "Toisto",
    "LabelDateAddedBehavior": "Lis\u00e4usp\u00e4iv\u00e4n esitystapa uudelle sis\u00e4ll\u00f6lle:",
    "OptionDateAddedImportTime": "K\u00e4yt\u00e4 kirjastoon lis\u00e4ysp\u00e4iv\u00e4m\u00e4\u00e4r\u00e4\u00e4",
    "OptionDateAddedFileTime": "K\u00e4yt\u00e4 tiedoston luontip\u00e4iv\u00e4\u00e4",
    "LabelDateAddedBehaviorHelp": "Jos metatietoarvo on olemassa, sit\u00e4 k\u00e4ytet\u00e4\u00e4n n\u00e4iden sijaan.",
    "TitleDevices": "Laitteet",
    "TabCameraUpload": "Hae sis\u00e4lt\u00f6 kamerasta",
    "TabDevices": "Laitteet",
    "HeaderLibrarySettings": "Kirjaston asetukset",
    "HeaderThumbnailImages": "Esikatselukuvat",
    "HeaderSubtitleDownloads": "Tekstitysten lataaminen",
    "HeaderCameraUploadHelp": "Emby-sovellukset voivat ladata automaattisesti mobiililaitteillasi otetut kuvat Emby-palvelimeen.",
    "LabelCameraUploadPath": "Kameran sis\u00e4ll\u00f6n latauspolku:",
    "LabelCameraUploadPathHelp": "M\u00e4\u00e4rit\u00e4 mukautettu polku ladattaville tiedostoille. T\u00e4m\u00e4 korvaa kameralatausten oletusasetukset. Jos kentt\u00e4 j\u00e4tet\u00e4\u00e4n tyhj\u00e4ksi, k\u00e4ytet\u00e4\u00e4n oletuskansiota. Jos se j\u00e4tet\u00e4\u00e4n tyhj\u00e4ksi, k\u00e4ytet\u00e4\u00e4n oletuskansiota. Jos k\u00e4yt\u00e4t mukautettua polkua, se on my\u00f6s lis\u00e4tt\u00e4v\u00e4 kirjastona Embyn kirjaston asetuksiin.",
    "DefaultCameraUploadPathHelp": "Valitse mukautettu latauspolku. Jos se j\u00e4tet\u00e4\u00e4n tyhj\u00e4ksi, k\u00e4ytet\u00e4\u00e4n oletuskansiota. Jos k\u00e4yt\u00e4t mukautettua polkua, se on my\u00f6s lis\u00e4tt\u00e4v\u00e4 kirjastona Embyn kirjaston asetuksiin.",
    "LabelCreateCameraUploadSubfolder": "Luo jokaiselle laitteelle alikansio",
    "LabelCreateCameraUploadSubfolderHelp": "Tietyt kansiot voidaan m\u00e4\u00e4ritt\u00e4\u00e4 laitteelle napsauttamalla sit\u00e4 \"Laitteet\" -sivulla.",
    "LabelCustomDeviceDisplayName": "N\u00e4ytt\u00f6nimi:",
    "LabelCustomDeviceDisplayNameHelp": "Anna mukautettu n\u00e4ytt\u00f6nimi. J\u00e4t\u00e4 tyhj\u00e4ksi jos haluat k\u00e4ytt\u00e4\u00e4 laitteen ilmoittamaa nime\u00e4.",
    "HeaderInviteUser": "Kutsu k\u00e4ytt\u00e4j\u00e4",
    "LabelConnectGuestUserNameHelp": "T\u00e4m\u00e4 on yst\u00e4v\u00e4si k\u00e4ytt\u00e4j\u00e4nimi tai s\u00e4hk\u00f6postiosoite, jota h\u00e4n k\u00e4ytt\u00e4\u00e4 kirjautumalla Embyn verkkosivustoon.",
    "HeaderInviteUserHelp": "Median jakaminen yst\u00e4vien kesken on helpompaa kuin koskaan  Emby Connectin avulla.",
    "ButtonSendInvitation": "L\u00e4het\u00e4 k\u00e4ytt\u00e4j\u00e4kutsu",
    "HeaderGuests": "Vieraat",
    "HeaderPendingInvitations": "Odottavat kutsut",
    "TabParentalControl": "Lapsilukko",
    "HeaderAccessSchedule": "P\u00e4\u00e4syaikataulu",
    "HeaderAccessScheduleHelp": "Luo aikataulu, jolla rajoitetaan p\u00e4\u00e4sy\u00e4 tiettyin\u00e4 aikoina.",
    "LabelAccessDay": "Viikonp\u00e4iv\u00e4:",
    "LabelAccessStart": "Aloitusaika:",
    "LabelAccessEnd": "P\u00e4\u00e4ttymisaika:",
    "HeaderSchedule": "Aikataulu",
    "OptionEveryday": "Joka P\u00e4iv\u00e4",
    "OptionWeekdays": "Arkisin",
    "OptionWeekends": "Viikonloppuisin",
    "HeaderOptionalLinkEmbyAccount": "Valinnainen: Linkki Emby Connect -tilillesi",
    "ButtonTrailer": "Traileri",
    "MessageNoTrailersFound": "trailereita ei l\u00f6ytynyt. Asenna Trailer-kanava elokuvakokemuksen lis\u00e4\u00e4miseksi lis\u00e4\u00e4m\u00e4ll\u00e4 Internet-trailerikirjasto.",
    "HeaderNewUsers": "Uudet k\u00e4ytt\u00e4j\u00e4t",
    "TitleNewUser": "Uusi K\u00e4ytt\u00e4j\u00e4",
    "ButtonConfigurePassword": "M\u00e4\u00e4rit\u00e4 salasana",
    "HeaderDashboardUserPassword": "Salasanoja hallitaan kunkin k\u00e4ytt\u00e4j\u00e4n henkil\u00f6kohtaisen profiilin asetuksissa.",
    "HeaderLibraryAccess": "P\u00e4\u00e4sy kirjastoon",
    "HeaderChannelAccess": "P\u00e4\u00e4sy kanaviin",
    "HeaderLatestItems": "Uusimmat kohteet",
    "LabelForgotPasswordUsernameHelp": "Anna k\u00e4ytt\u00e4j\u00e4tunnuksesi, jos muistat sen.",
    "TitlePasswordReset": "Vaihda salasana",
    "HeaderParentalRatings": "Ik\u00e4raja",
    "HeaderVideoTypes": "Videotyypit",
    "HeaderYears": "Vuodet",
    "HeaderBlockItemsWithNoRating": "Est\u00e4 sis\u00e4lt\u00f6, jolla ei ole ik\u00e4rajaa:",
    "LabelBlockContentWithTags": "Est\u00e4 kohteet joilla tunnisteet:",
    "LabelTagRestrictionMode": "Tag restriction mode:",
    "BlockItemsWithTheseTags": "Block items with these tags",
    "AllowItemsWithTheseTags": "Allow only items with these tags",
    "TabActivity": "Toiminta",
    "OptionAllowSyncContent": "Salli synktronointi",
    "OptionAllowContentDownloading": "Salli mediatiedostojen lataaminen",
    "LabelNewUserNameHelp": "K\u00e4ytt\u00e4j\u00e4tunnukset voivat sis\u00e4lt\u00e4\u00e4 kirjaimia (a-\u00f6), numeroita (0-9), viivoja (-), alaviivoja (_), heittomerkkej\u00e4 (') ja pisteit\u00e4 (.).",
    "HeaderThisUserIsCurrentlyDisabled": "T\u00e4m\u00e4 k\u00e4ytt\u00e4j\u00e4 on poistettu k\u00e4yt\u00f6st\u00e4",
    "OptionEnableTranscodingThrottle": "Salli dynaaminen nopeuden muunnos",
    "OptionEnableTranscodingThrottleHelp": "Dynaaminen nopeuden muunnos s\u00e4\u00e4t\u00e4\u00e4 automaattisesti transkoodausnopeuden palvelimen prosessorin k\u00e4yt\u00f6n minimoimiseksi toiston aikana.",
    "LabelUploadSpeedLimit": "Synkronoinnin kaistanleveyden rajoitus (Mbps):",
    "OptionAllowSyncTranscoding": "Salli transkoodausta vaativa lataus",
    "AllowMediaConversion": "Salli mediamuunnos",
    "AllowMediaConversionHelp": "Salli tai es\u00e4\u00e4 p\u00e4\u00e4syn mediamuunnosominaisuuteen.",
    "HeaderPlayback": "Median toistaminen",
    "OptionAllowAudioPlaybackTranscoding": "Salli \u00e4\u00e4nen toistaminen, joka vaatii transkoodausta",
    "OptionAllowVideoPlaybackTranscoding": "Salli videon toistaminen, joka vaatii transkoodausta",
    "OptionAllowVideoPlaybackRemuxing": "Salli videon toisto, joka vaatii muuntamista ilman koodausta.",
    "OptionAllowMediaPlaybackTranscodingHelp": "Transkoodauksen est\u00e4minen voi aiheuttaa toistovirheit\u00e4 Emby-sovelluksissa, koska kaikki mediatiedostot eiv\u00e4t ole tuettuja, tai puutteellisesta verkon siirtonopeudesta.",
    "TabStreaming": "Suoratoisto",
    "LabelRemoteClientBitrateLimit": "Maksimi internetist\u00e4 suoratoistettavan sis\u00e4ll\u00f6n bittinopeus (Mbps):",
    "LabelRemoteClientBitrateLimitHelp": "Valinnainen bittinopeusraja yksitt\u00e4isille suoratoistaville laitteille l\u00e4hiverkon ulkopuolella. T\u00e4m\u00e4 on hy\u00f6dyllist\u00e4 est\u00e4\u00e4kseen laitteita pyyt\u00e4m\u00e4st\u00e4 suurempia bittinopeuksia kuin Internet-yhteys voi k\u00e4sitell\u00e4.  T\u00e4m\u00e4 voi johtaa palvelimen prosessorin kuormituksen lis\u00e4\u00e4ntymiseen, jotta videot voidaan koodata uudelleen pienempiin bittinopeuksiin.",
    "LabelUserRemoteClientBitrateLimitHelp": "T\u00e4m\u00e4 ohittaa oletusarvon, joka on m\u00e4\u00e4ritetty palvelimen lis\u00e4asetuksissa.",
    "LabelConversionCpuCoreLimit": "CPU-ydinraja:",
    "LabelConversionCpuCoreLimitHelp": "Rajoita synkronointimuunnoksen aikana k\u00e4ytett\u00e4vien CPU-ytimien m\u00e4\u00e4r\u00e4\u00e4.",
    "OptionEnableFullSpeedConversion": "Ota k\u00e4ytt\u00f6\u00f6n t\u00e4yden nopeuden muuntaminen",
    "OptionEnableFullSpeedConversionHelp": "Oletuksena synkronointimuunnos suoritetaan pienell\u00e4 nopeudella j\u00e4rjestelm\u00e4n resurssien k\u00e4yt\u00f6n minimoimiseksi.",
    "TabPhotos": "Valokuvat",
    "HeaderWelcomeToEmby": "Tervetuloa Emby palveluun!",
    "EmbyIntroMessage": "Embyn avulla voit helposti siirt\u00e4\u00e4 videoita, musiikkia ja valokuvia \u00e4lypuhelimiin, tableteihin ja muihin laitteisiin Emby-palvelimelta.",
    "ButtonConnect": "Yhdist\u00e4",
    "HeaderNewServer": "Uusi palvelin",
    "HeaderExport": "Vienti",
    "HeaderColumns": "Sarakkeet",
    "ButtonReset": "Nollaa",
    "OptionEnableExternalVideoPlayers": "Ota ulkoiset videosoittimet k\u00e4ytt\u00f6\u00f6n",
    "LabelEnableFullScreen": "Ota koko n\u00e4yt\u00f6n tila k\u00e4ytt\u00f6\u00f6n",
    "TabHomeScreen": "Koti-valikko",
    "HeaderDisplay": "N\u00e4ytt\u00f6",
    "HeaderNavigation": "Navigointi",
    "OptionEnableAutomaticServerUpdates": "Ota automaattiset palvelinp\u00e4ivitykset k\u00e4ytt\u00f6\u00f6n",
    "HeaderOverview": "Yleiskatsaus",
    "HeaderType": "Tyyppi",
    "HeaderTunerDevices": "Viritinlaitteet",
    "HeaderTVSources": "TV-l\u00e4hteet",
    "HeaderAddDevice": "Lis\u00e4\u00e4 laite",
    "HeaderExternalServices": "Ulkoiset palvelut",
    "LabelTunerIpAddress": "Vastaanottimen IP-osoite:",
    "HeaderGuideProviders": "TV-oppaan palveluntarjoajat",
    "AddGuideProviderHelp": "Lis\u00e4\u00e4 TV-oppaan l\u00e4hde",
    "LabelZipCode": "Postinumero:",
    "GuideProviderSelectListings": "Valitse kanavajoukko",
    "GuideProviderLogin": "Kirjaudu",
    "LabelLineup": "Kokoonpano:",
    "MessageTunerDeviceNotListed": "Onko live-TV-vastaanottimesi luettelossa? Yrit\u00e4 asentaa ulkoinen palveluntarjoaja, joka tarjoaa lis\u00e4\u00e4 live-TV-vaihtoehtoja.",
    "LabelImportOnlyFavoriteChannels": "Rajoita suosikkeihin merkittyihin kanaviin",
    "ImportFavoriteChannelsHelp": "Ota k\u00e4ytt\u00f6\u00f6n vain kanavia, jotka on merkitty suosikkeiksi t\u00e4ll\u00e4 vastaanottajalla.",
    "ButtonRepeat": "Uudelleentoisto",
    "LabelEnableThisTuner": "Aktivoi vastaanotin",
    "LabelEnableThisTunerHelp": "Est\u00e4 kanavien tuonnin est\u00e4minen t\u00e4st\u00e4 vastaanottimesta.",
    "HeaderImagePrimary": "P\u00e4\u00e4kuva",
    "HeaderImageBackdrop": "Tausta",
    "HeaderImageLogo": "Logo",
    "HeaderUserPrimaryImage": "K\u00e4ytt\u00e4j\u00e4n kuva",
    "ButtonProfile": "Profiili",
    "ButtonProfileHelp": "Aseta profiilisi kuva ja salasana.",
    "HeaderHomeScreenSettings": "Koti-valikon asetukset",
    "HeaderProfile": "Profiili",
    "HeaderLanguage": "Kieli",
    "LabelTranscodingThreadCount": "Transkoodaus s\u00e4ikeidein lukum\u00e4\u00e4r\u00e4:",
    "LabelTranscodingThreadCountHelp": "alitse enimm\u00e4ism\u00e4\u00e4r\u00e4 s\u00e4ikeit\u00e4, joita k\u00e4ytet\u00e4\u00e4n muunnettaessa. S\u00e4ie v\u00e4hent\u00e4minen v\u00e4hent\u00e4\u00e4 prosessorin k\u00e4ytt\u00f6\u00e4, mutta my\u00f6s lis\u00e4\u00e4 riski\u00e4, \u200b\u200bett\u00e4 uudelleenkoodaus ei tapahdu riitt\u00e4v\u00e4n nopeasti virheet\u00f6nt\u00e4 toistoa varten.",
    "OptionMax": "Maksimi",
    "LabelTunerType": "Vastaanottimen tyyppi:",
    "HeaderSetupTVGuide": "Asenna TV-opas",
    "LabelDataProvider": "Tietojen toimittaja:",
    "HeaderDefaultRecordingSettings": "\u00c4\u00e4nityksen oletusasetukset",
    "OptionEnableRecordingSubfolders": "Luo luokkiin alihakemistoja, esimerkiksi urheilu, lapset jne.",
    "HeaderSubtitles": "Tekstitykset",
    "HeaderVideos": "Videot",
    "LabelHardwareAccelerationType": "Laitteiston kiihdytys:",
    "LabelHardwareAccelerationTypeHelp": "Saatavana vain tuetuissa j\u00e4rjestelmiss\u00e4.",
    "HeaderAdmin": "P\u00e4\u00e4k\u00e4ytt\u00e4j\u00e4",
    "HeaderCameraUpload": "Hae sis\u00e4lt\u00f6 kamerasta",
    "ButtonClear": "Poista",
    "LabelFolder": "Kansio:",
    "HeadersFolders": "Kansiot",
    "LabelDisplayName": "N\u00e4ytt\u00f6nimi:",
    "OptionConvertRecordingsToStreamingFormat": "Muunna tallenteet automaattisesti muotoon, joka sopii paremmin suoratoistoon",
    "OptionConvertRecordingsToStreamingFormatHelp": "Tallenteet muunnetaan mkv-muotoon reaaliajassa, jotta niit\u00e4 voidaan paremmin toistaa laitteissa.",
    "OptionDownloadImagesInAdvance": "Lataa kuvat etuk\u00e4teen",
    "OptionDownloadImagesInAdvanceHelp": "Oletuksena useimmat kuvat ladataan vain, kun Emby-sovellus sit\u00e4 pyyt\u00e4\u00e4. Ota t\u00e4m\u00e4 vaihtoehto k\u00e4ytt\u00f6\u00f6n, jos haluat ladata kaikki kuvat etuk\u00e4teen, kun uutta mediaa tuodaan. T\u00e4m\u00e4 voi aiheuttaa huomattavasti pidemm\u00e4n kirjaston skannauksen.",
    "DeleteImage": "Poista Kuva",
    "MessageThankYouForSupporting": "Kiitos Embyn tukemisesta.",
    "FileReadCancelled": "Tiedoston luku on peruutettu.",
    "FileNotFound": "Tiedostoa ei l\u00f6ydy.",
    "FileReadError": "Virhe tiedoston luvun aikana.",
    "PinCodeResetComplete": "Pin-koodi on nollattu.",
    "PinCodeResetConfirmation": "Haluatko varmasti nollata PIN-koodin?",
    "HeaderPinCodeReset": "Nollaa PIN-koodi",
    "NoPluginConfigurationMessage": "T\u00e4ll\u00e4 liit\u00e4nn\u00e4isell\u00e4 ei ole asetuksia m\u00e4\u00e4ritett\u00e4v\u00e4ksi.",
    "NoPluginsInstalledMessage": "Sinulla ei ole mit\u00e4\u00e4n liit\u00e4nn\u00e4isi\u00e4 asennettuna.",
    "BrowsePluginCatalogMessage": "Selaa meid\u00e4n lis\u00e4osa listaa katsoaksesi saatavilla olevia liit\u00e4nn\u00e4isi\u00e4.",
    "LabelAppName": "Sovelluksen nimi",
    "LabelAppNameExample": "Esimerkki: Sickbeard, NzbDrone",
    "HeaderNewApiKeyHelp": "Anna sovellukselle k\u00e4ytt\u00f6oikeus kommunikoida Emby Serverin kanssa.",
    "MessageKeyEmailedTo": "Avain on l\u00e4hetetty s\u00e4hk\u00f6postitse osoitteeseen {0}.",
    "HeaderConfirmation": "Vahvistus",
    "MessageKeyUpdated": "Kiitos. Emby Premiere -avain on p\u00e4ivitetty.",
    "MessageKeyRemoved": "Kiitos. Emby Premiere -avain on poistettu.",
    "TextEnjoyBonusFeatures": "Nauti lis\u00e4ominaisuuksista",
    "HeaderAddTag": "Lis\u00e4\u00e4 merkint\u00e4",
    "ButtonSelectView": "Valitse n\u00e4kym\u00e4",
    "LabelFromHelp": "Esimerkki: {0} (palvelimella)",
    "MessageErrorLoadingSupporterInfo": "Emby Premiere -tietojen lataamisessa tapahtui virhe. Yrit\u00e4 my\u00f6hemmin uudelleen.",
    "HeaderConfirmRemoveUser": "Poista k\u00e4ytt\u00e4j\u00e4",
    "ValueTimeLimitSingleHour": "Aikaraja: 1 tunti",
    "ValueTimeLimitMultiHour": "Aikaraja: {0} tuntia",
    "General": "Yleinen",
    "HeaderScreenSavers": "N\u00e4yt\u00f6ns\u00e4\u00e4st\u00e4j\u00e4t",
    "Notifications": "Ilmoitukset",
    "Metadata": "Metatieto",
    "Reporting": "Raportointi",
    "HeaderSearch": "Etsi",
    "ValueDateCreated": "Luontip\u00e4iv\u00e4m\u00e4\u00e4r\u00e4: {0}",
    "LabelArtist": "Artisti",
    "LabelMovie": "Elokuva",
    "LabelMusicVideo": "Musiikkivideo",
    "LabelEpisode": "Jakso",
    "Series": "Sarjat",
    "LabelStopping": "Pys\u00e4ytys",
    "LabelCancelled": "Keskeytetty",
    "ButtonDownload": "Lataa",
    "HeaderDevices": "Laitteet",
    "HeaderSelectCertificatePath": "Valitse sertifikaatin polku:",
    "HeaderSupporterBenefit": "Aktiivinen Emby Premiere -tilaus tarjoaa lis\u00e4etuja, kuten p\u00e4\u00e4syn Emby DVR: \u00e4\u00e4n, offline-mediaan, premium-laajennuksiin. {0} Lis\u00e4tietoja {1}.",
    "HeaderWelcomeBack": "Tervetuloa takaisin!",
    "HeaderSelectDevices": "Valitse laitteet",
    "ButtonReenable": "Uudelleenaktivoi",
    "LabelAbortedByServerShutdown": "(peruutettu, koska palvelin suljettiin)",
    "LabelScheduledTaskLastRan": "Viimeisin ajo {0}, kesto {1}.",
    "HeaderDeleteTaskTrigger": "Poista teht\u00e4v\u00e4n liipaisin",
    "MessageDeleteTaskTrigger": "Haluatko varmasti poistaa t\u00e4m\u00e4n teht\u00e4v\u00e4n liipaisimen?",
    "MessageNoPluginsInstalled": "Sinulla ei ole yht\u00e4\u00e4n liit\u00e4nn\u00e4ist\u00e4 asennettuna.",
    "MessageNoPluginsDueToAppStore": "Voit hallita lis\u00e4osia Embyn web-k\u00e4ytt\u00f6liittym\u00e4n kautta.",
    "LabelVersionInstalled": "{0} asennettu",
    "LabelNumberReviews": "{0} Arvostelua",
    "LabelFree": "Ilmainen",
    "HeaderSelectAudio": "Valitse \u00e4\u00e4ni",
    "HeaderSelectSubtitles": "Valitse tekstitykset",
    "LabelDefaultStream": "(Oletus)",
    "LabelForcedStream": "(Pakotettu)",
    "LabelDefaultForcedStream": "(Oletus\/Pakotettu)",
    "LabelUnknownLanguage": "Tuntematon kieli",
    "ButtonMute": "Mykist\u00e4",
    "ButtonUnmute": "Poista mykistys",
    "ButtonPlaylist": "Soittolista",
    "LabelEnabled": "Sallittu",
    "LabelDisabled": "Poistettu",
    "Disabled": "Estetty",
    "ButtonMoreInformation": "Lis\u00e4\u00e4 tietoa",
    "LabelNoUnreadNotifications": "Ei lukemattomia ilmoituksia.",
    "HeaderConfirmSeriesCancellation": "Vahvista sarjan peruutus",
    "HeaderConfirmRecordingDeletion": "Vahvista tallennuksen poistaminen",
    "OptionWeekend": "Viikonloppuisin",
    "OptionWeekday": "Arkisin",
    "LiveTvUpdateAvailable": "(P\u00e4ivitys saatavilla)",
    "LabelVersionUpToDate": "Ajantasalla!",
    "ButtonResetTuner": "Nollaa vastaanotin",
    "HeaderResetTuner": "Nollaa vastaanotin",
    "MessageConfirmResetTuner": "Haluatko varmasti nollata t\u00e4m\u00e4n vastaanottimen? Kaikki aktiiviset soittimet tai tallenteet pys\u00e4htyv\u00e4t \u00e4killisesti.",
    "ButtonCancelSeries": "Poista automaattinen tallennus",
    "HeaderSeriesRecordings": "Automaattinen tallennus",
    "LabelAnytime": "Milloin tahansa",
    "StatusRecording": "Tallennus k\u00e4ynniss\u00e4",
    "StatusWatching": "Toisto k\u00e4ynniss\u00e4",
    "StatusRecordingProgram": "Tallennus {0}",
    "StatusWatchingProgram": "Toisto {0}",
    "HeaderSplitMedia": "Jaa media erilleen",
    "MessageConfirmSplitMedia": "Haluatko varmasti jakaa n\u00e4m\u00e4 mediat erillisiin kohteisiin?",
    "HeaderError": "Virhe",
    "HeaderSelectServerCachePath": "Valitse palvelimen v\u00e4limuistin sijainti",
    "HeaderSelectTranscodingPath": "Valitse transkoodauksen v\u00e4liaikainen sijainti:",
    "HeaderSelectMetadataPath": "Valitse metadatan sijainti:",
    "HeaderSelectServerCachePathHelp": "Selaa tai anna palvelimen v\u00e4limuistitiedostojen tallennuspolku. Hakemiston on oltava kirjoitettavissa.",
    "HeaderSelectTranscodingPathHelp": "Selaa tai anna palvelimen transkoodaukssen v\u00e4litallennuksen polku. Hakemiston on oltava kirjoitettavissa.",
    "HeaderSelectMetadataPathHelp": "Selaa tai anna palvelimen metatietojen tallennuspolku. Hakemiston on oltava kirjoitettavissa.",
    "MessageFileWillBeDeleted": "Seuraava tiedosto poistetaan:",
    "MessageSureYouWishToProceed": "Haluatko varmasti jatkaa?",
    "MessageFollowingFileWillBeMovedFrom": "Seuraava tiedosto siirret\u00e4\u00e4n kohteesta:",
    "MessageDestinationTo": "kohteeseen:",
    "HeaderRestart": "Uudelleenk\u00e4ynnist\u00e4",
    "HeaderShutdown": "Sammuta",
    "MessageConfirmRestart": "Haluatko varmasti k\u00e4ynnist\u00e4\u00e4 Emby-palvelimen uudelleen?",
    "MessageConfirmShutdown": "Haluatko varmasti sammuttaa Emby-palvelimen?",
    "ValueItemCount": "{0} kohde",
    "ValueItemCountPlural": "{0} kohdetta",
    "NewVersionOfSomethingAvailable": "Uusi versio {0} on saatavilla!",
    "VersionXIsAvailableForDownload": "Versio {0} on nyt ladattavissa.",
    "LabelVersionNumber": "Versio {0}",
    "LabelPlayMethodTranscoding": "Transkoodaa",
    "LabelPlayMethodDirectStream": "Suoratoistaa",
    "LabelPlayMethodDirectPlay": "Suoratoistaa",
    "LabelLocalAccessUrl": "Paikallinen yhteys (LAN): {0}",
    "LabelRemoteAccessUrl": "Ulkoinen yhteys (WAN): {0}",
    "LabelRunningOnPort": "Suorita HTTP-portissa {0}.",
    "LabelRunningOnPorts": "Suorita HTTP-portissa {0}, and HTTPS-portissa {1}.",
    "HeaderLatestFromChannel": "Viimeksi {0}",
    "ButtonRemoteControl": "Kauko-ohjaus",
    "HeaderLatestTvRecordings": "Uusimmat tallenteet",
    "LabelCurrentPath": "Nykyinen polku:",
    "HeaderSelectMediaPath": "valitse median polku",
    "HeaderSelectPath": "Valitse polku",
    "ButtonNetwork": "Verkko",
    "MessageDirectoryPickerInstruction": "Verkkopolkuja voidaan sy\u00f6tt\u00e4\u00e4 manuaalisesti, jos verkko ei l\u00f6yd\u00e4 laitteita. Esimerkiksi {0} tai {1}.",
    "MessageDirectoryPickerBSDInstruction": "Jos k\u00e4yt\u00e4t BSD: t\u00e4, sinun on ehk\u00e4 m\u00e4\u00e4ritett\u00e4v\u00e4 tallennustilasi FreeNAS:ssa, jotta voit k\u00e4ytt\u00e4\u00e4 sit\u00e4.",
    "MessageDirectoryPickerLinuxInstruction": "Jos k\u00e4yt\u00e4t Linuxia kuten Arch Linux, CentOS, Debian, Fedora, OpenSuse tai Ubuntu, sinun on annettava Emby-j\u00e4rjestelm\u00e4n k\u00e4ytt\u00e4j\u00e4lle v\u00e4hint\u00e4\u00e4n lukuoikeus tallennuspaikkaasi.",
    "HeaderMenu": "Valikko",
    "ButtonOpen": "Avaa",
    "ButtonShuffle": "Sekoitus",
    "HeaderAudioTracks": "\u00c4\u00e4niraidat",
    "HeaderLibraries": "Kirjastot",
    "MessageErrorPlayingVideo": "Videon toistossa tapahtui virhe.",
    "MessageEnsureOpenTuner": "Varmista, ett\u00e4 k\u00e4ytett\u00e4viss\u00e4 on avoin vastaanotin.",
    "ButtonReports": "Raportit",
    "MetadataManager": "Metatietojen hallinta",
    "HeaderTime": "Aika",
    "LabelAddedOnDate": "lis\u00e4tty {0}",
    "ButtonStart": "Aloita",
    "OptionBlockOthers": "Muut",
    "OptionBlockTvShows": "TV-ohjelmat",
    "OptionBlockTrailers": "Trailerit",
    "OptionBlockMusic": "Musiikki",
    "OptionBlockMovies": "Elokuvat",
    "OptionBlockBooks": "Kirjat",
    "OptionBlockGames": "Pelit",
    "OptionBlockLiveTvPrograms": "Suorat TV-ohjelmat",
    "OptionBlockLiveTvChannels": "Suorat TV-kanavat",
    "OptionBlockChannelContent": "Internet Channel Content",
    "ButtonRevoke": "Peruuta",
    "MessageConfirmRevokeApiKey": "Haluatko varmasti peruuttaa t\u00e4m\u00e4n API-avaimen? Sovelluksen yhteys Emby Serveriin lopetetaan v\u00e4litt\u00f6m\u00e4sti.",
    "HeaderConfirmRevokeApiKey": "Peruuta Api-avain",
    "ValueContainer": "Container: {0}",
    "ValueAudioCodec": "Audiokoodekki: {0}",
    "ValueVideoCodec": "Videokoodekki: {0}",
    "ValueCodec": "Koodekki:  {0}",
    "ValueConditions": "Ehdot: {0}",
    "LabelAll": "Kaikki",
    "HeaderDeleteImage": "Poista kuva",
    "MessageFileNotFound": "Tiedostoa ei l\u00f6ydy.",
    "ButtonNextPage": "Seuraava sivu",
    "ButtonPreviousPage": "Edellinen sivu",
    "MessagePleaseAcceptTermsOfServiceBeforeContinuing": "Please accept the terms of service before continuing.",
    "OptionOff": "Off",
    "OptionOn": "On",
    "ButtonUninstall": "Poista",
    "HeaderLiveTV": "Live TV",
    "MissingPrimaryImage": "P\u00e4\u00e4kuva puuttuu.",
    "MissingBackdropImage": "Taustakuva puuttuu.",
    "MissingLogoImage": "Logo puuttuu.",
    "MissingEpisode": "Jakso puuttuu.",
    "OptionBackdrops": "Taustat",
    "OptionImages": "Kuvat",
    "OptionKeywords": "Avainsanat",
    "OptionTags": "Tagit",
    "OptionStudios": "Studiot",
    "OptionName": "Nimi",
    "OptionOverview": "Yleiskatsaus",
    "OptionGenres": "Genres",
    "OptionPeople": "People",
    "OptionBirthLocation": "Birth Location",
    "HeaderChangeFolderType": "Change Content Type",
    "HeaderChangeFolderTypeHelp": "To change the type, please remove and rebuild the library with the new type.",
    "HeaderAlert": "Alert",
    "MessagePleaseRestart": "Please restart to finish updating.",
    "ButtonHide": "Hide",
    "MessageSettingsSaved": "Settings saved.",
    "TabLibrary": "Library",
    "TabLiveTV": "Live TV",
    "TabPlugins": "Plugins",
    "TabHelp": "Help",
    "HeaderNotifications": "Notifications",
    "HeaderSelectPlayer": "Select Player",
    "HeaderSpecials": "Erityiset jaksot",
    "HeaderTrailers": "Trailerit",
    "HeaderResolution": "Resoluutio",
    "HeaderRuntime": "Soittoaika",
    "HeaderParentalRating": "Parental Rating",
    "HeaderReleaseDate": "Julkaisup\u00e4iv\u00e4",
    "HeaderSeries": "Series:",
    "HeaderSeason": "Kausi",
    "HeaderSeasonNumber": "Kauden numero",
    "HeaderNetwork": "Verkko",
    "HeaderYear": "Year:",
    "HeaderEmbeddedImage": "Embedded image",
    "HeaderTrack": "Kappale",
    "OptionCollections": "Collections",
    "OptionSeries": "Series",
    "OptionGames": "Games",
    "OptionGameSystems": "Game systems",
    "OptionMusicArtists": "Musiikin artistit",
    "OptionMusicAlbums": "Music albums",
    "OptionMusicVideos": "Music videos",
    "OptionSongs": "Songs",
    "OptionHomeVideos": "Home videos & photos",
    "OptionBooks": "Books",
    "ButtonUp": "Up",
    "ButtonDown": "Down",
    "LabelMetadataReaders": "Metadata readers:",
    "LabelMetadataReadersHelp": "Rank your preferred local metadata sources in order of priority. The first file found will be read.",
    "LabelSubtitleDownloaders": "Subtitle downloaders:",
    "SubtitleDownloadersHelp": "Enable and rank your preferred subtitle downloaders in order of priority. More subtitle providers can be installed using the Emby plugin catalog.",
    "LabelMetadataDownloaders": "Metadata downloaders:",
    "LabelMetadataDownloadersHelp": "Enable and rank your preferred metadata downloaders in order of priority. Lower priority downloaders will only be used to fill in missing information.",
    "LabelMetadataSavers": "Metadata savers:",
    "LabelMetadataSaversHelp": "Choose the file formats to save your metadata to.",
    "LabelImageFetchers": "Image fetchers:",
    "LabelImageFetchersHelp": "Enable and rank your preferred image fetchers in order of priority.",
    "PersonTypePerson": "Person",
    "OptionSortName": "Sort name",
    "LabelDateOfBirth": "Date of birth:",
    "HeaderRemoveMediaLocation": "Remove Media Location",
    "MessageConfirmRemoveMediaLocation": "Are you sure you wish to remove this location?",
    "LabelNewName": "New name:",
    "HeaderRemoveMediaFolder": "Remove Media Folder",
    "MessageTheFollowingLocationWillBeRemovedFromLibrary": "The following media locations will be removed from your Emby library:",
    "MessageAreYouSureYouWishToRemoveMediaFolder": "Are you sure you wish to remove this media folder?",
    "ButtonRename": "Rename",
    "ButtonChangeContentType": "Change content type",
    "HeaderMediaLocations": "Media Locations",
    "LabelContentTypeValue": "Content type: {0}",
    "FolderTypeUnset": "Mixed content",
    "HeaderPluginInstallation": "Plugin Installation",
    "MessageAlreadyInstalled": "This version is already installed.",
    "MessageYouHaveVersionInstalled": "You currently have version {0} installed.",
    "MessageTrialExpired": "The trial period for this feature has expired",
    "MessageTrialWillExpireIn": "The trial period for this feature will expire in {0} day(s)",
    "MessageInstallPluginFromApp": "This plugin must be installed from with in the app you intend to use it in.",
    "ValuePriceUSD": "Price: {0} (USD)",
    "MessageFeatureIncludedWithSupporter": "You are registered for this feature, and will be able to continue using it with an active Emby Premiere subscription.",
    "HeaderUnrated": "Unrated",
    "HeaderUnknownDate": "Unknown Date",
    "HeaderUnknownYear": "Unknown Year",
    "HeaderSelectExternalPlayer": "Select External Player",
    "HeaderExternalPlayerPlayback": "External Player Playback",
    "OptionWatched": "Watched",
    "OptionUnwatched": "Unwatched",
    "LabelMarkAs": "Mark as:",
    "OptionInProgress": "In-Progress",
    "LabelResumePoint": "Resume point:",
    "ValueOneTrailer": "1 trailer",
    "ValueTrailerCount": "{0} trailers",
    "ValueSeriesYearToPresent": "{0} - Present",
    "ValueAwards": "Awards: {0}",
    "ValuePremiered": "Premiered {0}",
    "ValuePremieres": "Premieres {0}",
    "ValueStudio": "Studio: {0}",
    "ValueStudios": "Studios: {0}",
    "ValueStatus": "Status: {0}",
    "LabelLimit": "Limit:",
    "ValueLinks": "Links: {0}",
    "ValueArtist": "Artisti: {0}",
    "ValueArtists": "Artistit: {0}",
    "MediaInfoCameraMake": "Camera make",
    "MediaInfoCameraModel": "Camera model",
    "MediaInfoAltitude": "Altitude",
    "MediaInfoAperture": "Aperture",
    "MediaInfoExposureTime": "Exposure time",
    "MediaInfoFocalLength": "Focal length",
    "MediaInfoOrientation": "Orientation",
    "MediaInfoIsoSpeedRating": "Iso speed rating",
    "MediaInfoLatitude": "Latitude",
    "MediaInfoLongitude": "Longitude",
    "MediaInfoShutterSpeed": "Shutter speed",
    "MediaInfoSoftware": "Software",
    "HeaderMovies": "Movies",
    "HeaderAlbums": "Albumit",
    "HeaderGames": "Games",
    "HeaderBooks": "Books",
    "HeaderEpisodes": "Episodes",
    "HeaderTracks": "Kappaleet",
    "HeaderItems": "Items",
    "HeaderOtherItems": "Other Items",
    "ValueAsRole": "as {0}",
    "ValueGuestStar": "Guest star",
    "TabExpert": "Expert",
    "HeaderSelectCustomIntrosPath": "Select Custom Intros Path",
    "HeaderThankYou": "Thank You",
    "ReleaseYearValue": "Release year: {0}",
    "TabExtras": "Extras",
    "DeviceLastUsedByUserName": "Last used by {0}",
    "HeaderSelectUploadPath": "Select Upload Path",
    "ErrorMessageStartHourGreaterThanEnd": "End time must be greater than the start time.",
    "ButtonLibraryAccess": "Library access",
    "ButtonParentalControl": "Parental control",
    "MessageUnableToConnectToServer": "We're unable to connect to the selected server right now. Please ensure it is running and try again.",
    "MessagePluginConfigurationRequiresLocalAccess": "To configure this plugin please sign in to your local server directly.",
    "MessageLoggedOutParentalControl": "Access is currently restricted. Please try again later.",
    "ButtonLinkMyEmbyAccount": "Link my account now",
    "MessageConnectAccountRequiredToInviteGuest": "In order to invite guests you need to first link your Emby account to this server.",
    "HeaderCancelSyncJob": "Cancel Sync",
    "MovieLibraryHelp": "Review the {0}Emby movie naming guide{1}.",
    "TvLibraryHelp": "Review the {0}Emby TV naming guide{1}.",
    "BookLibraryHelp": "Text books are supported. Review the {0}Emby Book naming guide{1}.",
    "MessageGamePluginRequired": "Requires installation of the GameBrowser plugin",
    "MessageUnsetContentHelp": "Content will be displayed as plain folders.",
    "ButtonNewServer": "New Server",
    "ButtonRemote": "Remote",
    "HeaderUnlockApp": "Unlock App",
    "HeaderUnlockSync": "Unlock Emby Sync",
    "MessagePaymentServicesUnavailable": "Payment services are currently unavailable. Please try again later.",
    "HeaderLibrary": "Library",
    "HeaderMedia": "Media",
    "NoNewDevicesFound": "No new devices found. To add a new tuner, close this dialog and enter the device information manually.",
    "NoResultsFound": "No results found.",
    "ManageLibrary": "Manage library",
    "HeaderConfirm": "Confirm",
    "MessageConfirmDeleteTunerDevice": "Are you sure you wish to delete this device?",
    "MessageConfirmDeleteGuideProvider": "Are you sure you wish to delete this guide provider?",
    "HeaderDeleteProvider": "Delete Provider",
    "ErrorAddingTunerDevice": "There was an error adding the tuner device. Please ensure it is accessible and try again.",
    "ErrorSavingTvProvider": "There was an error saving the TV provider. Please ensure it is accessible and try again.",
    "ErrorGettingTvLineups": "There was an error downloading tv lineups. Please ensure your information is correct and try again.",
    "MessageCreateAccountAt": "Create an account at {0}",
    "ErrorPleaseSelectLineup": "Please select a lineup and try again. If no lineups are available, then please check that your username, password, and postal code is correct.",
    "HeaderTryEmbyPremiere": "Try Emby Premiere",
    "OptionEnableDisplayMirroring": "Enable display mirroring",
    "ErrorValidatingSupporterInfo": "There was an error validating your Emby Premiere information. Please try again later.",
    "LabelLocalSyncStatusValue": "Status: {0}",
    "OptionBackdropSlideshow": "Backdrop slideshow",
    "HeaderTopPlugins": "Top Plugins",
    "ButtonOther": "Other",
    "HeaderSortBy": "Sort By",
    "HeaderSortOrder": "Sort Order",
    "ButtonMenu": "Menu",
    "ForAdditionalLiveTvOptions": "Browse the Emby {0}plugin catalog{1} to install additional Live TV providers.",
    "ButtonGuide": "Guide",
    "ButtonYes": "Yes",
    "AddUser": "Lis\u00e4\u00e4 K\u00e4ytt\u00e4j\u00e4",
    "ButtonNo": "No",
    "HeaderEmailAddress": "E-Mail Address",
    "NumLocationsValue": "{0} folders",
    "ErrorAddingListingsToSchedulesDirect": "There was an error adding the lineup to your Schedules Direct account. Schedules Direct only allows a limited number of lineups per account. You may need to log into the Schedules Direct website and remove others listings from your account before proceeeding.",
    "PleaseAddAtLeastOneFolder": "Please add at least one folder to this library by clicking the Add button.",
    "ErrorAddingMediaPathToVirtualFolder": "There was an error adding the media path. Please ensure the path is valid and the Emby Server process has access to that location.",
    "ErrorAddingEmbyConnectAccount3": "The Emby account is already linked to an existing local user. An Emby account can only be linked to one local user at a time.",
    "HeaderConfirmPluginInstallation": "Confirm Plugin Installation",
    "PleaseConfirmPluginInstallation": "Please click OK to confirm you've read the above and wish to proceed with the plugin installation.",
    "MessagePluginInstallDisclaimer": "Plugins built by Emby community members are a great way to enhance your Emby experience with additional features and benefits. Before installing, please be aware of the effects they may have on your Emby Server, such as longer library scans, additional background processing, and decreased system stability.",
    "TitleHardwareAcceleration": "Hardware Acceleration",
    "HardwareAccelerationWarning": "Enabling hardware acceleration may cause instability in some environments. Ensure that your operating system and video drivers are fully up to date. If you have difficulty playing video after enabling this, you'll need to change the setting back to Auto.",
    "ValueExample": "Example: {0}",
    "LabelFileOrUrl": "File or url:",
    "OptionEnableForAllTuners": "Enable for all tuner devices",
    "HeaderTuners": "Tuners",
    "LabelOptionalM3uUrl": "M3U url (optional):",
    "LabelOptionalM3uUrlHelp": "Some devices support an M3U channel listing.",
    "TabResumeSettings": "Resume Settings",
    "DrmChannelsNotImported": "Channels with DRM will not be imported.",
    "LabelAllowHWTranscoding": "Allow hardware transcoding",
    "AllowHWTranscodingHelp": "If enabled, allow the tuner to transcode streams on the fly. This may help reduce transcoding required by Emby Server.",
    "MetadataSettingChangeHelp": "Changing metadata settings will affect new content that is added going forward. To refresh existing content, open the detail screen and click the refresh button, or perform bulk refreshes using the metadata manager.",
    "RecordingPathChangeMessage": "Changing your recording folder will not migrate existing recordings from the old location to the new. You'll need to move them manually if desired.",
    "LabelSportsCategories": "Sports categories:",
    "XmlTvSportsCategoriesHelp": "Programs with these categories will be displayed as sports programs. Separate multiple with '|'.",
    "LabelNewsCategories": "News categories:",
    "XmlTvNewsCategoriesHelp": "Programs with these categories will be displayed as news programs. Separate multiple with '|'.",
    "LabelKidsCategories": "Children's categories:",
    "XmlTvKidsCategoriesHelp": "Programs with these categories will be displayed as programs for children. Separate multiple with '|'.",
    "LabelMovieCategories": "Movie categories:",
    "XmlTvMovieCategoriesHelp": "Programs with these categories will be displayed as movies. Separate multiple with '|'.",
    "XmlTvPathHelp": "A path to an xml tv file. Emby will read this file and periodically check it for updates. You are responsible for creating and updating the file.",
    "LabelBindToLocalNetworkAddress": "Bind to local network address:",
    "LabelBindToLocalNetworkAddressHelp": "Optional. Override the local IP address that Emby Server will present to Emby apps. If left blank, the server will automatically detect the local IP address.",
    "TitleHostingSettings": "Hosting Settings",
    "SettingsWarning": "Changing these values may cause instability or connectivity failures. If you experience any problems, we recommend changing them back to default.",
    "MapChannels": "Map Channels",
    "OptionSaveMetadataAsHiddenHelp": "Changing this will apply to new metadata saved going forward. Existing metadata files will be updated the next time they are saved by Emby Server.",
    "EnablePhotos": "Enable photos",
    "EnablePhotosHelp": "Photos will be detected and displayed alongside other media files.",
    "LabelMaxAudioFileBitrate": "Max audio file bitrate:",
    "LabelMaxAudioFileBitrateHelp": "Audio files with a higher bitrate will be converted by Emby Server. Select a higher value for better quality, or a lower value to conserve local storage space.",
    "SaveThumbnailImagesIntoMediaFolders": "Tallenna esikatselukuvat mediakansioon",
    "OptionExtractThumbnailImage": "Salli esikatselukuvien luominen",
    "LabelEnableDebugLogging": "Enable debug logging",
    "OptionEnableExternalContentInSuggestions": "Enable external content in suggestions",
    "OptionEnableExternalContentInSuggestionsHelp": "Allow internet trailers and live tv programs to be included within suggested content.",
    "LabelH264EncodingPreset": "H264 encoding preset:",
    "H264EncodingPresetHelp": "Choose a faster value to improve performance, or a slower value to improve quality.",
    "LabelH264Crf": "H264 encoding CRF:",
    "H264CrfHelp": "The Constant Rate Factor (CRF) is the default quality setting for the x264 encoder. You can set the values between 0 and 51, where lower values would result in better quality (at the expense of higher file sizes). Sane values are between 18 and 28. The default for x264 is 23, so you can use this as a starting point.",
    "LabelOptionalNetworkPath": "(Optional) Shared network folder:",
    "LabelOptionalNetworkPathHelp": "If this folder is shared on your network, supplying the network share path can allow Emby apps on other devices to access media files directly.",
    "SynologyUpdateInstructions": "Please login to DSM and go to Package Center to update.",
    "LabelMoviePrefix": "Movie prefix:",
    "LabelMoviePrefixHelp": "If a prefix is applied to movie titles, enter it here so that Emby can handle it properly.",
    "HeaderRecordingPostProcessing": "Recording Post Processing",
    "LabelPostProcessorArguments": "Post-processor command line arguments:",
    "LabelPostProcessorArgumentsHelp": "Use {path} as the path to the recording file.",
    "LabelPostProcessor": "Post-processing application:",
    "ErrorAddingXmlTvFile": "There was an error accessing the XmlTV file. Please ensure the file exists and try again.",
    "OptionAutomaticallyGroupSeries": "Automatically merge series that are spread across multiple folders",
    "OptionAutomaticallyGroupSeriesHelp": "If enabled, series that are spread across multiple folders within this library will be automatically merged into a single series.",
    "WhenDidYouPurchaseApp": "When did you originally purchase this app?",
    "PreferEmbeddedTitlesOverFileNames": "Prefer embedded titles over filenames",
    "PreferEmbeddedTitlesOverFileNamesHelp": "This determines the default display title when no internet metadata or local metadata is available.",
    "HeaderLiveTvTunerSetup": "Live TV Tuner Setup",
    "HeaderTVSourceSetup": "TV Source Setup",
    "HeaderDetectMyDevices": "Detect My Devices",
    "MessagePleaseWait": "Please wait. This may take a minute.",
    "DetectingDevices": "Detecting devices",
    "LabelAutomaticallyRefreshInternetMetadataEvery": "Automatically refresh metadata from the internet:",
    "Never": "Never",
    "EveryNDays": "Every {0} days",
    "HeaderNewDevices": "New Devices",
    "LabelCertificatePassword": "Certificate password:",
    "LabelCertificatePasswordHelp": "If your certificate requires a password, please enter it here.",
    "LabelEnableHardwareDecodingFor": "Enable hardware decoding for:",
    "EnableHardwareEncoding": "Enable hardware encoding",
    "Rate": "Rate",
    "HeaderNewLibrary": "New Library",
    "HttpsRequiresCert": "To enable secure connections, you will need to supply a trusted SSL certificate, such as Lets Encrypt. Please either supply a certificate, or disable secure connections.",
    "ServerRestartNeededAfterPluginInstall": "Emby Server will need to be restarted after installing a plugin.",
    "PluginInstalledMessage": "The plugin has been successfully installed. Emby Server will need to be restarted for changes to take effect.",
    "Themes": "Themes",
    "MessagePremiereStatusGood": "You have a {0} Emby Premiere plan and your device usage is well within your limit.",
    "MessagePremiereStatusClose": "You have a {0} Emby Premiere plan, but your device usage is close to the limit.",
    "MessagePremiereExtendedPlans": "Consider an {0}extended device plan{1}",
    "MessagePremiereStatusOver": "You have a {0} Emby Premiere plan, but you are over your device limit!",
    "ListItemPremiereSub": "{0} subscription purchased via {2} expires {1}",
    "LabelClickToCancel": "Click to cancel this subscription",
    "LabelCancelInfo": "You can manage this subscription directly with {0}",
    "LabelAlreadyCanceled": "This subscription has been canceled. Key will remain valid until expiration.",
    "HeaderCancelSub": "Cancel Emby Premiere",
    "MessageConfirmSubCancel": "NO, Please don't go... You will miss out on all the great features of Emby Premiere!",
    "ButtonCancelSub": "I know, cancel it anyway",
    "ButtonDontCancelSub": "Keep Emby Premiere",
    "MessageSubCancelReqSent": "An email has been sent to the owner of the key. Please follow the instructions in that email to complete the cancellation of this subscription. We hope to see you back soon!",
    "MessageSubCancelError": "Something went wrong trying to cancel.  Please send an email to {0} and we'll get you squared away.",
    "LabelAlreadyCancelled": "This subscription has been cancelled. You will not be charged again but the features will work until the date above.",
    "AllowOnTheFlySubtitleExtraction": "Allow subtitle extraction on the fly",
    "AllowOnTheFlySubtitleExtractionHelp": "Embedded subtitles can be extracted from videos and delivered to Emby apps in plain text in order to help prevent video transcoding. On some systems this can take a long time and cause video playback to stall during the extraction process. Disable this to have embedded subtitles burned in with video transcoding when they are not natively supported by the client device.",
    "ButtonStopRecording": "Stop Recording",
    "EnableDebugLoggingHelp": "Debug logging should only be enabled as needed for troubleshooting purposes. The increased file system access may prevent the server machine from being able to sleep in some environments.",
    "LabelSimultaneousConnectionLimit": "Simultaneous stream limit:",
    "SimultaneousConnectionLimitHelp": "The maximum number of allowed simultaneous streams. Enter 0 for no limit.",
    "LaunchWebAppOnStartup": "Launch the Emby web app in my web browser when Emby Server starts",
    "LaunchWebAppOnStartupHelp": "This will open the web app in your default web browser when Emby Server initially starts. This will not occur when using the restart server function.",
    "LabelReferrerHeader": "Referrer http header:",
    "LabelUserAgentHeader": "User agent http header:",
    "SupplyCustomValueIfNeeded": "Supply a custom http header value, if necessary.",
    "HeaderConfigureRemoteAccess": "Configure Remote Access",
    "LearnHowToCreateSynologyShares": "Learn how to share folders in Synology.",
    "LabelAllowedRemoteAddresses": "Remote IP address filter:",
    "LabelAllowedRemoteAddressesMode": "Remote IP address filter mode:",
    "Whitelist": "Whitelist",
    "Blacklist": "Blacklist",
    "AllowedRemoteAddressesHelp": "Comma separated list of IP addresses or IP\/netmask entries for networks that will be allowed to connect remotely. If left blank, all remote addresses will be allowed.",
    "LabelLanNetworks": "LAN networks:",
    "LanNetworksHelp": "Comma separated list of IP addresses or IP\/netmask entries for networks that will be considered on local network when enforcing bandwidth restrictions. If set, all other IP addresses will be considered to be on the external network and will be subject to the external bandwidth restrictions. If left blank, only the server's subnet and common private IP subnets (10.0.0.0\/8, 192.168.0.0\/24, etc.) are considered to be on the local network.",
    "LabelSecureConnectionsMode": "Secure connection mode:",
    "PreferredNotRequired": "Preferred, but not required",
    "RequiredForAllRemoteConnections": "Required for all remote connections",
    "HandledByProxy": "Handled by reverse proxy",
    "SaveSubtitlesIntoMediaFolders": "Save subtitles into media folders",
    "SaveSubtitlesIntoMediaFoldersHelp": "Storing subtitles next to video files will allow them to be more easily managed.",
    "AutomaticSubtitleDownloadInstructions": "To manage automatic subtitle downloading, click on a library in Emby library setup, and edit the subtitle downloading settings for that library.",
    "OpenSubtitleInstructions": "You'll need to configure Open Subtitles account information on the Open Subtitles configuration screen in the Emby Server dashboard.",
    "LabelEnableHardwareAcceleration": "Enable hardware acceleration when available:",
    "HeaderPreferredHardwareDecoders": "Preferred Hardware Decoders",
    "HeaderPreferredHardwareEncoders": "Preferred Hardware Encoders",
    "AllowChangingImageAndPassword": "Allow this user to change their password and profile image",
    "LabelTranscodeBuffer": "Transcode buffer:",
    "LabelTranscodePosition": "Transcode position:",
    "LabelPlaybackPosition": "Playback position:",
    "LabelSimultaneousStreamLimit": "Max simultaneous video streams:",
    "SimultaneousStreamLimitHelp": "Limit the number of concurrent video playback sessions."
}