{
    "LabelLocalIpAddress": "Indirizzo IP locale:",
    "LabelPrevious": "Precedente",
    "LabelFinish": "Finito",
    "LabelNext": "Prossimo",
    "LabelYoureDone": "Hai Finito!",
    "ThisWizardWillGuideYou": "Questa procedura ti guider\u00e0 attraverso il processo di installazione. Per iniziare, per favore scegli la tua lingua preferita.",
    "HeaderCreateYourFirstUser": "Crea il tuo primo utente",
    "ButtonQuickStartGuide": "Guida rapida",
    "MoreUsersCanBeAddedLater": "Altri utenti possono essere aggiunti in un secondo momento dal Pannello di Controllo.",
    "UserProfilesIntro": "Emby include il supporto integrato per i profili utente, che permette ad ogni utente di avere le proprie impostazioni di visualizzazione, stato di riproduzione e controlli parentali.",
    "WizardCompleted": "Questo \u00e8 tutto ci\u00f2 che serve per ora. Emby ha iniziato a raccogliere informazioni sulla tua libreria di media. Scopri alcune delle nostre app, quindi clicca su <b>Fine<\/b> per visualizzare il <b>Pannello di Controllo del server<\/b>.",
    "HeaderTermsOfService": "Termini di servizio di Emby",
    "MessagePleaseAcceptTermsOfService": "Per favore accetta i termini di servizio e l'informativa sulla privacy prima di continuare.",
    "OptionIAcceptTermsOfService": "Accetto i termini di servizio",
    "HeaderGuideDataSetup": "Guide Data Setup",
    "LabelGuideSource": "Guide source:",
    "SeeOurHwaGuide": "See our {0}hardware acceleration setup guide{1}.",
    "HeaderEmbyServerReleaseNotes": "Note di versione di Emby Server",
    "AllowSubtitleDownloading": "Consenti lo  scaricamento di sottotitoli",
    "AllowSubtitleManagement": "Consenti l'eliminazione di sottotitoli esistenti",
    "NewUserNameHelp": "Cos\u00ec \u00e8 come l'utente apparir\u00e0 sul tuo server",
    "ChapterMarkers": "Marcatori di capitolo",
    "LabelThumbnailImagesInterval": "Intervallo di miniatura delle immagini:",
    "ThumbnailImagesIntervalHelp": "More frequent thumbnails will result in a better experience, but will require  more disk space and time to create the images.",
    "LabelAuthProvider": "Provider di autenticazione:",
    "AuthProviderHelp": "Gli amministratori utilizzano sempre il provider predefinito di Emby per assicurarti di non rimaner bloccato.",
    "HeaderNewUser": "Nuovo Utente",
    "HeaderNewApiKey": "Nuova Chiave Api",
    "EditServerDisplayName": "Cambia il nome visualizzato del server",
    "LabelPinCode": "Codice pin:",
    "ShowAdvancedSettings": "Mostra opzioni avanzate",
    "ChangingMetadataImageSettingsNewContent": "Le modifiche ai metadati o alle impostazioni di download delle illustrazioni verranno applicate solo ai nuovi contenuti aggiunti alla libreria. Per applicare le modifiche ai titoli esistenti, \u00e8 necessario aggiornare manualmente i metadati.",
    "AllowRemoteAccess": "Abilit\u00e0 connessioni remote a questo Server Emby.",
    "AllowRemoteAccessHelp": "Se deselezionato, tutte le connessioni remote saranno bloccate.",
    "Alerts": "Avvisi",
    "LabelTrackTitleDisplay": "Embedded track title display:",
    "GenerateUserFriendlyTrackTitles": "Genera titoli di facile comprensione utilizzando le informazioni della traccia",
    "PreferOriginalTrackTitles": "Dai la precedenza a titoli incorporati",
    "TrackTitleDisplayHelp": "Choose the display title of embedded audio and subtitle tracks. Preferring embedded is not recommended unless you are manually curating embedded track information.",
    "EnableTranscodingThrottle": "Abilita il throttling",
    "EnableTranscodingThrottleHelp": "Emby regoler\u00e0 dinamicamente la velocit\u00e0 di transcodifica basandosi per ridurre l'utilizzo della CPU.",
    "LabelTypeMetadataDownloaders": "{0} downloader metadati:",
    "HeaderTypeImageFetchers": "{0} Scraper Immagini",
    "HeaderImageOptions": "Opzioni Immagine",
    "OptionBeta": "Beta",
    "HeaderTaskTriggers": "Operazioni Pianificate",
    "HeaderPaths": "Percorsi",
    "CategorySync": "Sinc.",
    "RegisterWithPayPal": "Registrati con PayPal",
    "LabelSyncTempPath": "Percorso file temporanei:",
    "LabelSyncTempPathHelp": "Specifica una cartella per la sincronizzazione. I media creati durante la sincronizzazione verranno memorizzati qui.",
    "LabelCustomCertificatePath": "Percorso certificato personalizzato ssl:",
    "LabelCustomCertificatePathHelp": "Percorso del file PKCS #12 contenente il certificato e la chiave private per abilitare il supporto TLS in un dominio personalizzato.",
    "HeaderSetupLibrary": "Imposta le tue librerie multimediali.",
    "LabelTimeLimitHours": "Tempo limite (ore):",
    "HeaderPreferredMetadataLanguage": "Lingua Preferita per i Metadati",
    "LabelSaveLocalMetadata": "Salva immagini nelle cartelle multimediali",
    "LabelSaveLocalMetadataHelp": "Il salvataggio di immagini direttamente nelle cartelle multimediali consentir\u00e0 di tenerle in un posto dove possono essere facilmente modificati.",
    "TabPassword": "Password",
    "TabLibraryAccess": "Accesso alla libreria",
    "TabAccess": "Accesso",
    "TabImage": "Immagine",
    "TabProfile": "Profilo",
    "TabMetadata": "Metadati",
    "TabImages": "Immagini",
    "HeaderDeviceAccess": "Accesso al dispositivo",
    "OptionEnableAccessFromAllDevices": "Abilita l'accesso da tutti i dispositivi",
    "OptionEnableAccessToAllChannels": "Abilita l'accesso a tutti i canali",
    "OptionEnableAccessToAllLibraries": "Abilita l'accesso a tutte le librerie",
    "DeviceAccessHelp": "Si applica solo ai dispositivi che possono essere identificati univocamente e non impedir\u00e0 l'accesso dal browser. Filtrare l'accesso ai dispositivi dell'utente impedir\u00e0 di usare nuovi dispositivi fino a quando non saranno stati approvati qui.",
    "LabelDisplayMissingEpisodesWithinSeasons": "Visualizza gli episodi mancanti nelle stagioni",
    "LabelDisplayMissingEpisodesWithinSeasonsHelp": "Questo deve anche essere abilitato per le librerie TV nella configurazione del Server Emby.",
    "LabelUnairedMissingEpisodesWithinSeasons": "Visualizza episodi mai andati in onda nelle stagioni",
    "ImportMissingEpisodesHelp": "Se abilitato, le informazioni relative agli episodi mancanti saranno importate nel database di Emby e mostrate all'interno di Serie e  Stagioni. Questo pu\u00f2 causare scansioni della libreria pi\u00f9 lente.",
    "MessageEnablingOptionLongerScans": "L'abilitazione di questa opzione pu\u00f2 rallentare significativamente le scansioni della libreria.",
    "TabSecurity": "Sicurezza",
    "ButtonSave": "Salva",
    "LabelUrl": "Url:",
    "HeaderCreatePassword": "Crea Password",
    "LabelMaxParentalRating": "Massima classificazione per genitori consentita:",
    "MaxParentalRatingHelp": "I contenuti con classificazione pi\u00f9 elevata saranno nascosti a questo utente.",
    "LibraryAccessHelp": "Seleziona le cartelle multimediali da condividere con questo utente. Gli amministratori saranno in grado di modificare tutte le cartelle utilizzando il gestore dei metadati.",
    "ChannelAccessHelp": "Seleziona i canali da condividere con questo utente. Gli amministratori saranno in grado di modificare tutti i canali usando il gestore dei metadati",
    "ButtonDeleteImage": "Elimina immagine",
    "LabelSelectUsers": "Seleziona Utenti:",
    "HeaderUploadNewImage": "Carica nuova immagine",
    "ImageUploadAspectRatioHelp": "1:1 Rapporto dimensioni raccomandato. Solo JPG\/PNG.",
    "MessagePleaseEnsureInternetMetadata": "Assicurarsi che il download dei metadati Internet sia abilitato.",
    "AlreadyPaidHelp1": "Se hai gi\u00e0 pagato per installare una versione precedente di Media Browser per Android, non devi pagare nuovamente per attivare questa app. Premi OK per inviarci una e-mail a {0} e provvederemo  ad attivarla per te.",
    "AlreadyPaidHelp2": "Hai Emby Premiere? Cancella questo dialogo, configura Emby Premiere dal Pannello di controllo di Emby Server, sotto Aiuto -> Emby Premiere e sar\u00e0 sbloccato automaticamente.",
    "TabSuggestions": "Suggerimenti",
    "TabLatest": "Novit\u00e0",
    "TabUpcoming": "In Arrivo",
    "TabShows": "Spettacoli",
    "TabEpisodes": "Episodi",
    "TabGenres": "Generi",
    "TabNetworks": "Reti",
    "HeaderUsers": "Utenti",
    "TabMyPlugins": "I miei Plug-in",
    "TabCatalog": "Catalogo",
    "TitlePlugins": "Plug-in",
    "HeaderAutomaticUpdates": "Aggiornamenti Automatici",
    "HeaderLatestAlbums": "Ultimi Album",
    "HeaderLatestSongs": "Ultimi Brani",
    "LabelVideoType": "Tipo di video:",
    "OptionBluray": "Bluray",
    "OptionDvd": "Dvd",
    "OptionIso": "Iso",
    "Option3D": "3D",
    "Standard": "Standard",
    "LabelLastResult": "Ultimo risultato:",
    "OptionHasSpecialFeatures": "Contenuti speciali",
    "OptionImdbRating": "Voto IMDB",
    "OptionParentalRating": "Classificazione per genitori",
    "OptionPremiereDate": "Data della prima",
    "TabBasic": "Base",
    "TabAdvanced": "Avanzato",
    "TabGeneral": "Generale",
    "TitleSupport": "Supporto",
    "TabAbout": "Info",
    "TabSupporterKey": "Seriale Emby Premiere",
    "TabBecomeSupporter": "Ottieni Emby Premiere",
    "TabEmbyPremiere": "Emby Premiere",
    "OptionHideUserLocal": "Hide this user from login screens on the local network",
    "OptionHideUserRemote": "Hide this user from login screens when connected remotely",
    "OptionHideUserFromLoginHelp": "Utile per account nascosti o amministratore. L'utente avr\u00e0 bisogno di accedere manualmente utilizzando la propria username e password",
    "OptionDisableUser": "Disabilita questo utente",
    "OptionDisableUserHelp": "Se disabilitato, il server non sar\u00e0 disponibile per questo utente. Le connessioni esistenti verranno terminate.",
    "ButtonHelp": "Aiuto",
    "OptionAllowUserToManageServer": "Consenti a questo utente di accedere alle impostazioni del server",
    "HeaderFeatureAccess": "Accesso alle funzionalit\u00e0",
    "OptionAllowMediaPlayback": "Consenti la riproduzione dei media",
    "OptionAllowBrowsingLiveTv": "Consenti accesso alla TV in Diretta",
    "AllLibraries": "Tutte le librerie",
    "HeaderAllowMediaDeletionFrom": "Abilita Eliminazione Media Da",
    "AllowDeletionFromAll": "Consenti l'eliminazione dei media da tutte le librerie",
    "OptionAllowManageLiveTv": "Consenti la gestione delle registrazioni TV",
    "OptionAllowRemoteControlOthers": "Consenti il controllo remoto di altri utenti",
    "OptionAllowRemoteSharedDevices": "Consenti il controllo remoto dei dispositivi condivisi",
    "OptionAllowRemoteSharedDevicesHelp": "I dispositivi DLNA sono considerati condivisi fino a quando un utente non inizia a controllarli.",
    "OptionAllowLinkSharing": "Consenti la condivisione dei media",
    "OptionAllowLinkSharingHelp": "Solo le pagine web contenente informazioni sui media sono condivise. I file media non vengono mai condivisi pubblicamente. Le condivisioni scadono dopo {0} giorni.",
    "OptionMissingTmdbId": "Id Tmdb mancante",
    "OptionIsHD": "HD",
    "OptionIsSD": "SD",
    "ButtonSelect": "Seleziona",
    "HeaderCredits": "Ringraziamenti",
    "PleaseSupportOtherProduces": "Per favore supporta gli altri prodotti gratuiti che utilizziamo:",
    "VersionNumber": "Versione {0}",
    "TabPaths": "Percorsi",
    "TabServer": "Server",
    "OptionRelease": "Versione Ufficiale",
    "LabelAllowServerAutoRestart": "Consenti al server di Riavviarsi automaticamente per applicare gli aggiornamenti",
    "LabelAllowServerAutoRestartHelp": "Il server si Riavvier\u00e0 solamente quando nessun utente \u00e8 connesso.",
    "LabelRunServerAtStartup": "Esegui il server all'avvio di Windows",
    "LabelRunServerAtStartupHelp": "Se hai impostato un servizio Windows, lasciate questa opzione deselezionata e configurate il servizio da eseguire all'avvio.",
    "ButtonSelectDirectory": "Seleziona cartella",
    "LabelCachePath": "Percorso cache:",
    "DefaultMetadataLangaugeDescription": "Queste sono le tue impostazioni predefinite e possono essere personalizzate per ogni libreria.",
    "LabelCachePathHelp": "Specificare un percorso personalizzato per i file della cache del server, ad esempio immagini. Lasciare vuoto per usare il server predefinito.",
    "LabelRecordingPath": "Percorso di registrazione predefinito:",
    "LabelMovieRecordingPath": "Percorso di registrazione film (opzionale):",
    "LabelSeriesRecordingPath": "Percorso di registrazione serie TV (opzionale):",
    "LabelRecordingPathHelp": "Indica la posizione predefinita in cui salvare le registrazioni. Se lasciata vuota, sar\u00e0 usata la cartella dei dati del server.",
    "LabelMetadataPath": "Percorso per i metadati:",
    "LabelMetadataPathHelp": "Specificare un percorso personalizzato per le immagini e i metadati scaricati.",
    "LabelTranscodingTempPath": "Cartella temporanea per la trascodifica:",
    "LabelTranscodingTempPathHelp": "Questa cartella contiene i file di lavoro utilizzati dal transcoder. Specificare un percorso personalizzato, oppure lasciare vuoto per utilizzare l'impostazione predefinita all'interno della cartella dei dati del server.",
    "TabBasics": "Base",
    "TabTV": "Serie TV",
    "TabGames": "Giochi",
    "TabMusic": "Musica",
    "TabOthers": "Altro",
    "OptionMovies": "Film",
    "OptionEpisodes": "Episodi",
    "OptionOtherVideos": "Altri Video",
    "ExtractThumbnailImagesHelp": "Creating thumbnail images will allow Emby apps to display graphical scene selection menus. The process can be slow, cpu-intensive and may require several gigabytes of space. It runs when videos are discovered, and also as a nightly scheduled task. The schedule is configurable in the scheduled tasks area. It is not recommended to run this task during peak usage hours.",
    "TabGuide": "Guida",
    "TabChannels": "Canali",
    "TabCollections": "Collezioni",
    "HeaderChannels": "Canali",
    "TabRecordings": "Registrazioni",
    "TabSeries": "Serie TV",
    "TabFavorites": "Preferiti",
    "TabMyLibrary": "La mia Libreria",
    "TabSettings": "Impostazioni",
    "ButtonRefreshGuideData": "Aggiorna la guida",
    "ButtonRefresh": "Aggiorna",
    "OptionPriority": "Priorit\u00e0",
    "OptionRecordOnAllChannels": "Registra su tutti i canali",
    "OptionRecordAnytime": "Registra a qualsiasi ora",
    "OptionRecordOnlyNewEpisodes": "Registra solo i nuovi episodi",
    "HeaderDays": "Giorni",
    "ButtonEdit": "Modifica",
    "ButtonRecord": "Registra",
    "ButtonDelete": "Elimina",
    "ButtonRemove": "Rimuovi",
    "OptionRecordSeries": "Registra Serie TV",
    "HeaderDetails": "Dettagli",
    "TitleLiveTV": "Tv in Diretta",
    "LabelNumberOfGuideDays": "Numero di giorni per i quali scaricare i dati della guida:",
    "LabelNumberOfGuideDaysHelp": "Scaricando pi\u00f9 giorni si avr\u00e0 la possibilit\u00e0 di pianificare in anticipo pi\u00f9 programmi e vedere pi\u00f9 liste, ma il tempo di download si allungher\u00e0. 'Auto': MB sceglier\u00e0 automaticamente in base al numero di canali.",
    "OptionAutomatic": "Auto",
    "HeaderServices": "Servizi",
    "LabelCustomizeOptionsPerMediaType": "Personalizza per il tipo di supporto:",
    "OptionDownloadThumbImage": "Foto",
    "OptionDownloadMenuImage": "Men\u00f9",
    "OptionDownloadLogoImage": "Logo",
    "OptionDownloadBoxImage": "Box",
    "OptionDownloadDiscImage": "Disco",
    "OptionDownloadBannerImage": "Banner",
    "OptionDownloadBackImage": "Indietro",
    "OptionDownloadArtImage": "Art",
    "OptionDownloadPrimaryImage": "Locandina",
    "HeaderFetchImages": "Identifica Immagini:",
    "TabOther": "Altro",
    "LabelMaxBackdropsPerItem": "Massimo numero di sfondi per oggetto:",
    "LabelMaxScreenshotsPerItem": "Massimo numero di foto per oggetto:",
    "LabelMinBackdropDownloadWidth": "Massima larghezza sfondo:",
    "LabelMinScreenshotDownloadWidth": "Larghezza minima screenshot scaricati:",
    "ButtonAddScheduledTaskTrigger": "Aggiungi operazione",
    "HeaderAddScheduledTaskTrigger": "Aggiungi operazione",
    "ButtonAdd": "Aggiungi",
    "LabelTriggerType": "Tipo Evento:",
    "OptionDaily": "Giornaliero",
    "OptionWeekly": "Settimanale",
    "OptionOnInterval": "Su intervallo",
    "OptionOnAppStartup": "All'avvio",
    "OptionAfterSystemEvent": "Dopo un evento di sistema",
    "LabelDay": "Giorno:",
    "LabelTime": "Ora:",
    "LabelEvent": "Evento:",
    "OptionWakeFromSleep": "Risveglio:",
    "LabelEveryXMinutes": "Tutti:",
    "HeaderTvTuners": "Tuner TV",
    "TabFolders": "Cartelle",
    "LabelSpecialSeasonsDisplayName": "Nome della stagione speciale:",
    "LabelEnableRealtimeMonitor": "Abilita monitoraggio in tempo reale",
    "LabelEnableRealtimeMonitorHelp": "Le modifiche ai file saranno applicate immediatamente, sui file system supportati.",
    "HeaderMediaFolders": "Cartelle dei media",
    "HeaderThemeVideos": "Video Sigle",
    "HeaderThemeSongs": "Sigle",
    "HeaderSpecialFeatures": "Contenuti Speciali",
    "HeaderAdditionalParts": "Parti addizionali",
    "ButtonSplitVersionsApart": "Separa Versioni",
    "ButtonPlayTrailer": "Trailer",
    "LabelMissing": "Mancante",
    "OptionSpecialEpisode": "Speciali",
    "OptionMissingEpisode": "Episodi mancanti",
    "OptionUnairedEpisode": "Episodi mai andati in onda",
    "OptionEpisodeSortName": "Ordina episodi per nome",
    "OptionTvdbRating": "Voto Tvdb",
    "HeaderAddTitles": "Aggiungi titoli",
    "TabHome": "Home",
    "HeaderLinks": "Link",
    "LinkCommunity": "Comunit\u00e0",
    "LinkGithub": "Github",
    "LinkApi": "API",
    "LabelFriendlyServerName": "Nome condiviso del server:",
    "LabelFriendlyServerNameHelp": "Questo nome \u00e8 usato per identificare il server sulla rete.Se lasciato vuoto verra usato il nome del pc",
    "LabelPreferredDisplayLanguage": "Lingua preferita visualizzata",
    "LabelPreferredDisplayLanguageHelp": "La traduzione di Emby \u00e8 un progetto attivo.",
    "LabelReadHowYouCanContribute": "Scopri come puoi contribuire.",
    "ButtonSubmit": "Invia",
    "ButtonCreate": "Crea",
    "LabelCustomCss": "CSS Personalizzato",
    "LabelCustomCssHelp": "Applica il tuo CSS personale all'interfaccia web",
    "LabelLocalHttpServerPortNumber": "Porta HTTP locale",
    "LabelLocalHttpServerPortNumberHelp": "Numero di porta TCP da associare al server http di Emby",
    "LabelPublicHttpPort": "Porta HTTP pubblica",
    "LabelPublicHttpPortHelp": "Numero di porta pubblica che dovrebbe essere mappato sulla porta HTTP locale.",
    "LabelPublicHttpsPort": "Numero porta HTTPS pubblica",
    "LabelPublicHttpsPortHelp": "Numero della porta pubblica che dovrebbe essere mappato sulla porta HTTPS locale.",
    "RequireHttps": "Richiedi https per connessioni esterne",
    "RequireHttpsHelp": "Se abilitato, le connessione attraverso http verranno reinderizzate tramite https.",
    "LabelHttpsPort": "Porta HTTPS locale",
    "LabelHttpsPortHelp": "Numero di porta TCP da associare al server https di Emby",
    "LabelEnableAutomaticPortMap": "Abilita mappatura automatica delle porte",
    "LabelEnableAutomaticPortMapHelp": "Tenta di mappare automaticamente la porta pubblica sulla porta locale tramite UPnP. Questo potrebbe non funzionare con alcuni modelli di router.",
    "LabelExternalDDNS": "Dominio esterno:",
    "LabelExternalDDNSHelp": "Se hai un DNS dinamico inseriscilo qui. Le applicazioni Emby lo useranno per le connessioni remote. Questo campo \u00e8 richiesto quando si usa un certificato SSL personalizzato. Esempio: miodominio.com",
    "LabelMinResumePercentage": "Percentuale minima per il riprendi",
    "LabelMaxResumePercentage": "Percentuale massima per il riprendi",
    "LabelMinResumeDuration": "Durata minima per il riprendi (secondi)",
    "LabelMinResumePercentageHelp": "I film Sono considerati non visti se fermati prima di questo tempo",
    "LabelMaxResumePercentageHelp": "I film sono considerati visti se fermati dopo questo tempo",
    "LabelMinResumeDurationHelp": "I film pi\u00f9 corti non saranno riprendibili",
    "HeaderName": "Nome",
    "HeaderDate": "Data",
    "HeaderSource": "Sorgente",
    "HeaderStatus": "Stato",
    "HeaderDestination": "Destinazione",
    "Subscriptions": "Sottoscrizioni",
    "HeaderProgram": "Programma",
    "HeaderClients": "Dispositivi",
    "LabelCompleted": "Completato",
    "LabelFailed": "Fallito",
    "LabelSkipped": "Saltato",
    "LabelSeries": "Serie:",
    "LabelEndingEpisodeNumber": "Numero ultimo episodio:",
    "LabelEndingEpisodeNumberHelp": "Richiesto solo se ci sono pi\u00f9 file per episodio",
    "HeaderSupportTheTeam": "Supporta il Team di Emby",
    "HeaderSupportTheTeamHelp": "Aiuta ad assicurare uno sviluppo continuativo del progetto acquistando Emby Premiere. Una parte del guadagno verr\u00e0 donata ad altri strumenti gratuiti da cui dipendiamo.",
    "DonationNextStep": "Una volta completata, per favore ritorna qui e inserisci la tua chiave Emby Premiere che riceverai tramite e-mail",
    "LabelSeasonFolderPattern": "Modello della cartella Stagione:",
    "LabelSeasonZeroFolderName": "Nome della cartella Stagione Zero:",
    "HeaderResult": "Risultato",
    "LabelTransferMethod": "Metodo di trasferimento",
    "HeaderLatestNews": "Ultime Novit\u00e0",
    "HeaderRunningTasks": "Operazioni in corso",
    "HeaderActiveDevices": "Dispositivi Connessi",
    "HeaderPendingInstallations": "installazioni in coda",
    "ButtonRestartNow": "Riavvia Adesso",
    "ButtonShutdown": "Arresta Server Emby",
    "ButtonUpdateNow": "Aggiorna Adesso",
    "TabHosting": "Hosting",
    "PleaseUpdateManually": "Per favore Arresta il server ed installa l'ultima versione.",
    "NewServerVersionAvailable": "E' disponibile una nuova versione del Server Emby!",
    "ServerUpToDate": "Il Server Emby \u00e8 aggiornato",
    "LabelComponentsUpdated": "I seguenti componenti sono stati installati o aggiornati:",
    "MessagePleaseRestartServerToFinishUpdating": "Si prega di riavviare il server per completare l'applicazione degli aggiornamenti.",
    "LabelDownMixAudioScale": "Boost audio durante il downmix:",
    "LabelDownMixAudioScaleHelp": "Aumenta il volume durante il downmix. Impostalo su 1 per mantenere il volume originale",
    "LabelCurrentEmailAddress": "Indirizzo mail attuale",
    "LabelCurrentEmailAddressHelp": "L'indirizzo email attuale a cui la nuova chiave \u00e8 stata inviata.",
    "HeaderForgotKey": "Chiave dimenticata",
    "LabelSupporterEmailAddress": "La mail che \u00e8 stata utilizzata per acquistare la chiave",
    "ButtonRetrieveKey": "Recupera chiave",
    "LabelSupporterKey": "Chiave Emby Premiere (incollala dalla e-mail)",
    "LabelSupporterKeyHelp": "Inserisci la tua chiave Emby Premiere per iniziare a godere subito di tutti i privilegi aggiuntivi che la community ha sviluppato per Emby.",
    "MessageInvalidKey": "La chiave Emby Premiere \u00e8 mancante o non valida.",
    "ErrorMessageInvalidKey": "Per far si che qualunque contenuto premium venga registrato, devi avere anche una sottoscrizione Emby Premiere attiva.",
    "HeaderRequireManualLogin": "Richiedi l'inserimento manuale nome utente per:",
    "HeaderRequireManualLoginHelp": "Quando disabilitato, i client Emby possono presentare una schermata di login con una selezione visuale di utenti.",
    "OptionOtherApps": "Altre app",
    "OptionMobileApps": "Mobile app",
    "LabelNotificationEnabled": "Abilita questa notifica",
    "LabelMonitorUsers": "Monitora l'attivit\u00e0 da:",
    "LabelSendNotificationToUsers": "Invia notifiche a:",
    "LabelUseNotificationServices": "Utilizzare i seguenti servizi:",
    "CategoryUser": "Utente",
    "CategorySystem": "Sistema",
    "CategoryApplication": "Applicazione",
    "CategoryPlugin": "Plugin",
    "LabelAvailableTokens": "Gettoni disponibili:",
    "AdditionalNotificationServices": "Sfoglia il catalogo plugin per installare i servizi di notifica aggiuntivi.",
    "OptionAllUsers": "Tutti gli utenti",
    "OptionAdminUsers": "Amministratori",
    "OptionCustomUsers": "Personalizza",
    "ButtonArrowUp": "Su",
    "ButtonArrowDown": "Gi\u00f9",
    "ButtonArrowLeft": "Sinistra",
    "ButtonArrowRight": "Destra",
    "ButtonBack": "Indietro",
    "ButtonInfo": "Info",
    "ButtonHome": "Home",
    "ButtonSearch": "Cerca",
    "ButtonSettings": "Impostazioni",
    "Audio": "Audio",
    "PlayOnAnotherDevice": "Riproduci su altro dispositivo",
    "LetterButtonAbbreviation": "e",
    "TabControls": "Controlli",
    "ButtonSubtitles": "Sottotitoli",
    "ButtonPreviousTrack": "Traccia Precedente",
    "ButtonNextTrack": "Traccia Successiva",
    "ButtonStop": "Stop",
    "ButtonPause": "Pausa",
    "ButtonNext": "Prossimo",
    "ButtonPrevious": "Precedente",
    "LabelGroupMoviesIntoCollections": "Raggruppa i film nelle collezioni",
    "LabelGroupMoviesIntoCollectionsHelp": "Quando si visualizzano le liste di film, quelli appartenenti ad una collezione saranno visualizzati come un elemento raggruppato.",
    "HeaderCollections": "Collezioni",
    "LabelMaxBitrate": "Bitrate Massimo:",
    "LabelMaxBitrateHelp": "Specificare un bitrate massimo in presenza di larghezza di banda limitata, o se il dispositivo impone il proprio limite.",
    "LabelMusicStaticBitrate": "Musica sync bitrate:",
    "LabelMusicStaticBitrateHelp": "Specifica il max Bitrate quando sincronizzi la musica",
    "LabelDeviceDescription": "Descrizione dispositivo",
    "HeaderDownloadSubtitlesFor": "Scarica sottotitoli per:",
    "LabelSkipIfGraphicalSubsPresent": "Ignora se il video integra gi\u00e0 dei sottotitoli",
    "LabelSkipIfGraphicalSubsPresentHelp": "Mantenere le versioni testuali dei sottotitoli si tradurr\u00e0 in una riproduzione pi\u00f9 efficiente e diminuir\u00e0 la probabilit\u00e0 che sia necessaria la transcodifica video",
    "TabSubtitles": "Sottotitoli",
    "LabelDownloadLanguages": "Scarica lingue:",
    "LabelSkipIfAudioTrackPresent": "Ignora se la traccia audio di default corrisponde alla lingua di download",
    "LabelSkipIfAudioTrackPresentHelp": "Deselezionare questa opzione per assicurare che tutti i video abbiano i sottotitoli, a prescindere dalla lingua audio.",
    "SendMessage": "Invio messaggio",
    "HeaderSendMessage": "Invia un messaggio",
    "ButtonSend": "Invia",
    "ViewPlaybackInfo": "Vedi info sulla riproduzione",
    "LabelMessageText": "Testo del messaggio:",
    "LabelMessageTitle": "Titolo messaggio:",
    "MessageNoAvailablePlugins": "Nessun plugin disponibile.",
    "LabelDisplayPluginsFor": "Mostra plugin per:",
    "PluginTabAppClassic": "Emby per Windows Media Center",
    "HeaderTypeText": "Inserisci il testo",
    "LabelTypeText": "Testo",
    "TabDisplay": "Schermo",
    "TabLanguages": "Lingue",
    "TabAppSettings": "Impostazioni app",
    "HeaderHomePage": "Pagina Iniziale",
    "OptionAuto": "Automatico",
    "OptionYes": "Si",
    "OptionNo": "No",
    "HeaderOptions": "Opzioni",
    "OptionResumablemedia": "Riprendi",
    "OptionLatestMedia": "Ultimi media",
    "OptionLatestChannelMedia": "Ultime voci del canale",
    "OptionNone": "Nessuno",
    "HeaderLiveTv": "Diretta TV",
    "HeaderSettings": "Impostazioni",
    "OptionDefaultSort": "Predefinito",
    "TabNextUp": "Da vedere",
    "MessageNoMovieSuggestionsAvailable": "Nessun suggerimento di film attualmente disponibile. Iniziare a guardare e valutare i vostri film, e poi tornare per i suggerimenti.",
    "MessageNoCollectionsAvailable": "Le collezioni ti permettono di goderti raccolte personalizzate di Film, Serie TV, Album, Libri e Giochi. Clicca sul + per iniziare a creare le tue Collezioni",
    "MessageNoPlaylistsAvailable": "Playlist ti permettere di mettere in coda gli elementi da riprodurre.Usa il tasto destro o tap e tieni premuto quindi seleziona elemento da aggiungere",
    "MessageNoPlaylistItemsAvailable": "Questa playlist al momento \u00e8 vuota",
    "ButtonEditOtherUserPreferences": "Modifica questo utente di profilo, l'immagine e le preferenze personali.",
    "LabelChannelStreamQuality": "Qualit\u00e0 media Internet preferita:",
    "LabelChannelStreamQualityHelp": "In un ambiente a bassa larghezza di banda, limitando la qualit\u00e0 pu\u00f2 contribuire a garantire un'esperienza di streaming continuo.",
    "OptionBestAvailableStreamQuality": "Migliore disponibile",
    "ViewTypeMovies": "Film",
    "ViewTypeTvShows": "Serie Tv",
    "ViewTypeGames": "Giochi",
    "ViewTypeMusic": "Musica",
    "HeaderOtherDisplaySettings": "Impostazioni Video",
    "ViewTypeMusicSongs": "Canzoni",
    "ViewTypeMusicFavorites": "Preferiti",
    "ViewTypeMusicFavoriteAlbums": "Album preferiti",
    "ViewTypeMusicFavoriteArtists": "Artisti preferiti",
    "ViewTypeMusicFavoriteSongs": "Canzoni Preferite",
    "HeaderMyViews": "Mie viste",
    "OptionDisplayAdultContent": "Visualizza contenuti per adulti",
    "OptionLibraryFolders": "Cartelle dei media",
    "TitleRemoteControl": "Telecomando",
    "OptionDisplayChannelsInline": "Mostra canali come cartelle di media",
    "OptionDisplayChannelsInlineHelp": "Se abilitata, i canali verranno visualizzati direttamente accanto alle altre librerie di media. Se disattivato, saranno esposti all'interno di una cartella Canali separata.",
    "LabelDisplayCollectionsView": "Mostra le Collezioni di film",
    "LabelDisplayCollectionsViewHelp": "Questo creer\u00e0 una vista separata per visualizzare le collezioni di film. Per creare una raccolta, fare click con il pulsante destro del mouse o toccare un film e selezionare \"Aggiungi alla Raccolta\". ",
    "TabServices": "Servizi",
    "TabLogs": "Logs",
    "TabBranding": "Personalizza",
    "HeaderBrandingHelp": "Personalizza l'aspetto di Emby per soddisfare le esigenze del tuo gruppo o della tua organizzazione.",
    "LabelLoginDisclaimer": "Avviso Login:",
    "LabelLoginDisclaimerHelp": "Questo verr\u00e0 visualizzato nella parte inferiore della pagina di accesso.",
    "OptionList": "Lista",
    "TabDashboard": "Pannello Controllo",
    "TitleServer": "Server",
    "LabelCache": "Cache:",
    "LabelLogs": "Log:",
    "LabelMetadata": "Metadati:",
    "LabelTranscodingTemporaryFiles": "Transcodifica file temporanei:",
    "HeaderBranding": "Personalizza",
    "HeaderApiKeys": "Chiavi Api",
    "HeaderApiKeysHelp": "Le Applicazioni esterne devono avere una chiave API per comunicare con il Server Emby. Le chiavi sono emesse accedendo con un account Emby, o fornendo manualmente una chiave all'applicazione.",
    "HeaderApiKey": "Chiave Api",
    "HeaderApp": "App",
    "HeaderDevice": "Dispositivo",
    "HeaderUser": "Utente",
    "HeaderDateIssued": "data di pubblicazione",
    "HeaderHttpHeaders": "Intestazioni Http",
    "TabView": "Vista",
    "TabFilter": "Filtra",
    "ButtonView": "Vista",
    "LabelView": "Vista:",
    "TabUsers": "Utenti",
    "HeaderFeatures": "Caratteristiche",
    "HeaderAdvanced": "Avanzato",
    "HeaderScheduledTasks": "Scheduled Tasks",
    "HeaderResumeSettings": "Recupera impostazioni",
    "TitleUsers": "Utenti",
    "ButtonClose": "Chiudi",
    "LabelAllLanguages": "Tutte le lingue",
    "OptionAll": "Tutto",
    "LabelImage": "Immagine:",
    "HeaderImages": "Immagini",
    "HeaderBackdrops": "Sfondi",
    "LabelJpgPngOnly": "JPG\/PNG solamente",
    "OptionSeason0": "Stagione 0",
    "HeaderFetcherSettings": "Impostazioni Raccoglitore",
    "HeaderActivity": "Attivit\u00e0",
    "PluginInstalledWithName": "{0} sono stati Installati",
    "PluginUpdatedWithName": "{0} sono stati aggiornati",
    "PluginUninstalledWithName": "{0} non sono stati installati",
    "LabelIpAddressValue": "Indirizzo IP: {0}",
    "HeaderEmbyServer": "Emby Server",
    "MessageServerConfigurationUpdated": "Configurazione server aggioprnata",
    "MessageNamedServerConfigurationUpdatedWithValue": "La sezione  {0} \u00e8 stata aggiornata",
    "MessageApplicationUpdated": "Il Server Emby \u00e8 stato aggiornato",
    "ProviderValue": "Provider: {0}",
    "HeaderRecentActivity": "Attivit\u00e0 recenti",
    "HeaderPeople": "Persone",
    "OptionComposers": "Compositori",
    "OptionOthers": "Altri",
    "ViewTypeFolders": "Cartelle",
    "OptionDisplayFolderView": "Visualizza cartelle come normali cartelle dei media",
    "OptionDisplayFolderViewHelp": "Se abilitato, le applicazioni Emby visualizzeranno una categoria Cartelle accanto alla libreria multimediale. Ci\u00f2 \u00e8 utile se si desidera avere viste di cartelle semplici.",
    "ViewTypeLiveTvRecordingGroups": "Registrazioni",
    "ViewTypeLiveTvChannels": "canali",
    "HeaderPassword": "Password",
    "HeaderViewOrder": "Visualizza ordine",
    "HeaderPersonInfo": "Persona Info",
    "HeaderConfirmDeletion": "Conferma Cancellazione",
    "LabelAlbumArtist": "Artista Album",
    "LabelAirDate": "In onda da (gg):",
    "LabelAirTime:": "In onda da:",
    "LabelDisplaySpecialsWithinSeasons": "Mostra gli Special all'interno delle stagioni in cui sono stati trasmessi",
    "ButtonPurchase": "Acquista",
    "HeaderPhotoInfo": "Foto info",
    "HeaderInstall": "Installa",
    "LabelSelectVersionToInstall": "Selezionare la versione da installare:",
    "LinkLearnMoreAboutSubscription": "Informazioni su Emby Premiere",
    "MessagePluginRequiresSubscription": "Questo plugin sichieder\u00e0 una sottoscrizione a Emby Premiere dopo i 14 giorni di prova gratuita",
    "MessagePremiumPluginRequiresMembership": "Questo plugin richieder\u00e0 una sottoscrizione a Emby Premiere per l'acquisto dopo i 14 giorni di prova gratuita",
    "HeaderDeveloperInfo": "Info sviluppatore",
    "HeaderRevisionHistory": "Cronologia delle revisioni",
    "ButtonViewWebsite": "Visualizza sito web",
    "OptionSaveMetadataAsHidden": "Salvare i metadati e le immagini come file nascosti",
    "LabelExtractThumbnailsDuringLibraryScan": "Create thumbnail images during the library scan",
    "LabelExtractThumbnailsDuringLibraryScanHelp": "If enabled, thumbnail images will be created when videos are imported during the library scan. If disabled they will be created during the thumbnail images scheduled task, allowing the regular library scan to complete faster.",
    "LabelConnectGuestUserName": "Il loro nome utente di Emby Connect o indirizzo email:",
    "LabelConnectUserName": "Utente Emby Connect o indirizzo e-mail:",
    "LabelConnectUserNameHelp": "Collegare questo utente locale a un account Emby Connect per consentire un facile segno-in di accesso da qualsiasi applicazione ricamato senza dover conoscere l'indirizzo IP del server",
    "ButtonLearnMoreAboutEmbyConnect": "Scopri di pi\u00f9 su Emby Connect",
    "LabelExternalPlayers": "Player esterni:",
    "LabelNativeExternalPlayersHelp": "Riproduci i video con riproduttori esterni.",
    "TabPlayback": "Riproduzione",
    "TitlePlayback": "Riproduzione",
    "LabelDateAddedBehavior": "Data di comportamento per i nuovi contenuti:",
    "OptionDateAddedImportTime": "Utilizza la data scansionato in biblioteca",
    "OptionDateAddedFileTime": "Utilizzare file di data di creazione",
    "LabelDateAddedBehaviorHelp": "Se un valore di metadati \u00e8 presente sar\u00e0 sempre utilizzato prima una di queste opzioni.",
    "TitleDevices": "Dispositivi",
    "TabCameraUpload": "Caricamenti Fotocamera",
    "TabDevices": "Dispositivi",
    "HeaderLibrarySettings": "Impostazioni della Libreria",
    "HeaderThumbnailImages": "Thumbnail Images",
    "HeaderSubtitleDownloads": "Download sottotitoli",
    "HeaderCameraUploadHelp": "Le app di Emby possono caricare automaticamente le foto scattate dai tuoi dispositivi mobile nel server Emby.",
    "LabelCameraUploadPath": "Fotocamera percorso di upload:",
    "LabelCameraUploadPathHelp": "Selezionare un percorso di caricamento personalizzato.Ci\u00f2 sovrascriver\u00e0 le impostazioni predefinite impostate nella sezione Caricamenti Fotocamera. Se lasciato vuoto, verr\u00e0 utilizzata una cartella predefinita. Se si utilizza un percorso personalizzato, sar\u00e0 anche necessario aggiungerlo nell'area di configurazione della libreria.",
    "DefaultCameraUploadPathHelp": "Seleziona un percorso di caricamento personalizzato. Se lasciato vuoto, verr\u00e0 utilizzata una cartella predefinita. Se si utilizza un percorso personalizzato, sar\u00e0 necessario aggiungerlo come libreria nell'impostazione della libreria Emby.",
    "LabelCreateCameraUploadSubfolder": "Creare una sottocartella per ogni dispositivo",
    "LabelCreateCameraUploadSubfolderHelp": "Cartelle specifici possono essere assegnati a un dispositivo facendo clic su di esso dalla pagina Dispositivi.",
    "LabelCustomDeviceDisplayName": "Nome da visualizzare:",
    "LabelCustomDeviceDisplayNameHelp": "Fornire un nome di visualizzazione personalizzato o lasciare vuoto per utilizzare il nome riportato dal dispositivo.",
    "HeaderInviteUser": "Invita utente",
    "LabelConnectGuestUserNameHelp": "Questo \u00e8 lo username che il tuo amico utilizza per accedere al sito web Emby, o il suo indirizzo email.",
    "HeaderInviteUserHelp": "Condividere i tuo file multimediali con gli amici \u00e8 pi\u00f9 facile che mai con Emby Connect.",
    "ButtonSendInvitation": "Invia Invito",
    "HeaderGuests": "Ospiti",
    "HeaderPendingInvitations": "Inviti in sospeso",
    "TabParentalControl": "Controllo Genitore",
    "HeaderAccessSchedule": "Orario di accesso",
    "HeaderAccessScheduleHelp": "Creare un programma di accesso per limitare l'accesso a determinate ore.",
    "LabelAccessDay": "Giorno della settimana:",
    "LabelAccessStart": "Ora di inizio:",
    "LabelAccessEnd": "Ora di fine:",
    "HeaderSchedule": "Programmazione",
    "OptionEveryday": "Tutti i giorni",
    "OptionWeekdays": "Feriali",
    "OptionWeekends": "Il Weekend",
    "HeaderOptionalLinkEmbyAccount": "Opzionale: collega il tuo account Emby",
    "ButtonTrailer": "Trailer",
    "MessageNoTrailersFound": "Nessun Trailer trovato.Installa Il plug in dei trailer per importare la libreria dei trailer da internet",
    "HeaderNewUsers": "Nuovo Utente",
    "TitleNewUser": "Nuovo Utente",
    "ButtonConfigurePassword": "Configura Password",
    "HeaderDashboardUserPassword": "Le password degli utenti sono gestiti all'interno delle impostazioni del profilo personale di ogni utente.",
    "HeaderLibraryAccess": "Accesso libreria",
    "HeaderChannelAccess": "Accesso canali",
    "HeaderLatestItems": "Ultimi elementi aggiunti",
    "LabelForgotPasswordUsernameHelp": "Inserisci il tuo nome utente, se te lo ricordi.",
    "TitlePasswordReset": "Password dimenticata",
    "HeaderParentalRatings": "Valutazioni genitori",
    "HeaderVideoTypes": "Tipi Video",
    "HeaderYears": "Anni",
    "HeaderBlockItemsWithNoRating": "Blocca elementi sconosciuti o senza informazione",
    "LabelBlockContentWithTags": "Blocco degli elementi con le etichette:",
    "LabelTagRestrictionMode": "Tag restriction mode:",
    "BlockItemsWithTheseTags": "Block items with these tags",
    "AllowItemsWithTheseTags": "Allow only items with these tags",
    "TabActivity": "Attivit\u00e0",
    "OptionAllowSyncContent": "Consenti Sync",
    "OptionAllowContentDownloading": "Consenti media download e sincronizzazione",
    "LabelNewUserNameHelp": "I nomi utente possono contenere lettere (az), numeri (0-9), trattini (-), underscore (_), apostrofi ('), e periodi (.)",
    "HeaderThisUserIsCurrentlyDisabled": "Questo utente \u00e8 al momento disabilitato",
    "OptionEnableTranscodingThrottle": "Abilita il throttling",
    "OptionEnableTranscodingThrottleHelp": "Il Throttling regola automaticamente la velocit\u00e0 di transcodifica per ridurre al minimo l'utilizzo della CPU del server durante la riproduzione.",
    "LabelUploadSpeedLimit": "Velocit\u00e0 limite di upload (Mbps)",
    "OptionAllowSyncTranscoding": "Abilita download e sincronizzazione dei media che necessitano di transcodifica",
    "AllowMediaConversion": "Consenti la conversione dei media",
    "AllowMediaConversionHelp": "Concedere o negare l'accesso alla funzione di conversione dei media.",
    "HeaderPlayback": "Riproduzione",
    "OptionAllowAudioPlaybackTranscoding": "Abilita la riproduzione di audio che necessita di transcodifica",
    "OptionAllowVideoPlaybackTranscoding": "Abilita la riproduzione di video che necessita di transcodifica",
    "OptionAllowVideoPlaybackRemuxing": "Consenti la riproduzione di video che necessitano di conversione ma non di ricodifica",
    "OptionAllowMediaPlaybackTranscodingHelp": "Limitare l'accesso alla transcodifica pu\u00f2 causare errori di riproduzione nelle applicazioni Emby a causa di formati multimediali non supportati.",
    "TabStreaming": "Streaming",
    "LabelRemoteClientBitrateLimit": "Bitrate limite per lo streaming via internet (Mbps):",
    "LabelRemoteClientBitrateLimitHelp": "Un limite bitrate per-stream opzionale per tutti i dispositivi di rete. Ci\u00f2 \u00e8 utile per impedire ai dispositivi di richiedere un bitrate superiore a quello in grado di gestire la connessione a Internet. Questo pu\u00f2 provocare un aumento del carico della CPU sul server per transcodificare i video in volo ad un bitrate inferiore.",
    "LabelUserRemoteClientBitrateLimitHelp": "Questo sovrascriver\u00e0 il valore globale predefinito impostato nelle impostazioni di riproduzione del server.",
    "LabelConversionCpuCoreLimit": "Limite della CPU:",
    "LabelConversionCpuCoreLimitHelp": "Limiita il numero di CPU da utilizzare durante l'operazione di sincronizzazione.",
    "OptionEnableFullSpeedConversion": "Abilita conversione a velocit\u00e0 piena",
    "OptionEnableFullSpeedConversionHelp": "Per default, la sincronizzazione viene eseguita a bassa velocit\u00e0 per minimizzare il consumo di risorse",
    "TabPhotos": "Foto",
    "HeaderWelcomeToEmby": "Benvenuto in Emby",
    "EmbyIntroMessage": "Con Emby si pu\u00f2 facilmente eseguire lo streaming di video, musica e foto da smartphone, tablet e altri dispositivi dal vostro Server Emby.",
    "ButtonConnect": "Connetti",
    "HeaderNewServer": "Nuovo Server",
    "HeaderExport": "Esporta",
    "HeaderColumns": "Colonne",
    "ButtonReset": "Ripristina",
    "OptionEnableExternalVideoPlayers": "Abilita lettori video esterne",
    "LabelEnableFullScreen": "Abilita modalit\u00e0 a schermo intero",
    "TabHomeScreen": "Pagina iniziale",
    "HeaderDisplay": "Schermo",
    "HeaderNavigation": "Navigazione",
    "OptionEnableAutomaticServerUpdates": "Attiva aggiornamenti automatici del server",
    "HeaderOverview": "Panoramica",
    "HeaderType": "Tipo",
    "HeaderTunerDevices": "Dispositivi Tuner",
    "HeaderTVSources": "TV Sources",
    "HeaderAddDevice": "Agg. dispositivo",
    "HeaderExternalServices": "Servizi Esterni",
    "LabelTunerIpAddress": "Tuner Indirizzo IP:",
    "HeaderGuideProviders": "Provider Guida TV",
    "AddGuideProviderHelp": "Aggiungere una fonte di informazioni Guida TV",
    "LabelZipCode": "Cap:",
    "GuideProviderSelectListings": "selezionare Annunci",
    "GuideProviderLogin": "Accedi",
    "LabelLineup": "Allineare:",
    "MessageTunerDeviceNotListed": "\u00c8 il vostro dispositivo di sintonizzazione non quotate? Provare a installare un fornitore esterno di servizi per ulteriori opzioni TV in Diretta.",
    "LabelImportOnlyFavoriteChannels": "Limitare ai canali segnato come",
    "ImportFavoriteChannelsHelp": "Se abilitata, solo i canali che sono contrassegnati come preferiti sul dispositivo di sintonizzazione verranno importati.",
    "ButtonRepeat": "Ripeti",
    "LabelEnableThisTuner": "Abilita questo sintonizzatore",
    "LabelEnableThisTunerHelp": "Deselezionare per impedire l'importazione di canali da questo sintonizzatore.",
    "HeaderImagePrimary": "Primaria",
    "HeaderImageBackdrop": "Sfondo",
    "HeaderImageLogo": "Logo",
    "HeaderUserPrimaryImage": "Immagine utente",
    "ButtonProfile": "Profilo",
    "ButtonProfileHelp": "Imposta l'immagine del profilo e la password",
    "HeaderHomeScreenSettings": "Impostazioni schermata principale",
    "HeaderProfile": "Profilo",
    "HeaderLanguage": "Lingua",
    "LabelTranscodingThreadCount": "Transcodifica numero di thread:",
    "LabelTranscodingThreadCountHelp": "Selezionare il numero massimo di thread da utilizzare durante la transcodifica. Ridurre il numero di thread si abbasser\u00e0 l'utilizzo della CPU, ma non pu\u00f2 convertire abbastanza veloce per un'esperienza di riproduzione fluida.",
    "OptionMax": "Max",
    "LabelTunerType": "Tipo sintonizzatore:",
    "HeaderSetupTVGuide": "Guida all'installazione TV",
    "LabelDataProvider": "Fornitore di dati:",
    "HeaderDefaultRecordingSettings": "Impostazioni di Registrazione Predefinite",
    "OptionEnableRecordingSubfolders": "Crea sotto-cartelle per le categoria come Sport, Bambini, ecc.",
    "HeaderSubtitles": "Sottotitoli",
    "HeaderVideos": "Video",
    "LabelHardwareAccelerationType": "Accelerazione Hardware:",
    "LabelHardwareAccelerationTypeHelp": "Disponibile solo su sistemi supportati.",
    "HeaderAdmin": "Ammin.",
    "HeaderCameraUpload": "Caricamenti Fotocamera",
    "ButtonClear": "Pulisci",
    "LabelFolder": "Cartella:",
    "HeadersFolders": "Cartella",
    "LabelDisplayName": "Nome visualizzato:",
    "OptionConvertRecordingsToStreamingFormat": "Converti automaticamente le registrazioni in un formato adatto allo streaming",
    "OptionConvertRecordingsToStreamingFormatHelp": "Le registrazioni saranno convertite istantaneamente ad MKV per facilitarne la riproduzione sui tuoi dispositivi.",
    "OptionDownloadImagesInAdvance": "Scarica preventivamente le immagini",
    "OptionDownloadImagesInAdvanceHelp": "Di default, la maggior parte delle immagini vengono scaricate solo quando richieste da un'applicazione Emby. Abilita questa opzione per scaricare tutte le immagini in anticipo, quando nuovi file multimediali vengono importati. Ci\u00f2 pu\u00f2 causare scansioni librarie molto pi\u00f9 lunghe.",
    "DeleteImage": "Elimina immagine",
    "MessageThankYouForSupporting": "Grazie per il tuo sostegno a Emby.",
    "FileReadCancelled": "Il file letto \u00e8 stato cancellato.",
    "FileNotFound": "File non trovato",
    "FileReadError": "Errore durante la lettura del file.",
    "PinCodeResetComplete": "Il codice PIN \u00e8 stato resettato",
    "PinCodeResetConfirmation": "Sei sicuro di voler resettare il codice PIN?",
    "HeaderPinCodeReset": "Resetta il codice PIN",
    "NoPluginConfigurationMessage": "Questo Plugin non ha impostazioni da configurare.",
    "NoPluginsInstalledMessage": "Non ci sono Plugins installati.",
    "BrowsePluginCatalogMessage": "Sfoglia il catalogo dei Plugins.",
    "LabelAppName": "Nome app",
    "LabelAppNameExample": "Esempio: Sickbeard, NzbDrone",
    "HeaderNewApiKeyHelp": "Concedere un permesso per applicazione al fine di comunicare con il Server Emby.",
    "MessageKeyEmailedTo": "Chiave inviata all'email {0}.",
    "HeaderConfirmation": "Conferma",
    "MessageKeyUpdated": "Grazie. La tua chiave Emby Premiere \u00e8 stata aggiornata.",
    "MessageKeyRemoved": "Grazie. La tua chiave Emby Premiere \u00e8 stata rimossa.",
    "TextEnjoyBonusFeatures": "Goditi le caratteristiche aggiuntive",
    "HeaderAddTag": "Aggiungi Tag",
    "ButtonSelectView": "Seleziona vista",
    "LabelFromHelp": "Esempio: {0} (sul server)",
    "MessageErrorLoadingSupporterInfo": "C'\u00e8 stato un errore nel caricamento delle informazioni dell'Emby Premiere. Per favore riprova pi\u00f9 tardi.",
    "HeaderConfirmRemoveUser": "Cancellazione utente",
    "ValueTimeLimitSingleHour": "Tempo limite: 1 ora",
    "ValueTimeLimitMultiHour": "Tempo limite: {0} ore",
    "General": "Generale",
    "HeaderScreenSavers": "Salva schermo",
    "Notifications": "Notifiche",
    "Metadata": "Metadati",
    "Reporting": "Segnalazione",
    "HeaderSearch": "Ricerca",
    "ValueDateCreated": "Data di creazione {0}",
    "LabelArtist": "Artista",
    "LabelMovie": "Film",
    "LabelMusicVideo": "Video Musicali",
    "LabelEpisode": "Episodio",
    "Series": "Serie TV",
    "LabelStopping": "Sto fermando",
    "LabelCancelled": "Annullato",
    "ButtonDownload": "Download",
    "HeaderDevices": "Dispositivi",
    "HeaderSelectCertificatePath": "Seleziona il percorso del Certificato",
    "HeaderSupporterBenefit": "Un abbonamento attivo Emby Premiere offre ulteriori vantaggi, come l'accesso a Emby DVR, i media offline, i plugin premium e altro ancora. {0} Ulteriori informazioni {1}.",
    "HeaderWelcomeBack": "Ben tornato!",
    "HeaderSelectDevices": "Seleziona periferiche",
    "ButtonReenable": "Ri-abilita",
    "LabelAbortedByServerShutdown": "(Interrotto dallo spegnimento del server)",
    "LabelScheduledTaskLastRan": "Ultima esecuzione  {0}, taking {1}.",
    "HeaderDeleteTaskTrigger": "Elimina Operazione pianificata",
    "MessageDeleteTaskTrigger": "Sei sicuro di voler cancellare questo evento?",
    "MessageNoPluginsInstalled": "Non hai plugin installati",
    "MessageNoPluginsDueToAppStore": "Per gestire i plug-in, per favore usa la web app Emby.",
    "LabelVersionInstalled": "{0} installato",
    "LabelNumberReviews": "{0} Recensioni",
    "LabelFree": "Gratis",
    "HeaderSelectAudio": "Seleziona audio",
    "HeaderSelectSubtitles": "Seleziona sottotitoli",
    "LabelDefaultStream": "(Predefinito)",
    "LabelForcedStream": "(forzato)",
    "LabelDefaultForcedStream": "(Predefinito\/Forzato)",
    "LabelUnknownLanguage": "Lingua Sconosciuta",
    "ButtonMute": "Muto",
    "ButtonUnmute": "Togli muto",
    "ButtonPlaylist": "Playlist",
    "LabelEnabled": "Abilitato",
    "LabelDisabled": "Disabilitato",
    "Disabled": "Disabilitato",
    "ButtonMoreInformation": "Maggiori informazioni",
    "LabelNoUnreadNotifications": "Nessuna notifica non letta",
    "HeaderConfirmSeriesCancellation": "Conferma cancellazione serie",
    "HeaderConfirmRecordingDeletion": "Conferma cancellazione registrazione",
    "OptionWeekend": "Weekend",
    "OptionWeekday": "Giorni feriali",
    "LiveTvUpdateAvailable": "(Aggiornamento disponibile)",
    "LabelVersionUpToDate": "Aggiornato!",
    "ButtonResetTuner": "Riavvia scheda TV",
    "HeaderResetTuner": "Riavvia Scheda TV",
    "MessageConfirmResetTuner": "Sei sicuro di voler ripristinare questo sintonizzatore? Tutti i riproduttori attivi o registrazioni saranno bruscamente fermati.",
    "ButtonCancelSeries": "Annulla Serie",
    "HeaderSeriesRecordings": "Serie registrate",
    "LabelAnytime": "Qualsiasi ora",
    "StatusRecording": "Registrazione",
    "StatusWatching": "Sto guardando",
    "StatusRecordingProgram": "Registrando {0}",
    "StatusWatchingProgram": "Guardando {0}",
    "HeaderSplitMedia": "Dividi Media",
    "MessageConfirmSplitMedia": "Sei sicuro di voler dividere le fonti dei media in voci separate?",
    "HeaderError": "Errore",
    "HeaderSelectServerCachePath": "Seleziona percorso Cache Server",
    "HeaderSelectTranscodingPath": "Selezionare Percorso Temporaneo Transcodifica",
    "HeaderSelectMetadataPath": "Selezionare Percorso Metadati",
    "HeaderSelectServerCachePathHelp": "Sfoglia o immetti il percorso da utilizzare per i file di cache server. La cartella deve essere scrivibile",
    "HeaderSelectTranscodingPathHelp": "Sfoglia o immettere il percorso da utilizzare per la transcodifica dei file temporanei. La cartella deve essere scrivibile.",
    "HeaderSelectMetadataPathHelp": "Sfoglia o inserire il percorso in cui vuoi archiviare i metadati. La cartella deve essere scrivibile.",
    "MessageFileWillBeDeleted": "Questo file sar\u00e0 eliminato:",
    "MessageSureYouWishToProceed": "Sei sicuro ,Procedo?",
    "MessageFollowingFileWillBeMovedFrom": "Il seguente file verr\u00e0 spostato da:",
    "MessageDestinationTo": "A:",
    "HeaderRestart": "Riavvia",
    "HeaderShutdown": "Spegni",
    "MessageConfirmRestart": "Sei sicuro di voler riavviare il Server Emby?",
    "MessageConfirmShutdown": "Sei sicuro di voler spegnere il Server Emby?",
    "ValueItemCount": "{0} elemento",
    "ValueItemCountPlural": "{0} elementi",
    "NewVersionOfSomethingAvailable": "Una nuova versione di {0} \u00e8 disponibile!",
    "VersionXIsAvailableForDownload": "Versione {0} \u00e8 ora disponibile per il download.",
    "LabelVersionNumber": "Versione {0}",
    "LabelPlayMethodTranscoding": "Trascodifica",
    "LabelPlayMethodDirectStream": "Streaming Diretto",
    "LabelPlayMethodDirectPlay": "Riproduzione Diretta",
    "LabelLocalAccessUrl": "Accesso locale (LAN): {0}",
    "LabelRemoteAccessUrl": "Accesso remoto (WAN): {0}",
    "LabelRunningOnPort": "In esecuzione sulla porta HTTP {0}.",
    "LabelRunningOnPorts": "In esecuzione sulla porta HTTP {0}, e porta HTTPS {1}",
    "HeaderLatestFromChannel": "Ultime da {0}",
    "ButtonRemoteControl": "Telecomando",
    "HeaderLatestTvRecordings": "Ultime registrazioni",
    "LabelCurrentPath": "Percorso Corrente:",
    "HeaderSelectMediaPath": "Seleziona il percorso",
    "HeaderSelectPath": "Seleziona Percorso",
    "ButtonNetwork": "Rete",
    "MessageDirectoryPickerInstruction": "Percorsi di rete possono essere inseriti manualmente nel caso in cui il pulsante Rete non riesce a individuare i vostri dispositivi. Ad esempio, {0} o {1}",
    "MessageDirectoryPickerBSDInstruction": "Per BSD, potrebbe essere necessario per configurare le unit\u00e0 all'interno della vostra prigione FreeNAS al fine di permettere ricamato accedervi.",
    "MessageDirectoryPickerLinuxInstruction": "Per Linux su Arch Linux, CentOS, Debian, Fedora, OpenSuse o Ubuntu, \u00e8 necessario concedere all'utente del sistema Emby almeno l'accesso alle posizioni di archiviazione.",
    "HeaderMenu": "Menu",
    "ButtonOpen": "Apri",
    "ButtonShuffle": "Casuale",
    "HeaderAudioTracks": "Tracce audio",
    "HeaderLibraries": "Librerie",
    "MessageErrorPlayingVideo": "Si \u00e8 verificato un errore nella riproduzione del video.",
    "MessageEnsureOpenTuner": "Si prega di assicurarsi che ci sia un sintonizzatore disponibile.",
    "ButtonReports": "Rapporti",
    "MetadataManager": "Gestisci Metadati",
    "HeaderTime": "Tempo",
    "LabelAddedOnDate": "Aggiunto {0}",
    "ButtonStart": "Avvio",
    "OptionBlockOthers": "Altri",
    "OptionBlockTvShows": "Serie TV",
    "OptionBlockTrailers": "Trailer",
    "OptionBlockMusic": "Musica",
    "OptionBlockMovies": "Film",
    "OptionBlockBooks": "Libri",
    "OptionBlockGames": "Giochi",
    "OptionBlockLiveTvPrograms": "Programmi TV in onda",
    "OptionBlockLiveTvChannels": "Canali TV in onda",
    "OptionBlockChannelContent": "Contenuto di Canali Internet",
    "ButtonRevoke": "Revocare",
    "MessageConfirmRevokeApiKey": "Sei sicuro di voler revocare questa chiave api? La connessione dell'applicazione al Server Emby terminer\u00e0 immediatamente",
    "HeaderConfirmRevokeApiKey": "Revocare Chiave Api",
    "ValueContainer": "Contenitore: {0}",
    "ValueAudioCodec": "Codec Audio: {0}",
    "ValueVideoCodec": "Codec Video: {0}",
    "ValueCodec": "Codec: {0}",
    "ValueConditions": "Condizioni: {0}",
    "LabelAll": "Tutti",
    "HeaderDeleteImage": "Cancella Immagine",
    "MessageFileNotFound": "File non trovato.",
    "ButtonNextPage": "Prossima pagina",
    "ButtonPreviousPage": "Pagina precedente",
    "MessagePleaseAcceptTermsOfServiceBeforeContinuing": "Per favore accetta i termini di servizio prima di continuare.",
    "OptionOff": "Off",
    "OptionOn": "On",
    "ButtonUninstall": "Disinstalla",
    "HeaderLiveTV": "Tv in Diretta",
    "MissingPrimaryImage": "Immagini principali locali mancanti",
    "MissingBackdropImage": "Sfondi mancanti",
    "MissingLogoImage": "Loghi mancanti",
    "MissingEpisode": "Episodi mancanti",
    "OptionBackdrops": "Sfondi",
    "OptionImages": "Immagini",
    "OptionKeywords": "Parole",
    "OptionTags": "Tag",
    "OptionStudios": "Studios",
    "OptionName": "Nome",
    "OptionOverview": "Panoramica",
    "OptionGenres": "Generi",
    "OptionPeople": "Persone",
    "OptionBirthLocation": "Nascita Posizione",
    "HeaderChangeFolderType": "Cambia il tipo di contenuto",
    "HeaderChangeFolderTypeHelp": "Per modificare il tipo, rimuovere e ricostruire la raccolta con il nuovo tipo.",
    "HeaderAlert": "Avviso",
    "MessagePleaseRestart": "Si prega di riavviare per completare l'aggiornamento.",
    "ButtonHide": "Nascondi",
    "MessageSettingsSaved": "Settaggi salvati.",
    "TabLibrary": "Librerie",
    "TabLiveTV": "Tv in Diretta",
    "TabPlugins": "Plugins",
    "TabHelp": "Aiuto",
    "HeaderNotifications": "Notifiche",
    "HeaderSelectPlayer": "Seleziona Riproduttore:",
    "HeaderSpecials": "Speciali",
    "HeaderTrailers": "Trailers",
    "HeaderResolution": "Risoluzione",
    "HeaderRuntime": "Durata",
    "HeaderParentalRating": "Valutazione parentale",
    "HeaderReleaseDate": "Data Rilascio",
    "HeaderSeries": "Serie:",
    "HeaderSeason": "Stagione",
    "HeaderSeasonNumber": "Stagione Numero",
    "HeaderNetwork": "Rete",
    "HeaderYear": "Anno:",
    "HeaderEmbeddedImage": "Immagine incorporata",
    "HeaderTrack": "Traccia",
    "OptionCollections": "Collezioni",
    "OptionSeries": "Serie",
    "OptionGames": "Giochi",
    "OptionGameSystems": "Configurazione gioco",
    "OptionMusicArtists": "Artisti",
    "OptionMusicAlbums": "Album",
    "OptionMusicVideos": "Video",
    "OptionSongs": "Canzoni",
    "OptionHomeVideos": "Video e foto personali",
    "OptionBooks": "Libri",
    "ButtonUp": "Su",
    "ButtonDown": "Giu",
    "LabelMetadataReaders": "Lettori Metadati:",
    "LabelMetadataReadersHelp": "Classificare le origini metadati locali preferite in ordine di priorit\u00e0. Il primo file trovato verr\u00e0 letto.",
    "LabelSubtitleDownloaders": "Downloader sottotitoli:",
    "SubtitleDownloadersHelp": "Abilita e classifica i tuoi downloader di sottotitoli preferiti in ordine di priorit\u00e0.",
    "LabelMetadataDownloaders": "Metadata downloaders:",
    "LabelMetadataDownloadersHelp": "Abilitare e classificare i tuoi downloader metadati preferite in ordine di priorit\u00e0. Downloader di priorit\u00e0 inferiori saranno utilizzati solo per riempire le informazioni mancanti.",
    "LabelMetadataSavers": "Metadata savers:",
    "LabelMetadataSaversHelp": "Scegliere i formati di file per salvare i metadati",
    "LabelImageFetchers": "Immagini compatibili:",
    "LabelImageFetchersHelp": "Abilitare e classificare i tuoi Fetchers immagini preferite in ordine di priorit\u00e0.",
    "PersonTypePerson": "Persona",
    "OptionSortName": "Nome ordinato",
    "LabelDateOfBirth": "Data nascita:",
    "HeaderRemoveMediaLocation": "Rimuovi percorso media",
    "MessageConfirmRemoveMediaLocation": "Sei sicuro di voler rimuovere questa posizione?",
    "LabelNewName": "Nuovo nome:",
    "HeaderRemoveMediaFolder": "Rimuovi cartella",
    "MessageTheFollowingLocationWillBeRemovedFromLibrary": "I seguenti percorsi ai file multimediali saranno rimossi dalla tua libreria Emby:",
    "MessageAreYouSureYouWishToRemoveMediaFolder": "Sei sicuro di voler rimuovere questa posizione?",
    "ButtonRename": "Rinomina",
    "ButtonChangeContentType": "Cambia tipo del contenuto",
    "HeaderMediaLocations": "Posizioni Media",
    "LabelContentTypeValue": "Tipo di contenuto {0}",
    "FolderTypeUnset": "Contenuto Misto",
    "HeaderPluginInstallation": "Installazione Plugin",
    "MessageAlreadyInstalled": "Questa versione \u00e8 gi\u00e0 installata.",
    "MessageYouHaveVersionInstalled": "Attualmente hai la versione {0} installato.",
    "MessageTrialExpired": "Il periodo di prova per questa funzione \u00e8 scaduto.",
    "MessageTrialWillExpireIn": "Il periodo di prova per questa funzione scadr\u00e0 in {0} giorni",
    "MessageInstallPluginFromApp": "Questo Plugin deve essere installato dall'app in cui vuoi farlo funzionare",
    "ValuePriceUSD": "Prezzo: {0} (USD)",
    "MessageFeatureIncludedWithSupporter": "Sei registrato per questa funzionalit\u00e0 e potrai continuare ad usarla con un abbonamento Emby Premiere attivo.",
    "HeaderUnrated": "Non votato",
    "HeaderUnknownDate": "Data Sconosciuta",
    "HeaderUnknownYear": "Anno Sconosciuto",
    "HeaderSelectExternalPlayer": "Seleziona il lettore esterno",
    "HeaderExternalPlayerPlayback": "Riproduzione con un player esterno",
    "OptionWatched": "Visto",
    "OptionUnwatched": "Non visto",
    "LabelMarkAs": "Segna come:",
    "OptionInProgress": "In Corso",
    "LabelResumePoint": "Punto di ripristino:",
    "ValueOneTrailer": "1 trailer",
    "ValueTrailerCount": "{0} trailer",
    "ValueSeriesYearToPresent": "{0} - Oggi",
    "ValueAwards": "Premi: {0}",
    "ValuePremiered": "Debuttato {0}",
    "ValuePremieres": "Debuttato {0}",
    "ValueStudio": "Studio: {0}",
    "ValueStudios": "Studi: {0}",
    "ValueStatus": "Stato {0}",
    "LabelLimit": "Limite:",
    "ValueLinks": "Collegamenti: {0}",
    "ValueArtist": "Artista: {0}",
    "ValueArtists": "Artisti: {0}",
    "MediaInfoCameraMake": "Camera make",
    "MediaInfoCameraModel": "Camera modello",
    "MediaInfoAltitude": "Altitudine",
    "MediaInfoAperture": "Apertura",
    "MediaInfoExposureTime": "Tempo Esposizione",
    "MediaInfoFocalLength": "Lunghezza focale",
    "MediaInfoOrientation": "Orientamento",
    "MediaInfoIsoSpeedRating": "Sensibilit\u00e0 ISO",
    "MediaInfoLatitude": "latitudine",
    "MediaInfoLongitude": "Longitudine",
    "MediaInfoShutterSpeed": "velocit\u00e0 otturatore",
    "MediaInfoSoftware": "Software",
    "HeaderMovies": "Film",
    "HeaderAlbums": "Album",
    "HeaderGames": "Giochi",
    "HeaderBooks": "Libri",
    "HeaderEpisodes": "Episodi",
    "HeaderTracks": "Traccia",
    "HeaderItems": "Elementi",
    "HeaderOtherItems": "Altri elmenti",
    "ValueAsRole": "\u00e8 {0}",
    "ValueGuestStar": "Personaggi famosi",
    "TabExpert": "Esperto",
    "HeaderSelectCustomIntrosPath": "Selezionare Intro Path Personalizzata",
    "HeaderThankYou": "Grazie",
    "ReleaseYearValue": "Anno di uscita: {0}",
    "TabExtras": "Extra",
    "DeviceLastUsedByUserName": "Ultimo utilizzata da {0}",
    "HeaderSelectUploadPath": "Seleziona cartella upload",
    "ErrorMessageStartHourGreaterThanEnd": "Ora di fine deve essere maggiore del tempo di avvio.",
    "ButtonLibraryAccess": "Accesso biblioteca",
    "ButtonParentalControl": "Controllo parentale",
    "MessageUnableToConnectToServer": "Non siamo in grado di connettersi al server selezionato al momento. Per favore assicurati che sia in esecuzione e riprova.",
    "MessagePluginConfigurationRequiresLocalAccess": "Per configurare questo plugin si prega di accedere al proprio server locale direttamente.",
    "MessageLoggedOutParentalControl": "L'accesso \u00e8 attualmente limitato. Si prega di riprovare pi\u00f9 tardi.",
    "ButtonLinkMyEmbyAccount": "Collega il mio account ora",
    "MessageConnectAccountRequiredToInviteGuest": "Per invitare gli amici \u00e8 necessario innanzitutto collegare l'account Emby a questo server.",
    "HeaderCancelSyncJob": "Cancella Sinc",
    "MovieLibraryHelp": "Rivedere la {0} guida di denominazione del film Emby {1}.",
    "TvLibraryHelp": "Rivedere la {0} guida di denominazione Emby TV {1}.",
    "BookLibraryHelp": "Libri testuali e audiolibri sono supportati. Rivedere {0} la guida ai nomi di Emby Book {1}",
    "MessageGamePluginRequired": "Richiede l'installazione del plugin GameBrowser",
    "MessageUnsetContentHelp": "Il contenuto verr\u00e0 visualizzato come pianura cartelle. Per ottenere i migliori risultati utilizzare il gestore di metadati per impostare i tipi di contenuto di sottocartelle.",
    "ButtonNewServer": "Nuovo Server",
    "ButtonRemote": "Telecomando",
    "HeaderUnlockApp": "Sblocca App",
    "HeaderUnlockSync": "Sblocca Emby Sync",
    "MessagePaymentServicesUnavailable": "I servizi di pagamento non sono attualmente disponibili. Per favore riprova pi\u00f9 tardi.",
    "HeaderLibrary": "Libreria",
    "HeaderMedia": "Media",
    "NoNewDevicesFound": "Non sono stati trovati nuovi dispositivi. Per aggiungere un nuovo sintonizzatore, chiudere questa finestra di dialogo e immettere manualmente le informazioni sul dispositivo.",
    "NoResultsFound": "Nessun risultato.",
    "ManageLibrary": "Gestisci libreria",
    "HeaderConfirm": "Conferma",
    "MessageConfirmDeleteTunerDevice": "Sei sicuro di voler cancellare questo dispositivo?",
    "MessageConfirmDeleteGuideProvider": "Sei sicuro di voler cancellare questo fornitore di guida?",
    "HeaderDeleteProvider": "eliminare Provider",
    "ErrorAddingTunerDevice": "Si \u00e8 verificato un errore durante l'aggiunta del sintonizzatore. Si prega di assicurarsi che sia accessibile e riprovare.",
    "ErrorSavingTvProvider": "Si \u00e8 verificato un errore durante il salvataggio del fornitore di TV. Si prega di assicurarsi che sia accessibile e riprovare.",
    "ErrorGettingTvLineups": "Si \u00e8 verificato un errore durante il download formazioni tv. Assicurarsi vostre informazioni sono corrette e riprovare.",
    "MessageCreateAccountAt": "Crea un account a {0}",
    "ErrorPleaseSelectLineup": "Si prega di selezionare una scaletta e riprova. Se non formazioni sono disponibili, quindi si prega di verificare che il vostro nome utente, password, e il codice postale \u00e8 corretto.",
    "HeaderTryEmbyPremiere": "Prova Emby Premiere",
    "OptionEnableDisplayMirroring": "Abilita visualizzazione remota",
    "ErrorValidatingSupporterInfo": "C'\u00e8 stato un errore nella convalida delle informazioni sul tuo abonamento Emby Premiere. Riprova pi\u00f9 tardi.",
    "LabelLocalSyncStatusValue": "Stato {0}",
    "OptionBackdropSlideshow": "Scenografia presentazione",
    "HeaderTopPlugins": "Migliori Plugins",
    "ButtonOther": "Altro",
    "HeaderSortBy": "Ordina per",
    "HeaderSortOrder": "Ordinamento",
    "ButtonMenu": "Menu",
    "ForAdditionalLiveTvOptions": "Per ulteriori provider Live TV, fare clic sulla scheda Servizi per vedere le opzioni disponibili.",
    "ButtonGuide": "Guida",
    "ButtonYes": "Si",
    "AddUser": "Aggiungi utente",
    "ButtonNo": "No",
    "HeaderEmailAddress": "Indirizzo E-Mail",
    "NumLocationsValue": "{0} cartelle",
    "ErrorAddingListingsToSchedulesDirect": "C'\u00e8 stato un errore nell'aggiunta della tua lista all'account Schedules Direct.\nSchedules Direct permette solo un numero limitato di selezioni per account. Potresti aver bisogno di accedere al sito Schedules Direct e rimuoverne alcune prima di procedere.",
    "PleaseAddAtLeastOneFolder": "Per favore aggiungi almeno una cartella alla raccolta cliccando sul pulsante Aggiungi.",
    "ErrorAddingMediaPathToVirtualFolder": "C'\u00e8 stato un errore durante l'aggiunta del percorso. Per favore controlla che sia valido, e che Emby Server abbia l'accesso alla posizione indicata.",
    "ErrorAddingEmbyConnectAccount3": "L'account Emby \u00e8 gi\u00e0 collegato ad un utente locale esistente. Un account Emby pu\u00f2 essere collegato solo ad un utente locale alla volta.",
    "HeaderConfirmPluginInstallation": "Conferma Installazione Plugin",
    "PleaseConfirmPluginInstallation": "Per favore premi OK per confermare che hai letto quanto precede e che vuoi procedere all'installazione del plug-in.",
    "MessagePluginInstallDisclaimer": "I plugin creati dai membri della comunit\u00e0 Emby sono un ottimo modo per migliorare l'esperienza di Emby con funzionalit\u00e0 e vantaggi aggiuntivi. Prima di installare, si prega di notare gli effetti che possono avere sul tuo server Emby, come le scansioni pi\u00f9 lunghe della libreria, l'elaborazione di sfondo aggiuntiva e la stabilit\u00e0 del sistema diminuita.",
    "TitleHardwareAcceleration": "Accelerazione Hardware:",
    "HardwareAccelerationWarning": "L'attivazione dell'accelerazione hardware potrebbe causare instabilit\u00e0 in qualche sistema. Assicurarsi che il sistema operativo e i driver video siano completamente aggiornati. Se hai difficolt\u00e0 a riprodurre video dopo aver abilitato questa operazione, dovrai cambiare l'impostazione in Auto.",
    "ValueExample": "Esempio: {0}",
    "LabelFileOrUrl": "File o URL:",
    "OptionEnableForAllTuners": "Abilita per tutti i sintonizzatori",
    "HeaderTuners": "Sinton. TV",
    "LabelOptionalM3uUrl": "Indirizzo M3U (opzionale)",
    "LabelOptionalM3uUrlHelp": "Alcuni dispositivi supportano le liste canali M3U.",
    "TabResumeSettings": "Ripristina Impostazioni",
    "DrmChannelsNotImported": "I canali con DRM non saranno importati.",
    "LabelAllowHWTranscoding": "Consenti transcodifica hardware",
    "AllowHWTranscodingHelp": "Se abilitato, abilita il sintonizzatore per codificare i flussi al volo. Ci\u00f2 potrebbe contribuire a ridurre la transcodifica richiesta da Emby Server.",
    "MetadataSettingChangeHelp": "Modificare le impostazioni dei metadati influenzer\u00e0 il nuovo contenuto aggiunto in avanti. Per aggiornare i contenuti esistenti, aprire la schermata dei dettagli e fare click sul pulsante di aggiornamento oppure eseguire aggiornamenti di massa utilizzando il gestore di metadati.",
    "RecordingPathChangeMessage": "La modifica della cartella di registrazione non migrer\u00e0 le registrazioni esistenti dalla vecchia posizione al nuovo. Sar\u00e0 necessario spostarli manualmente, se lo si desidera.",
    "LabelSportsCategories": "Categorie sport:",
    "XmlTvSportsCategoriesHelp": "I programmi con queste categorie saranno visualizzati come programmi sportivi. Separa multipli con '|'.",
    "LabelNewsCategories": "Categorie notizie:",
    "XmlTvNewsCategoriesHelp": "I programmi con queste categorie saranno visualizzati come programmi di news. Separa multipli con '|'.",
    "LabelKidsCategories": "Categorie bambini:",
    "XmlTvKidsCategoriesHelp": "I programmi con queste categorie saranno visualizzati come programmi per i bambini. Separa multipli con '|'.",
    "LabelMovieCategories": "Categorie film:",
    "XmlTvMovieCategoriesHelp": "I programmi con queste categorie saranno visualizzati come filmati. Separa multipli con '|'.",
    "XmlTvPathHelp": "Un percorso di un file xml tv. Emby legger\u00e0 questo file e controlla periodicamente per gli aggiornamenti. Sei responsabile della creazione e dell'aggiornamento del file.",
    "LabelBindToLocalNetworkAddress": "Assegna ad indirizzo di rete locale:",
    "LabelBindToLocalNetworkAddressHelp": "Opzionale. Sovrascrivere l'indirizzo IP locale per associare il server http a. Se lasciato vuoto, il server verr\u00e0 associato a tutti gli indirizzi disponibili. Modificare questo valore richiede di riavviare Emby Server.",
    "TitleHostingSettings": "Impostazioni hosting",
    "SettingsWarning": "La modifica di questi valori pu\u00f2 causare problemi di instabilit\u00e0 o di connettivit\u00e0. Se si verificano problemi, si consiglia di modificarli all'impostazione predefinita.",
    "MapChannels": "Mappa Canali",
    "OptionSaveMetadataAsHiddenHelp": "La modifica di questo si applicher\u00e0 ai nuovi metadati che verranno salvati in avanti. I file di metadati esistenti verranno aggiornati la prossima volta che vengono salvati da Emby Server.",
    "EnablePhotos": "Abilita foto",
    "EnablePhotosHelp": "Le foto saranno rilevate e visualizzate accanto a altri file multimediali.",
    "LabelMaxAudioFileBitrate": "Massimo bitrate per file audio:",
    "LabelMaxAudioFileBitrateHelp": "I file audio con un valore pi\u00f9 alto di bitrate saranno convertiti dal Server Emby. Seleziona un valore pi\u00f9 alto per una qualit\u00e0 migliore, oppure, un valore pi\u00f9 basso per risparmiare spazio di archiviazione.",
    "SaveThumbnailImagesIntoMediaFolders": "Save thumbnail images into media folders",
    "OptionExtractThumbnailImage": "Enable thumbnail image creation",
    "LabelEnableDebugLogging": "Attiva la registrazione degli eventi",
    "OptionEnableExternalContentInSuggestions": "Abilita contenuto remoto nei suggerimenti",
    "OptionEnableExternalContentInSuggestionsHelp": "Consenti l'inclusione di trailer Internet e programmi TV tra i contenuti suggeriti.",
    "LabelH264EncodingPreset": "Preset di codifica H264:",
    "H264EncodingPresetHelp": "Scegli una velocit\u00e0 maggiore per migliorare le performance, o minore per incrementare la qualit\u00e0.",
    "LabelH264Crf": "CRF di codifica H264:",
    "H264CrfHelp": "Il fattore di frequenza costante (CRF) \u00e8 l'impostazione di qualit\u00e0 predefinita per l'encoder x264. \u00c8 possibile impostare i valori compresi tra 0 e 51, in cui valori inferiori potrebbero determinare una migliore qualit\u00e0 (a discapito delle dimensioni superiori dei file). I valori normali sono compresi tra 18 e 28. L'impostazione predefinita per x264 \u00e8 23, quindi \u00e8 possibile utilizzare questo come punto di partenza.",
    "LabelOptionalNetworkPath": "Cartella condivisa (Opzionale):",
    "LabelOptionalNetworkPathHelp": "Se questa cartella \u00e8 condivisa sulla rete, fornendo il percorso di condivisione di rete si pu\u00f2 consentire alle applicazioni Emby su altri dispositivi di accedere direttamente ai file multimediali.",
    "SynologyUpdateInstructions": "Accedi al DSM e vai nel Package Center per aggiornarlo.",
    "LabelMoviePrefix": "Prefisso film:",
    "LabelMoviePrefixHelp": "Se un prefisso viene applicato ai titoli di film, inseriscilo qui in modo che Emby possa gestirlo correttamente.",
    "HeaderRecordingPostProcessing": "Post-processing Registrazione",
    "LabelPostProcessorArguments": "Argomenti linea di comando del Post-processor",
    "LabelPostProcessorArgumentsHelp": "Usa {path} come percorso al file di registrazione.",
    "LabelPostProcessor": "Applicazione Post-processing:",
    "ErrorAddingXmlTvFile": "Si \u00e8 verificato un errore durante l'accesso al file XmlTV. Si prega di assicurarsi che il file esista e riprovare.",
    "OptionAutomaticallyGroupSeries": "Fondi automaticamente le serie sparse su pi\u00f9 cartelle",
    "OptionAutomaticallyGroupSeriesHelp": "Se abilitato, le serie distribuite in pi\u00f9 cartelle di questa libreria saranno automaticamente combinate in un'unica serie.",
    "WhenDidYouPurchaseApp": "Quando hai acquistato questa app originariamente?",
    "PreferEmbeddedTitlesOverFileNames": "Preferisci titoli integrati ai nomi dei file",
    "PreferEmbeddedTitlesOverFileNamesHelp": "Determina il titolo predefinito usato quando non sono disponibili metadati locali o da Internet.",
    "HeaderLiveTvTunerSetup": "Configura Ricevitore TV",
    "HeaderTVSourceSetup": "TV Source Setup",
    "HeaderDetectMyDevices": "Rileva i miei dispositivi",
    "MessagePleaseWait": "Per favore attendi. La procedura potrebbe impiegare qualche minuto.",
    "DetectingDevices": "Rilevamento dispositivi",
    "LabelAutomaticallyRefreshInternetMetadataEvery": "Aggiorna automaticamente i metadati da Internet:",
    "Never": "Mai",
    "EveryNDays": "Ogni {0} giorni",
    "HeaderNewDevices": "Nuovi Dispositivi",
    "LabelCertificatePassword": "Password Certificato:",
    "LabelCertificatePasswordHelp": "Se il tuo certificato richiede una password, per favore inseriscila qui",
    "LabelEnableHardwareDecodingFor": "Abilita la decodifica hardware per:",
    "EnableHardwareEncoding": "Abilita la codifica hardware",
    "Rate": "Vota",
    "HeaderNewLibrary": "New Library",
    "HttpsRequiresCert": "Per richiedere https come indirizzo esterno, sar\u00e0 necessario fornire un certificato SSL attendibile, ad esempio Lets Encrypt.",
    "ServerRestartNeededAfterPluginInstall": "Il server Emby dovr\u00e0 essere riavviato dopo l'installazione di un plugin.",
    "PluginInstalledMessage": "Il plugin \u00e8 stato installato correttamente. Il server Emby dovr\u00e0 essere riavviato affinch\u00e9 le modifiche abbiano effetto.",
    "Themes": "Temi",
    "MessagePremiereStatusGood": "Hai un piano {0} di Emby Premiere e l'utilizzo del tuo dispositivo \u00e8 dentro il tuo limite.",
    "MessagePremiereStatusClose": "Hai un piano {0} di Emby Premiere, ma l'utilizzo del tuo dispositivo \u00e8 vicino al limite.",
    "MessagePremiereExtendedPlans": "Considera un {0} piano esteso del dispositivo {1}",
    "MessagePremiereStatusOver": "Hai un piano {0} di Emby Premiere, ma sei al di sopra del tuo limite del dispositivo!",
    "ListItemPremiereSub": "{0} abbonamento acquistato tramite {2} scade {1}",
    "LabelClickToCancel": "Fai clic per annullare questo abbonamento",
    "LabelCancelInfo": "Puoi gestire questo abbonamento direttamente con {0}",
    "LabelAlreadyCanceled": "Questo abbonamento \u00e8 stato annullato. La chiave rester\u00e0 valida fino alla sua scadenza.",
    "HeaderCancelSub": "Annulla Emby Premiere",
    "MessageConfirmSubCancel": "NO, per favore non andartene ... cos\u00ec ti perderai tutte le fantastiche caratteristiche di Emby Premiere!",
    "ButtonCancelSub": "Lo so, annullalo comunque",
    "ButtonDontCancelSub": "Mantieni Emby Premiere",
    "MessageSubCancelReqSent": "Una e-mail \u00e8 stata inviata al proprietario della chiave. Seguire le istruzioni contenute in quella email per completare la cancellazione di questo abbonamento. Ci auguriamo di rivederti presto!",
    "MessageSubCancelError": "Qualcosa \u00e8 andato storto cercando di annullare il tuo abbonamento. Si prega di inviare un'email a {0} e ti aiuteremo noi.",
    "LabelAlreadyCancelled": "Questo abbonamento \u00e8 stato annullato. Non ti verr\u00e0 addebitato altro, ma le funzionalit\u00e0 funzioneranno fino alla data indicata.",
    "AllowOnTheFlySubtitleExtraction": "Consenti l'estrazione sottotitoli al volo",
    "AllowOnTheFlySubtitleExtractionHelp": "I sottotitoli incorporati possono essere estratti dai video e consegnati ad applicazioni Emby in testo semplice per evitare la transcodifica dei video. In alcuni sistemi questo pu\u00f2 richiedere molto tempo e causare un rallentamento della riproduzione video durante il processo di estrazione. Disattivare questa opzione per avere i sottotitoli incorporati con la transcodifica video quando non sono supportati nativamente dal dispositivo client.",
    "ButtonStopRecording": "Ferma Registrazione",
    "EnableDebugLoggingHelp": "La registrazione di debug deve essere attivata solo se necessario per scopi di risoluzione dei problemi.  Il costante accesso al file system pu\u00f2 impedire al server di spegnersi in alcuni ambienti.",
    "LabelSimultaneousConnectionLimit": "Limite stream simultanei:",
    "SimultaneousConnectionLimitHelp": "Numero massimo di streaming simultanei permessi. Inserisci 0 per nessun limite.",
    "LaunchWebAppOnStartup": "Lancia l'app web Emby nel mio browser web quando Emby Server si avvia",
    "LaunchWebAppOnStartupHelp": "Ci\u00f2 aprir\u00e0 l'app Web nel browser Web predefinito all'avvio iniziale di Emby Server. Ci\u00f2 non si verifica quando si utilizza la funzione del server di riavvio.",
    "LabelReferrerHeader": "Referrer http header:",
    "LabelUserAgentHeader": "User agent http header:",
    "SupplyCustomValueIfNeeded": "Supply a custom http header value, if necessary.",
    "HeaderConfigureRemoteAccess": "Configura Accesso Remoto",
    "LearnHowToCreateSynologyShares": "Scopri come condividere cartelle in Synology",
    "LabelAllowedRemoteAddresses": "Filtro indirizzo IP Remoto:",
    "LabelAllowedRemoteAddressesMode": "Modalit\u00e0 filtro indirizzo IP remoto:",
    "Whitelist": "Whitelist",
    "Blacklist": "Blacklist",
    "AllowedRemoteAddressesHelp": "Elenco separato da virgola di indirizzi IP o voci IP \/ maschera di rete per reti che potranno connettersi da remoto. Se lasciato vuoto, saranno consentiti tutti gli indirizzi remoti.",
    "LabelLanNetworks": "Reti LAN:",
    "LanNetworksHelp": "Elenco separato da virgola di indirizzi IP o voci IP \/ maschera di rete per reti che saranno considerate sulla rete locale quando si applicano restrizioni di larghezza di banda. Se impostato, tutti gli altri indirizzi IP verranno considerati nella rete esterna e saranno soggetti alle limitazioni della larghezza di banda esterna. Se lasciato vuoto, solo la sottorete del server viene considerata nella rete locale.",
    "LabelSecureConnectionsMode": "Modalit\u00e0 connessione sicura:",
    "PreferredNotRequired": "Preferito, ma non richiesto",
    "RequiredForAllRemoteConnections": "Richiesto per tutte le connessioni remote",
    "HandledByProxy": "Gestito dal reverse proxy",
    "SaveSubtitlesIntoMediaFolders": "Salva i sottotitoli nella cartella multimediale",
    "SaveSubtitlesIntoMediaFoldersHelp": "Memorizzare i sottotitoli accanto ai file video consentir\u00e0 di gestirli pi\u00f9 facilmente.",
    "AutomaticSubtitleDownloadInstructions": "To manage automatic subtitle downloading, click on a library in Emby library setup, and edit the subtitle downloading settings for that library.",
    "OpenSubtitleInstructions": "\u00c8 necessario configurare le informazioni sull'account di Open Subtitles nella schermata di configurazione nella dashboard di Emby Server.",
    "LabelEnableHardwareAcceleration": "Enable hardware acceleration when available:",
    "HeaderPreferredHardwareDecoders": "Preferred Hardware Decoders",
    "HeaderPreferredHardwareEncoders": "Preferred Hardware Encoders",
    "AllowChangingImageAndPassword": "Allow this user to change their password and profile image",
    "LabelTranscodeBuffer": "Transcode buffer:",
    "LabelTranscodePosition": "Transcode position:",
    "LabelPlaybackPosition": "Playback position:",
    "LabelSimultaneousStreamLimit": "Max simultaneous video streams:",
    "SimultaneousStreamLimitHelp": "Limit the number of concurrent video playback sessions."
}