{
    "LabelLocalIpAddress": "Local IP address:",
    "LabelPrevious": "Anterior",
    "LabelFinish": "Finalizar",
    "LabelNext": "Pr\u00f3ximo",
    "LabelYoureDone": "Pronto!",
    "ThisWizardWillGuideYou": "Este assistente ir\u00e1 gui\u00e1-lo pelo processo de instala\u00e7\u00e3o. Para come\u00e7ar, por favor selecione seu idioma preferido.",
    "HeaderCreateYourFirstUser": "Crie seu primeiro usu\u00e1rio",
    "ButtonQuickStartGuide": "Guia Inicial R\u00e1pido",
    "MoreUsersCanBeAddedLater": "Mais usu\u00e1rios podem ser adicionados posteriormente nas configura\u00e7\u00f5es do Emby Server.",
    "UserProfilesIntro": "Emby inclui suporte nativo para perfis de usu\u00e1rios, permitindo que cada usu\u00e1rio tenha seus pr\u00f3prios ajustes de visualiza\u00e7\u00e3o, estado da reprodu\u00e7\u00e3o e controles et\u00e1rios.",
    "WizardCompleted": "Isto \u00e9 tudo que precisamos no momento. Emby come\u00e7ou a coletar informa\u00e7\u00f5es de sua biblioteca de m\u00eddia. Confira algumas de nossas apps e ent\u00e3o clique<b>Terminar<\/b> para ver o <b>Painel do Servidor<\/b>.",
    "HeaderTermsOfService": "Termos de Servi\u00e7o do Emby",
    "MessagePleaseAcceptTermsOfService": "Por favor, aceite os termos de servi\u00e7o e pol\u00edtica de privacidade antes de continuar.",
    "OptionIAcceptTermsOfService": "Eu aceito os termos de servi\u00e7o",
    "HeaderGuideDataSetup": "Configura\u00e7\u00e3o dos Dados do Guia",
    "LabelGuideSource": "Fontes do guia:",
    "SeeOurHwaGuide": "See our {0}hardware acceleration setup guide{1}.",
    "HeaderEmbyServerReleaseNotes": "Notas de vers\u00e3o do Emby Server",
    "AllowSubtitleDownloading": "Permitir o download de legendas",
    "AllowSubtitleManagement": "Permitir exclus\u00e3o do arquivos de legendas existentes",
    "NewUserNameHelp": "This is how the user will appear on your server.",
    "ChapterMarkers": "Marcadores de cap\u00edtulo",
    "LabelThumbnailImagesInterval": "Intervalo de imagens miniatura:",
    "ThumbnailImagesIntervalHelp": "Imagens miniatura mais frequentes resultar\u00e3o em uma melhor experi\u00eancia, mas ser\u00e1 necess\u00e1rio mais espa\u00e7o em disco e tempo para criar as imagens.",
    "LabelAuthProvider": "Provedor de autentica\u00e7\u00e3o:",
    "AuthProviderHelp": "Administradores sempre usam o provedor padr\u00e3o do Emby para garantir que voc\u00ea nunca ser\u00e1 impedido de entrar.",
    "HeaderNewUser": "New User",
    "HeaderNewApiKey": "Nova Chave da Api",
    "EditServerDisplayName": "Alterar o nome de exibi\u00e7\u00e3o do servidor",
    "LabelPinCode": "C\u00f3digo Pin:",
    "ShowAdvancedSettings": "Exibir configura\u00e7\u00f5es avan\u00e7adas",
    "ChangingMetadataImageSettingsNewContent": "Altera\u00e7\u00f5es nas configura\u00e7\u00f5es do download de metadados ou imagens s\u00f3 aplicar\u00e3o para novo conte\u00fado adicionado \u00e0 sua biblioteca. Para aplicar as altera\u00e7\u00f5es aos t\u00edtulos existentes, voc\u00ea precisar\u00e1 atualizar seus metadados manualmente.",
    "AllowRemoteAccess": "Permitir conex\u00f5es remotas a este Servidor Emby.",
    "AllowRemoteAccessHelp": "Se n\u00e3o selecionado, todas as conex\u00f5es remotas ser\u00e3o bloqueadas.",
    "Alerts": "Alertas",
    "LabelTrackTitleDisplay": "Exibi\u00e7\u00e3o do t\u00edtulo da faixa incorporada:",
    "GenerateUserFriendlyTrackTitles": "Gerar t\u00edtulos amig\u00e1veis usando a informa\u00e7\u00e3o da faixa",
    "PreferOriginalTrackTitles": "Preferir t\u00edtulos incorporados",
    "TrackTitleDisplayHelp": "Escolha o t\u00edtulo de exibi\u00e7\u00e3o de faixas de \u00e1udio e legenda incorporadas. Preferir incorporado n\u00e3o \u00e9 recomendado, a menos que voc\u00ea esteja curando manualmente as informa\u00e7\u00f5es da faixa incorporada.",
    "EnableTranscodingThrottle": "Ativar redu\u00e7\u00e3o de uso de rede",
    "EnableTranscodingThrottleHelp": "O Emby ajustar\u00e1 dinamicamente a velocidade de transcodifica\u00e7\u00e3o para reduzir o uso da cpu.",
    "LabelTypeMetadataDownloaders": "{0} downloaders de metadados:",
    "HeaderTypeImageFetchers": "{0} Buscadores de Imagem",
    "HeaderImageOptions": "Op\u00e7\u00f5es de Imagem",
    "OptionBeta": "Beta",
    "HeaderTaskTriggers": "Triggers de Tarefa",
    "HeaderPaths": "Locais",
    "CategorySync": "Sincroniza\u00e7\u00e3o",
    "RegisterWithPayPal": "Registrar com PayPal",
    "LabelSyncTempPath": "Local do arquivo tempor\u00e1rio:",
    "LabelSyncTempPathHelp": "Especifique uma pasta de trabalho para a sincroniza\u00e7\u00e3o personalizada. M\u00eddias convertidas criadas durante o processo de sincroniza\u00e7\u00e3o ser\u00e3o aqui armazenadas.",
    "LabelCustomCertificatePath": "Local do certificado ssl personalizado:",
    "LabelCustomCertificatePathHelp": "Local do arquivo PKCS #12 contendo certificado e chave privada para ativar o suporte TLS em um dom\u00ednio personalizado.",
    "HeaderSetupLibrary": "Configurar suas bibliotecas de m\u00eddias",
    "LabelTimeLimitHours": "Limite de tempo (horas):",
    "HeaderPreferredMetadataLanguage": "Idioma Preferido dos Metadados",
    "LabelSaveLocalMetadata": "Salvar imagens dentro das pastas da m\u00eddia",
    "LabelSaveLocalMetadataHelp": "Salvar imagens diretamente nas pastas da m\u00eddia as deixar\u00e1 em um local f\u00e1cil para edit\u00e1-las.",
    "TabPassword": "Senha",
    "TabLibraryAccess": "Acesso \u00e0 Biblioteca",
    "TabAccess": "Acesso",
    "TabImage": "Imagem",
    "TabProfile": "Perfil",
    "TabMetadata": "Metadados",
    "TabImages": "Imagens",
    "HeaderDeviceAccess": "Acesso ao Dispositivo",
    "OptionEnableAccessFromAllDevices": "Ativar o acesso de todos os dispositivos",
    "OptionEnableAccessToAllChannels": "Ativar o acesso a todos os canais",
    "OptionEnableAccessToAllLibraries": "Ativar o acesso a todas as bibliotecas",
    "DeviceAccessHelp": "Isto apenas aplica para dispositivos que podem ser identificados como \u00fanicos e n\u00e3o evitar\u00e3o o acesso do navegador. Filtrar o acesso ao dispositivo do usu\u00e1rio evitar\u00e1 que sejam usados novos dispositivos at\u00e9 que sejam aprovados aqui.",
    "LabelDisplayMissingEpisodesWithinSeasons": "Exibir epis\u00f3dios que faltam dentro das temporadas",
    "LabelDisplayMissingEpisodesWithinSeasonsHelp": "Isto tamb\u00e9m deve ser ativado para as bibliotecas de TV na configura\u00e7\u00e3o do Servidor Emby.",
    "LabelUnairedMissingEpisodesWithinSeasons": "Exibir epis\u00f3dios por estrear dentro das temporadas",
    "ImportMissingEpisodesHelp": "Se ativo, as informa\u00e7\u00f5es dos epis\u00f3dios que faltam ser\u00e3o importadas para sua base de dados do Emby e exibida dentro das temporadas e s\u00e9ries. Isto pode fazer com que o rastreamento da biblioteca seja mais longo.",
    "MessageEnablingOptionLongerScans": "Ativar esta op\u00e7\u00e3o pode resultar em rastreamentos de biblioteca significativamente mais demorados.",
    "TabSecurity": "Seguran\u00e7a",
    "ButtonSave": "Salvar",
    "LabelUrl": "Url:",
    "HeaderCreatePassword": "Criar Senha",
    "LabelMaxParentalRating": "Classifica\u00e7\u00e3o et\u00e1ria m\u00e1xima permitida:",
    "MaxParentalRatingHelp": "Conte\u00fado com classifica\u00e7\u00e3o maior ser\u00e1 ocultado do usu\u00e1rio.",
    "LibraryAccessHelp": "Selecione as pastas de m\u00eddia para compartilhar com este usu\u00e1rio. Administradores poder\u00e3o editar todas as pastas usando o gerenciador de metadados.",
    "ChannelAccessHelp": "Selecione os canais a compartilhar com este usu\u00e1rio. Administradores poder\u00e3o editar todos os canais usando o gerenciador de metadados.",
    "ButtonDeleteImage": "Excluir Imagem",
    "LabelSelectUsers": "Selecionar usu\u00e1rios:",
    "HeaderUploadNewImage": "Fazer Upload da Nova Imagem",
    "ImageUploadAspectRatioHelp": "Propor\u00e7\u00e3o de Imagem 1:1 Recomendada. Apenas JPG\/PNG",
    "MessagePleaseEnsureInternetMetadata": "Por favor, certifique-se que o download de metadados da internet est\u00e1 habilitado.",
    "AlreadyPaidHelp1": "Se j\u00e1 pagou anteriormente para instalar uma vers\u00e3o antiga do Media Browser para Android, n\u00e3o ser\u00e1 necess\u00e1rio pagar novamente para ativar este app. Clique OK para enviar-nos um email para {0} e n\u00f3s ativaremos para voc\u00ea.",
    "AlreadyPaidHelp2": "Possui o Emby Premiere? Cancele esta caixa, configure o Emby Premiere no Painel do Servidor Emby em Ajuda -> Emby Premiere e ele ser\u00e1 automaticamente desbloqueado.",
    "TabSuggestions": "Sugest\u00f5es",
    "TabLatest": "Recentes",
    "TabUpcoming": "Estreando",
    "TabShows": "S\u00e9ries",
    "TabEpisodes": "Epis\u00f3dios",
    "TabGenres": "G\u00eaneros",
    "TabNetworks": "Emissoras",
    "HeaderUsers": "Usu\u00e1rios",
    "TabMyPlugins": "Meus Plugins",
    "TabCatalog": "Cat\u00e1logo",
    "TitlePlugins": "Plugins",
    "HeaderAutomaticUpdates": "Atualiza\u00e7\u00f5es Autom\u00e1ticas",
    "HeaderLatestAlbums": "\u00c1lbuns Recentes",
    "HeaderLatestSongs": "M\u00fasicas Recentes",
    "LabelVideoType": "Tipo de V\u00eddeo:",
    "OptionBluray": "Bluray",
    "OptionDvd": "DVD",
    "OptionIso": "ISO",
    "Option3D": "3D",
    "Standard": "Padr\u00e3o",
    "LabelLastResult": "\u00daltimo resultado:",
    "OptionHasSpecialFeatures": "Recursos Especiais",
    "OptionImdbRating": "Avalia\u00e7\u00e3o IMDb",
    "OptionParentalRating": "Classifica\u00e7\u00e3o Et\u00e1ria",
    "OptionPremiereDate": "Data da Estr\u00e9ia",
    "TabBasic": "B\u00e1sico",
    "TabAdvanced": "Avan\u00e7ado",
    "TabGeneral": "Geral",
    "TitleSupport": "Suporte",
    "TabAbout": "Sobre",
    "TabSupporterKey": "Chave do Emby Premiere",
    "TabBecomeSupporter": "Obter o Emby Premiere",
    "TabEmbyPremiere": "Emby Premiere",
    "OptionHideUserLocal": "Ocultar este usu\u00e1rio das telas de login na rede local",
    "OptionHideUserRemote": "Ocultar este usu\u00e1rio das telas de login quando conectado remotamente",
    "OptionHideUserFromLoginHelp": "\u00datil para contas de administrador privadas ou ocultas. O usu\u00e1rio necessitar\u00e1 entrar manualmente, digitando seu nome de usu\u00e1rio e senha.",
    "OptionDisableUser": "Desativar este usu\u00e1rio",
    "OptionDisableUserHelp": "Se estiver desativado o servidor n\u00e3o permitir\u00e1 nenhuma conex\u00e3o deste usu\u00e1rio. Conex\u00f5es existentes ser\u00e3o abruptamente terminadas.",
    "ButtonHelp": "Ajuda",
    "OptionAllowUserToManageServer": "Permitir a este usu\u00e1rio administrar o servidor",
    "HeaderFeatureAccess": "Acesso aos Recursos",
    "OptionAllowMediaPlayback": "Permitir reprodu\u00e7\u00e3o de m\u00eddia",
    "OptionAllowBrowsingLiveTv": "Permitir acesso \u00e0 TV ao Vivo",
    "AllLibraries": "Todas as bibliotecas",
    "HeaderAllowMediaDeletionFrom": "Permitir a Exclus\u00e3o de M\u00eddia de",
    "AllowDeletionFromAll": "Permitir a exclus\u00e3o de m\u00eddia de todas as bibliotecas",
    "OptionAllowManageLiveTv": "Permitir gerenciamento de grava\u00e7\u00f5es da TV ao Vivo",
    "OptionAllowRemoteControlOthers": "Permitir controle remoto de outros usu\u00e1rios",
    "OptionAllowRemoteSharedDevices": "Permitir controle remoto de dispositivos compartilhados",
    "OptionAllowRemoteSharedDevicesHelp": "Dispositivos dlna s\u00e3o considerados compartilhados at\u00e9 que um usu\u00e1rio comece a control\u00e1-lo.",
    "OptionAllowLinkSharing": "Permitir compartilhamento com m\u00eddia social",
    "OptionAllowLinkSharingHelp": "Apenas p\u00e1ginas web que contenham informa\u00e7\u00f5es de m\u00eddia s\u00e3o compartilhadas. Arquivos de m\u00eddia nunca s\u00e3o compartilhados publicamente. Os compartilhamentos t\u00eam um limite de tempo e expiram depois de {0} dias.",
    "OptionMissingTmdbId": "Faltando Id Tmdb",
    "OptionIsHD": "HD",
    "OptionIsSD": "SD",
    "ButtonSelect": "Selecionar",
    "HeaderCredits": "Cr\u00e9ditos",
    "PleaseSupportOtherProduces": "Por favor, apoie outros produtos gr\u00e1tis que utilizamos:",
    "VersionNumber": "Vers\u00e3o {0}",
    "TabPaths": "Locais",
    "TabServer": "Servidor",
    "OptionRelease": "Vers\u00e3o Oficial",
    "LabelAllowServerAutoRestart": "Permitir ao servidor reiniciar automaticamente para aplicar as atualiza\u00e7\u00f5es",
    "LabelAllowServerAutoRestartHelp": "O servidor s\u00f3 reiniciar\u00e1 durante os per\u00edodos ociosos, quando nenhum usu\u00e1rio estiver ativo.",
    "LabelRunServerAtStartup": "Executar servidor na inicializa\u00e7\u00e3o",
    "LabelRunServerAtStartupHelp": "Esta op\u00e7\u00e3o abrir\u00e1 o \u00edcone da bandeja de sistema na inicializa\u00e7\u00e3o do Windows. Se voc\u00ea configurou um servi\u00e7o do Windows, ent\u00e3o deixe a op\u00e7\u00e3o desmarcada e configure  o servi\u00e7o para executar na inicializa\u00e7\u00e3o.",
    "ButtonSelectDirectory": "Selecionar Diret\u00f3rio",
    "LabelCachePath": "Local do cache:",
    "DefaultMetadataLangaugeDescription": "Estas s\u00e3o suas configura\u00e7\u00f5es padr\u00e3o e podem ser personalizadas por biblioteca.",
    "LabelCachePathHelp": "Defina uma localiza\u00e7\u00e3o para os arquivos de cache como, por exemplo, imagens. Por favor, deixe em branco para usar o padr\u00e3o do servidor.",
    "LabelRecordingPath": "Local de grava\u00e7\u00e3o padr\u00e3o:",
    "LabelMovieRecordingPath": "Local de grava\u00e7\u00e3o de filme (opcional):",
    "LabelSeriesRecordingPath": "Local de grava\u00e7\u00e3o de s\u00e9ries (opcional):",
    "LabelRecordingPathHelp": "Defina o local padr\u00e3o para salvar as grava\u00e7\u00f5es. Se ficar em branco, a pasta de dados do programa do servidor ser\u00e1 usada.",
    "LabelMetadataPath": "Local dos Metadados:",
    "LabelMetadataPathHelp": "Defina um local personalizado para artwork e metadados baixados.",
    "LabelTranscodingTempPath": "Local tempor\u00e1rio para transcodifica\u00e7\u00e3o:",
    "LabelTranscodingTempPathHelp": "Esta pasta cont\u00e9m arquivos ativos usados pelo transcodificador. Especifique um local personalizado ou deixe em branco para usar o padr\u00e3o dentro da pasta de dados do servidor.",
    "TabBasics": "B\u00e1sico",
    "TabTV": "TV",
    "TabGames": "Jogos",
    "TabMusic": "M\u00fasica",
    "TabOthers": "Outros",
    "OptionMovies": "Filmes",
    "OptionEpisodes": "Epis\u00f3dios",
    "OptionOtherVideos": "Outros V\u00eddeos",
    "ExtractThumbnailImagesHelp": "Criar imagens miniatura permitir\u00e1 aos apps do Emby exibir menus gr\u00e1ficos de sele\u00e7\u00e3o de cenas. O processo pode ser lento, com uso intenso de CPU e pode utilizar bastante espa\u00e7o em disco. \u00c9 executado quando os v\u00eddeos s\u00e3o encontrados e tamb\u00e9m como uma tarefa noturna agendada. O agendamento \u00e9 configur\u00e1vel na \u00e1rea de tarefas agendadas. N\u00e3o \u00e9 recomendado executar esta tarefa durante as horas de pico.",
    "TabGuide": "Guia",
    "TabChannels": "Canais",
    "TabCollections": "Colet\u00e2neas",
    "HeaderChannels": "Canais",
    "TabRecordings": "Grava\u00e7\u00f5es",
    "TabSeries": "S\u00e9ries",
    "TabFavorites": "Favoritos",
    "TabMyLibrary": "Minha Biblioteca",
    "TabSettings": "Ajustes",
    "ButtonRefreshGuideData": "Atualizar Dados do Guia",
    "ButtonRefresh": "Atualizar",
    "OptionPriority": "Prioridade",
    "OptionRecordOnAllChannels": "Gravar em todos os canais",
    "OptionRecordAnytime": "Gravar a qualquer hora",
    "OptionRecordOnlyNewEpisodes": "Gravar apenas novos epis\u00f3dios",
    "HeaderDays": "Dias",
    "ButtonEdit": "Editar",
    "ButtonRecord": "Gravar",
    "ButtonDelete": "Excluir",
    "ButtonRemove": "Remover",
    "OptionRecordSeries": "Gravar S\u00e9ries",
    "HeaderDetails": "Detalhes",
    "TitleLiveTV": "TV ao Vivo",
    "LabelNumberOfGuideDays": "N\u00famero de dias de dados do guia para download:",
    "LabelNumberOfGuideDaysHelp": "Fazer download de mais dias de dados do guia permite agendar com mais anteced\u00eancia e ver mais itens, mas tamb\u00e9m levar\u00e1 mais tempo para o download. Auto escolher\u00e1 com base no n\u00famero de canais.",
    "OptionAutomatic": "Auto",
    "HeaderServices": "Servi\u00e7os",
    "LabelCustomizeOptionsPerMediaType": "Personalizar para o tipo de m\u00eddia:",
    "OptionDownloadThumbImage": "\u00cdcone",
    "OptionDownloadMenuImage": "Menu",
    "OptionDownloadLogoImage": "Logo",
    "OptionDownloadBoxImage": "Caixa",
    "OptionDownloadDiscImage": "Disco",
    "OptionDownloadBannerImage": "Banner",
    "OptionDownloadBackImage": "Traseira",
    "OptionDownloadArtImage": "Arte",
    "OptionDownloadPrimaryImage": "Capa",
    "HeaderFetchImages": "Buscar Imagens:",
    "TabOther": "Outros",
    "LabelMaxBackdropsPerItem": "N\u00famero m\u00e1ximo de imagens de fundo por item:",
    "LabelMaxScreenshotsPerItem": "N\u00famero m\u00e1ximo de imagens de tela por item:",
    "LabelMinBackdropDownloadWidth": "Tamanho m\u00ednimo da imagem de fundo para download:",
    "LabelMinScreenshotDownloadWidth": "Tamanho m\u00ednimo da imagem de tela para download:",
    "ButtonAddScheduledTaskTrigger": "Adicionar Disparador",
    "HeaderAddScheduledTaskTrigger": "Adicionar Disparador",
    "ButtonAdd": "Adicionar",
    "LabelTriggerType": "Tipo de Disparador:",
    "OptionDaily": "Di\u00e1rio",
    "OptionWeekly": "Semanal",
    "OptionOnInterval": "Em um intervalo",
    "OptionOnAppStartup": "Ao iniciar a aplica\u00e7\u00e3o",
    "OptionAfterSystemEvent": "Depois de um evento do sistema",
    "LabelDay": "Dia:",
    "LabelTime": "Hora:",
    "LabelEvent": "Evento:",
    "OptionWakeFromSleep": "Despertar da hiberna\u00e7\u00e3o",
    "LabelEveryXMinutes": "A cada:",
    "HeaderTvTuners": "Sintonizador",
    "TabFolders": "Pastas",
    "LabelSpecialSeasonsDisplayName": "Nome de exibi\u00e7\u00e3o da temporada especial:",
    "LabelEnableRealtimeMonitor": "Ativar monitoramento em tempo real",
    "LabelEnableRealtimeMonitorHelp": "As altera\u00e7\u00f5es nos arquivos ser\u00e3o processadas imediatamente em sistemas de arquivos suportados.",
    "HeaderMediaFolders": "Pastas de M\u00eddia",
    "HeaderThemeVideos": "V\u00eddeos-Tema",
    "HeaderThemeSongs": "M\u00fasicas-Tema",
    "HeaderSpecialFeatures": "Recursos Especiais",
    "HeaderAdditionalParts": "Partes Adicionais",
    "ButtonSplitVersionsApart": "Separar Vers\u00f5es",
    "ButtonPlayTrailer": "Trailer",
    "LabelMissing": "Faltando",
    "OptionSpecialEpisode": "Especiais",
    "OptionMissingEpisode": "Epis\u00f3dios Faltantes",
    "OptionUnairedEpisode": "Epis\u00f3dios Por Estrear",
    "OptionEpisodeSortName": "Nome de Ordena\u00e7\u00e3o do Epis\u00f3dio",
    "OptionTvdbRating": "Avalia\u00e7\u00e3o Tvdb",
    "HeaderAddTitles": "Adicionar T\u00edtulos",
    "TabHome": "In\u00edcio",
    "HeaderLinks": "Links",
    "LinkCommunity": "Comunidade",
    "LinkGithub": "Github",
    "LinkApi": "Api",
    "LabelFriendlyServerName": "Nome amig\u00e1vel do servidor:",
    "LabelFriendlyServerNameHelp": "Este nome ser\u00e1 usado para identificar este servidor. Se deixado em branco, ser\u00e1 usado o nome do computador.",
    "LabelPreferredDisplayLanguage": "Idioma preferido para exibi\u00e7\u00e3o:",
    "LabelPreferredDisplayLanguageHelp": "A tradu\u00e7\u00e3o do Emby \u00e9 um projeto cont\u00ednuo.",
    "LabelReadHowYouCanContribute": "Aprenda como voc\u00ea pode contribuir.",
    "ButtonSubmit": "Enviar",
    "ButtonCreate": "Criar",
    "LabelCustomCss": "Css personalizado:",
    "LabelCustomCssHelp": "Aplique o seu css personalizado para a interface web",
    "LabelLocalHttpServerPortNumber": "N\u00famero da porta local de http:",
    "LabelLocalHttpServerPortNumberHelp": "O n\u00famero da porta tcp que o servidor http do Emby deveria se conectar.",
    "LabelPublicHttpPort": "N\u00famero da porta p\u00fablica de http:",
    "LabelPublicHttpPortHelp": "O n\u00famero da porta p\u00fablica que dever\u00e1 ser mapeada para a porta local de http.",
    "LabelPublicHttpsPort": "N\u00famero da porta p\u00fablica de https:",
    "LabelPublicHttpsPortHelp": "O n\u00famero da porta p\u00fablica que dever\u00e1 ser mapeada para a porta local de https.",
    "RequireHttps": "Necessita https para conex\u00f5es externas",
    "RequireHttpsHelp": "Se ativado, as conex\u00f5es de http ser\u00e3o redirecionadas a https.",
    "LabelHttpsPort": "N\u00famero da porta local de https:",
    "LabelHttpsPortHelp": "O n\u00famero da porta tcp que o servidor https do Emby deveria se conectar.",
    "LabelEnableAutomaticPortMap": "Ativar mapeamento autom\u00e1tico de portas",
    "LabelEnableAutomaticPortMapHelp": "Tentativa de mapear automaticamente a porta p\u00fablica para a porta local atrav\u00e9s de UPnP. Isto poder\u00e1 n\u00e3o funcionar em alguns modelos de roteadores.",
    "LabelExternalDDNS": "Dom\u00ednio externo:",
    "LabelExternalDDNSHelp": "Se voc\u00ea tem DNS din\u00e2mico ou nome de dom\u00ednio, digite aqui. Os apps do Emby o usar\u00e3o ao conectar remotamente. Este campo \u00e9 necessario quando for usado com um certificado ssl personalizado. Exemplo:  meudominio.com.",
    "LabelMinResumePercentage": "Porcentagem m\u00ednima para retomar:",
    "LabelMaxResumePercentage": "Porcentagem m\u00e1xima para retomar:",
    "LabelMinResumeDuration": "Dura\u00e7\u00e3o m\u00ednima para retomar (segundos):",
    "LabelMinResumePercentageHelp": "T\u00edtulos s\u00e3o considerados como n\u00e3o assistidos se parados antes deste tempo",
    "LabelMaxResumePercentageHelp": "T\u00edtulos s\u00e3o considerados totalmente assistidos se parados depois deste tempo",
    "LabelMinResumeDurationHelp": "T\u00edtulos mais curtos que isto n\u00e3o poder\u00e3o ser retomados",
    "HeaderName": "Nome",
    "HeaderDate": "Data",
    "HeaderSource": "Fonte",
    "HeaderStatus": "Status",
    "HeaderDestination": "Destino",
    "Subscriptions": "Inscri\u00e7\u00f5es",
    "HeaderProgram": "Programa",
    "HeaderClients": "Clientes",
    "LabelCompleted": "Conclu\u00eddo",
    "LabelFailed": "Falhou",
    "LabelSkipped": "Ignorada",
    "LabelSeries": "S\u00e9rie:",
    "LabelEndingEpisodeNumber": "N\u00famero do epis\u00f3dio final:",
    "LabelEndingEpisodeNumberHelp": "Necess\u00e1rio s\u00f3 para arquivos multi-epis\u00f3dios",
    "HeaderSupportTheTeam": "Colabore com o Time do Emby",
    "HeaderSupportTheTeamHelp": "Ajude a assegurar o desenvolvimento cont\u00ednuo deste projeto comprando o Emby Premiere. Uma parte de todas as receitas ser\u00e1 distribu\u00edda para outras ferramentas gr\u00e1tis das quais dependemos.",
    "DonationNextStep": "Uma vez completada, por favor retorne e digite a sua chave do Emby Premiere, que receber\u00e1 por email.",
    "LabelSeasonFolderPattern": "Padr\u00e3o da pasta de temporada:",
    "LabelSeasonZeroFolderName": "Nome da pasta da temporada zero:",
    "HeaderResult": "Resultado",
    "LabelTransferMethod": "M\u00e9todo de transfer\u00eancia",
    "HeaderLatestNews": "Not\u00edcias Recentes",
    "HeaderRunningTasks": "Tarefas em Execu\u00e7\u00e3o",
    "HeaderActiveDevices": "Dispositivos Ativos",
    "HeaderPendingInstallations": "Instala\u00e7\u00f5es Pendentes",
    "ButtonRestartNow": "Reiniciar Agora",
    "ButtonShutdown": "Desligar Servidor Emby",
    "ButtonUpdateNow": "Atualizar Agora",
    "TabHosting": "Hospedagem",
    "PleaseUpdateManually": "Por favor, desligue o Servidor Emby e instale a \u00faltima vers\u00e3o..",
    "NewServerVersionAvailable": "Uma nova vers\u00e3o do Emby est\u00e1 dispon\u00edvel!",
    "ServerUpToDate": "O Servidor Emby est\u00e1 atualizado",
    "LabelComponentsUpdated": "Os seguintes componentes foram instalados ou atualizados:",
    "MessagePleaseRestartServerToFinishUpdating": "Por favor, reinicie o servidor para terminar de aplicar as atualiza\u00e7\u00f5es.",
    "LabelDownMixAudioScale": "Aumento do \u00e1udio ao executar downmix:",
    "LabelDownMixAudioScaleHelp": "Aumentar o \u00e1udio quando executar downmix. Defina como 1 para preservar o volume original.",
    "LabelCurrentEmailAddress": "Endere\u00e7o de email atual",
    "LabelCurrentEmailAddressHelp": "O endere\u00e7o de email atual para o qual suas novas chaves ser\u00e3o enviadas.",
    "HeaderForgotKey": "Esqueci a Chave",
    "LabelSupporterEmailAddress": "O endere\u00e7o de email que foi usado para comprar a chave.",
    "ButtonRetrieveKey": "Recuperar Chave",
    "LabelSupporterKey": "Chave do Emby Premiere (cole do email)",
    "LabelSupporterKeyHelp": "Digite sua chave do Emby Premiere para come\u00e7ar a aproveitar os benef\u00edcios adicionais.",
    "MessageInvalidKey": "A chave do Emby Premiere est\u00e1 faltando ou \u00e9 inv\u00e1lida.",
    "ErrorMessageInvalidKey": "Para que qualquer conte\u00fado premium seja registrado, voc\u00ea precisa ter uma subscri\u00e7\u00e3o ativa do Emby Premiere.",
    "HeaderRequireManualLogin": "Necessita a digita\u00e7\u00e3o manual de um nome para:",
    "HeaderRequireManualLoginHelp": "Quando desativados, os apps Emby podem mostrar a tela de login com uma sele\u00e7\u00e3o visual de usu\u00e1rios.",
    "OptionOtherApps": "Outros apps",
    "OptionMobileApps": "Apps m\u00f3veis",
    "LabelNotificationEnabled": "Ativar esta notifica\u00e7\u00e3o",
    "LabelMonitorUsers": "Monitorar atividade de:",
    "LabelSendNotificationToUsers": "Enviar notifica\u00e7\u00e3o para:",
    "LabelUseNotificationServices": "Usar os seguintes servi\u00e7os:",
    "CategoryUser": "Usu\u00e1rio",
    "CategorySystem": "Sistema",
    "CategoryApplication": "Aplica\u00e7\u00e3o",
    "CategoryPlugin": "Plugin",
    "LabelAvailableTokens": "Tokens dispon\u00edveis:",
    "AdditionalNotificationServices": "Explore o cat\u00e1logo do plugin para instalar servi\u00e7os adicionais de notifica\u00e7\u00e3o.",
    "OptionAllUsers": "Todos os usu\u00e1rios",
    "OptionAdminUsers": "Administradores",
    "OptionCustomUsers": "Personalizado",
    "ButtonArrowUp": "Subir",
    "ButtonArrowDown": "Descer",
    "ButtonArrowLeft": "Esquerda",
    "ButtonArrowRight": "Direita",
    "ButtonBack": "Voltar",
    "ButtonInfo": "Info",
    "ButtonHome": "In\u00edcio",
    "ButtonSearch": "Busca",
    "ButtonSettings": "Ajustes",
    "Audio": "\u00c1udio",
    "PlayOnAnotherDevice": "Reproduzir em outro dispositivo",
    "LetterButtonAbbreviation": "A",
    "TabControls": "Controles",
    "ButtonSubtitles": "Legendas",
    "ButtonPreviousTrack": "Faixa anterior",
    "ButtonNextTrack": "Faixa seguinte",
    "ButtonStop": "Parar",
    "ButtonPause": "Pausar",
    "ButtonNext": "Pr\u00f3xima",
    "ButtonPrevious": "Anterior",
    "LabelGroupMoviesIntoCollections": "Agrupar filmes em colet\u00e2neas",
    "LabelGroupMoviesIntoCollectionsHelp": "Ao exibir listas de filmes, filmes que perten\u00e7am a uma colet\u00e2nea ser\u00e3o exibidos como um \u00fanico item agrupado.",
    "HeaderCollections": "Colet\u00e2neas",
    "LabelMaxBitrate": "Taxa de bits m\u00e1xima:",
    "LabelMaxBitrateHelp": "Especifique uma taxa de bits m\u00e1xima para ambientes com restri\u00e7\u00e3o de tamanho de banda, ou se o dispositivo  imp\u00f5e esse limite.",
    "LabelMusicStaticBitrate": "Taxa de sincroniza\u00e7\u00e3o das m\u00fasicas:",
    "LabelMusicStaticBitrateHelp": "Defina a taxa m\u00e1xima ao sincronizar m\u00fasicas",
    "LabelDeviceDescription": "Descri\u00e7\u00e3o do dispositivo",
    "HeaderDownloadSubtitlesFor": "Fazer download de legendas para:",
    "LabelSkipIfGraphicalSubsPresent": "Ignorar se o v\u00eddeo j\u00e1 possuir legendas embutidas",
    "LabelSkipIfGraphicalSubsPresentHelp": "Manter vers\u00f5es das legendas em texto resultar\u00e1 em uma entrega mais eficiente e diminuir\u00e1 a necessidade de transcodifica\u00e7\u00e3o do v\u00eddeo.",
    "TabSubtitles": "Legendas",
    "LabelDownloadLanguages": "Idiomas para download:",
    "LabelSkipIfAudioTrackPresent": "Ignorar se a faixa de \u00e1udio padr\u00e3o coincidir com o idioma de download",
    "LabelSkipIfAudioTrackPresentHelp": "Desmarque esta op\u00e7\u00e3o para garantir que todos os v\u00eddeos t\u00eam legendas, independente do idioma do \u00e1udio.",
    "SendMessage": "Enviar mensagem",
    "HeaderSendMessage": "Enviar mensagem",
    "ButtonSend": "Enviar",
    "ViewPlaybackInfo": "Ver informa\u00e7\u00e3o de reprodu\u00e7\u00e3o",
    "LabelMessageText": "Texto da mensagem:",
    "LabelMessageTitle": "T\u00edtulo da mensagem:",
    "MessageNoAvailablePlugins": "N\u00e3o existem plugins dispon\u00edveis.",
    "LabelDisplayPluginsFor": "Exibir plugins para:",
    "PluginTabAppClassic": "Emby for Windows Media Center",
    "HeaderTypeText": "Digitar texto",
    "LabelTypeText": "Texto",
    "TabDisplay": "Exibi\u00e7\u00e3o",
    "TabLanguages": "Idiomas",
    "TabAppSettings": "Configura\u00e7\u00f5es do App",
    "HeaderHomePage": "P\u00e1gina Inicial",
    "OptionAuto": "Auto",
    "OptionYes": "Sim",
    "OptionNo": "N\u00e3o",
    "HeaderOptions": "Op\u00e7\u00f5es",
    "OptionResumablemedia": "Retomar",
    "OptionLatestMedia": "M\u00eddias recentes",
    "OptionLatestChannelMedia": "Itens recentes de canal",
    "OptionNone": "Nenhum",
    "HeaderLiveTv": "TV ao Vivo",
    "HeaderSettings": "Ajustes",
    "OptionDefaultSort": "Padr\u00e3o",
    "TabNextUp": "Pr\u00f3ximos",
    "MessageNoMovieSuggestionsAvailable": "N\u00e3o existem sugest\u00f5es de filmes dispon\u00edveis atualmente. Comece por assistir e avaliar seus filmes e, ent\u00e3o, volte para verificar suas recomenda\u00e7\u00f5es.",
    "MessageNoCollectionsAvailable": "Colet\u00e2neas permitem que voc\u00ea aproveite grupos personalizados de Filmes, S\u00e9ries, \u00c1lbuns, Livros e Jogos. Clique no bot\u00e3o + para come\u00e7ar a criar Colet\u00e2neas.",
    "MessageNoPlaylistsAvailable": "Listas de reprodu\u00e7\u00e3o permitem criar listas com conte\u00fado para reproduzir consecutivamente, de uma s\u00f3 vez. Para adicionar itens \u00e0s listas de reprodu\u00e7\u00e3o, clique com o bot\u00e3o direito ou toque a tela por alguns segundos, depois selecione Adicionar \u00e0 Lista de Reprodu\u00e7\u00e3o.",
    "MessageNoPlaylistItemsAvailable": "Esta lista de reprodu\u00e7\u00e3o est\u00e1 vazia.",
    "ButtonEditOtherUserPreferences": "Editar este perfil de usu\u00e1rio, imagem e prefer\u00eancias pessoais.",
    "LabelChannelStreamQuality": "Qualidade preferida do canal da internet:",
    "LabelChannelStreamQualityHelp": "Em um ambiente com banda larga de pouca velocidade, limitar a qualidade pode ajudar a assegurar um streaming mais flu\u00eddo.",
    "OptionBestAvailableStreamQuality": "Melhor dispon\u00edvel",
    "ViewTypeMovies": "Filmes",
    "ViewTypeTvShows": "TV",
    "ViewTypeGames": "Jogos",
    "ViewTypeMusic": "M\u00fasicas",
    "HeaderOtherDisplaySettings": "Ajustes de Exibi\u00e7\u00e3o",
    "ViewTypeMusicSongs": "M\u00fasicas",
    "ViewTypeMusicFavorites": "Favoritos",
    "ViewTypeMusicFavoriteAlbums": "\u00c1lbuns Favoritos",
    "ViewTypeMusicFavoriteArtists": "Artistas Favoritos",
    "ViewTypeMusicFavoriteSongs": "M\u00fasicas Favoritas",
    "HeaderMyViews": "Minhas Visualiza\u00e7\u00f5es",
    "OptionDisplayAdultContent": "Exibir conte\u00fado adulto",
    "OptionLibraryFolders": "Pastas de m\u00eddias",
    "TitleRemoteControl": "Controle Remoto",
    "OptionDisplayChannelsInline": "Exibir canais como pastas de m\u00eddia",
    "OptionDisplayChannelsInlineHelp": "Se ativado, os canais ser\u00e3o exibidos juntamente com outras bibliotecas de m\u00eddia. Se desativado, eles ser\u00e3o exibidos dentro de uma pasta separada de Canais.",
    "LabelDisplayCollectionsView": "Exibir uma visualiza\u00e7\u00e3o de cole\u00e7\u00f5es para mostrar colet\u00e2neas de filmes",
    "LabelDisplayCollectionsViewHelp": "Esta op\u00e7\u00e3o criar\u00e1 uma visualiza\u00e7\u00e3o separada para exibir colet\u00e2neas. Para criar uma colet\u00e2nea, clique com o bot\u00e3o direito ou toque e segure qualquer filme e selecione 'Adicionar \u00e0 Colet\u00e2nea'. ",
    "TabServices": "Servi\u00e7os",
    "TabLogs": "Logs",
    "TabBranding": "Marca",
    "HeaderBrandingHelp": "Personalize a apar\u00eancia do Emby para satisfazer as necessidades de seu grupo ou organiza\u00e7\u00e3o.",
    "LabelLoginDisclaimer": "Aviso legal no login:",
    "LabelLoginDisclaimerHelp": "Este aviso ser\u00e1 exibido na parte inferior da p\u00e1gina de login.",
    "OptionList": "Lista",
    "TabDashboard": "Painel",
    "TitleServer": "Servidor",
    "LabelCache": "Cache:",
    "LabelLogs": "Logs:",
    "LabelMetadata": "Metadados:",
    "LabelTranscodingTemporaryFiles": "Arquivos tempor\u00e1rios da transcodifica\u00e7\u00e3o:",
    "HeaderBranding": "Marca",
    "HeaderApiKeys": "Chaves da Api",
    "HeaderApiKeysHelp": "As aplica\u00e7\u00f5es externas precisam ter um chave de Api para se comunicar com o Servidor Emby. As chaves s\u00e3o emitidas ao entrar com uma conta Emby ou concedendo manualmente a chave \u00e0 aplica\u00e7\u00e3o.",
    "HeaderApiKey": "Chave da Api",
    "HeaderApp": "App",
    "HeaderDevice": "Dispositivo",
    "HeaderUser": "Usu\u00e1rio",
    "HeaderDateIssued": "Data da Emiss\u00e3o",
    "HeaderHttpHeaders": "Cabe\u00e7alhos de Http",
    "TabView": "Visualizar",
    "TabFilter": "Filtro",
    "ButtonView": "Visualizar",
    "LabelView": "Visualizar:",
    "TabUsers": "Usu\u00e1rios",
    "HeaderFeatures": "Recursos",
    "HeaderAdvanced": "Avan\u00e7ado",
    "HeaderScheduledTasks": "Scheduled Tasks",
    "HeaderResumeSettings": "Ajustes para Retomar",
    "TitleUsers": "Usu\u00e1rios",
    "ButtonClose": "Fechar",
    "LabelAllLanguages": "Todos os idiomas",
    "OptionAll": "Todos",
    "LabelImage": "Imagem:",
    "HeaderImages": "Imagens",
    "HeaderBackdrops": "Imagens de Fundo",
    "LabelJpgPngOnly": "Apenas JPG\/PNG",
    "OptionSeason0": "Temporada 0",
    "HeaderFetcherSettings": "Configura\u00e7\u00f5es dos Buscadores",
    "HeaderActivity": "Atividade",
    "PluginInstalledWithName": "{0} foi instalado",
    "PluginUpdatedWithName": "{0} foi atualizado",
    "PluginUninstalledWithName": "{0} foi desinstalado",
    "LabelIpAddressValue": "Endere\u00e7o Ip: {0}",
    "HeaderEmbyServer": "Servidor Emby",
    "MessageServerConfigurationUpdated": "A configura\u00e7\u00e3o do servidor foi atualizada",
    "MessageNamedServerConfigurationUpdatedWithValue": "A se\u00e7\u00e3o {0} da configura\u00e7\u00e3o do servidor foi atualizada",
    "MessageApplicationUpdated": "O Servidor Emby foi atualizado",
    "ProviderValue": "Provedor: {0}",
    "HeaderRecentActivity": "Atividade Recente",
    "HeaderPeople": "Pessoas",
    "OptionComposers": "Compositores",
    "OptionOthers": "Outros",
    "ViewTypeFolders": "Pastas",
    "OptionDisplayFolderView": "Exibir uma visualiza\u00e7\u00e3o de pasta para mostrar pastas de m\u00eddias.",
    "OptionDisplayFolderViewHelp": "Se ativado, os apps Emby exibir\u00e3o uma categoria Pastas pela sua biblioteca de m\u00eddia. Isto \u00e9 \u00fatil se quiser ter uma visualiza\u00e7\u00e3o por pasta.",
    "ViewTypeLiveTvRecordingGroups": "Grava\u00e7\u00f5es",
    "ViewTypeLiveTvChannels": "Canais",
    "HeaderPassword": "Senha",
    "HeaderViewOrder": "Ordem da Visualiza\u00e7\u00e3o",
    "HeaderPersonInfo": "Informa\u00e7\u00e3o da Pessoa",
    "HeaderConfirmDeletion": "Confirmar Exclus\u00e3o",
    "LabelAlbumArtist": "Artista do \u00e1lbum:",
    "LabelAirDate": "Dias da exibi\u00e7\u00e3o:",
    "LabelAirTime:": "Hor\u00e1rio:",
    "LabelDisplaySpecialsWithinSeasons": "Exibir especiais dentro das temporadas em que s\u00e3o exibidos",
    "ButtonPurchase": "Comprar",
    "HeaderPhotoInfo": "Informa\u00e7\u00f5es da Foto",
    "HeaderInstall": "Instalar",
    "LabelSelectVersionToInstall": "Selecione a vers\u00e3o para instalar:",
    "LinkLearnMoreAboutSubscription": "Saiba mais sobre o Emby Premiere",
    "MessagePluginRequiresSubscription": "Este plugin requer uma subscri\u00e7\u00e3o ativa do Emby Premiere ap\u00f3s os 14 dias de teste gr\u00e1tis.",
    "MessagePremiumPluginRequiresMembership": "Este plugin requer uma subscri\u00e7\u00e3o ativa do Emby Premiere para comprar ap\u00f3s os 14 dias de teste gr\u00e1tis.",
    "HeaderDeveloperInfo": "Info do desenvolvedor",
    "HeaderRevisionHistory": "Hist\u00f3rico de Vers\u00f5es",
    "ButtonViewWebsite": "Ver website",
    "OptionSaveMetadataAsHidden": "Salvar metadados e imagens como arquivos ocultos",
    "LabelExtractThumbnailsDuringLibraryScan": "Criar imagens miniatura durante o rastreamento da biblioteca",
    "LabelExtractThumbnailsDuringLibraryScanHelp": "Se ativado, imagens miniaturas ser\u00e3o criadas quando v\u00eddeos forem importados durante o rastreamento da biblioteca. Se desativado, elas ser\u00e3o criadas durante a tarefa agendada de imagens miniatura, permitindo ao rastreamento regular da biblioteca de completar mais r\u00e1pido.",
    "LabelConnectGuestUserName": "Seu endere\u00e7o de email ou nome de usu\u00e1rio no Emby Connect:",
    "LabelConnectUserName": "(Opcional) Nome de usu\u00e1rio ou endere\u00e7o de email do Emby Connect:",
    "LabelConnectUserNameHelp": "Opcionalmente, vincule esse usu\u00e1rio local a uma conta do Emby Connect para permitir acesso de login f\u00e1cil a partir de qualquer aplicativo Emby sem precisar conhecer o endere\u00e7o IP do servidor.",
    "ButtonLearnMoreAboutEmbyConnect": "Saiba mais sobre o Emby Connect",
    "LabelExternalPlayers": "Reprodutores externos:",
    "LabelNativeExternalPlayersHelp": "Reproduzir v\u00eddeos usando reprodutores externos.",
    "TabPlayback": "Reprodu\u00e7\u00e3o",
    "TitlePlayback": "Reprodu\u00e7\u00e3o",
    "LabelDateAddedBehavior": "Comportamento da data de adi\u00e7\u00e3o para novo conte\u00fado:",
    "OptionDateAddedImportTime": "Usar a data obtida na biblioteca",
    "OptionDateAddedFileTime": "Usar a data de cria\u00e7\u00e3o do arquivo",
    "LabelDateAddedBehaviorHelp": "Se um valor de metadados estiver presente, ele sempre ser\u00e1 utilizado antes destas op\u00e7\u00f5es.",
    "TitleDevices": "Dispositivos",
    "TabCameraUpload": "Upload da C\u00e2mera",
    "TabDevices": "Dispositivos",
    "HeaderLibrarySettings": "Configura\u00e7\u00f5es da Biblioteca",
    "HeaderThumbnailImages": "Imagens Miniatura",
    "HeaderSubtitleDownloads": "Downloads de Legendas",
    "HeaderCameraUploadHelp": "Os apps Emby podem fazer o updload autom\u00e1tico de fotos tiradas por seus dispositivos m\u00f3veis para o Servidor Emby.",
    "LabelCameraUploadPath": "Local para upload da c\u00e2mera:",
    "LabelCameraUploadPathHelp": "Selecione um local personalizado para upload. Isto ir\u00e1 alterar todas as configura\u00e7\u00f5es padr\u00e3o definidas na se\u00e7\u00e3o de Upload da C\u00e2mera. Se n\u00e3o definir, a pasta padr\u00e3o ser\u00e1 usada. Se usar um local personalizado, ser\u00e1 necess\u00e1rio adicionar como uma biblioteca na configura\u00e7\u00e3o de biblioteca do Emby.",
    "DefaultCameraUploadPathHelp": "Selecione um local personalizado para upload. Se deixar em branco, uma pasta padr\u00e3o ser\u00e1 usada. Se usar um local personalizado, tamb\u00e9m ser\u00e1 necess\u00e1rio adicionar como biblioteca na configura\u00e7\u00e3o de biblioteca do Emby.",
    "LabelCreateCameraUploadSubfolder": "Criar uma subpasta para cada dispositivo",
    "LabelCreateCameraUploadSubfolderHelp": "Pastas espec\u00edficas podem ser atribu\u00eddas a um dispositivo, clicando-as na p\u00e1gina de Dispositivos.",
    "LabelCustomDeviceDisplayName": "Nome para exibi\u00e7\u00e3o:",
    "LabelCustomDeviceDisplayNameHelp": "Forne\u00e7a um nome para exibi\u00e7\u00e3o ou deixe em branco para usar o nome informado pelo dispositivo.",
    "HeaderInviteUser": "Convidar Usu\u00e1rio",
    "LabelConnectGuestUserNameHelp": "Este \u00e9 o nome de usu\u00e1rio que seu amigo usa para entrar no website do Emby, ou seu endere\u00e7o de email.",
    "HeaderInviteUserHelp": "Compartilhar sua m\u00eddia com amigos nunca foi t\u00e3o f\u00e1cil com o Emby Connect.",
    "ButtonSendInvitation": "Enviar convite",
    "HeaderGuests": "Convidados",
    "HeaderPendingInvitations": "Convites pendentes",
    "TabParentalControl": "Controle Et\u00e1rio",
    "HeaderAccessSchedule": "Agendamento de Acesso",
    "HeaderAccessScheduleHelp": "Criar um agendamento de acesso para limitar o acesso a certas horas.",
    "LabelAccessDay": "Dia da semana:",
    "LabelAccessStart": "Hora inicial:",
    "LabelAccessEnd": "Hora final:",
    "HeaderSchedule": "Agendamento",
    "OptionEveryday": "Todos os dias",
    "OptionWeekdays": "Dias da semana",
    "OptionWeekends": "Fins-de-semana",
    "HeaderOptionalLinkEmbyAccount": "Opcional: Associe sua conta do Emby Connect",
    "ButtonTrailer": "Trailer",
    "MessageNoTrailersFound": "Nenhum trailer encontrado. Instale o canal Trailer para melhorar sua experi\u00eancia com filmes, adicionando uma biblioteca de trailers da internet.",
    "HeaderNewUsers": "Novos Usu\u00e1rios",
    "TitleNewUser": "Novo Usu\u00e1rio",
    "ButtonConfigurePassword": "Configurar Senha",
    "HeaderDashboardUserPassword": "As senhas do usu\u00e1rio s\u00e3o gerenciadas dentro das prefer\u00eancias de cada perfil de usu\u00e1rio.",
    "HeaderLibraryAccess": "Acesso \u00e0 Biblioteca",
    "HeaderChannelAccess": "Acesso ao Canal",
    "HeaderLatestItems": "Itens Recentes",
    "LabelForgotPasswordUsernameHelp": "Digite o nome de seu usu\u00e1rio, se lembrar.",
    "TitlePasswordReset": "Redefini\u00e7\u00e3o de Senha",
    "HeaderParentalRatings": "Classifica\u00e7\u00f5es Et\u00e1rias",
    "HeaderVideoTypes": "Tipos de V\u00eddeo",
    "HeaderYears": "Anos",
    "HeaderBlockItemsWithNoRating": "Bloquear itens que n\u00e3o tenham informa\u00e7\u00e3o de classifica\u00e7\u00e3o ou que n\u00e3o seja reconhecida:",
    "LabelBlockContentWithTags": "Restringir itens com tags",
    "LabelTagRestrictionMode": "Modo de restri\u00e7\u00e3o de tag:",
    "BlockItemsWithTheseTags": "Bloquear itens com essas tags",
    "AllowItemsWithTheseTags": "Permitir apenas itens com essas tags",
    "TabActivity": "Atividade",
    "OptionAllowSyncContent": "Permitir Sincroniza\u00e7\u00e3o",
    "OptionAllowContentDownloading": "Permitir download de m\u00eddia",
    "LabelNewUserNameHelp": "Nomes de usu\u00e1rios podem conter letras (a-z), n\u00fameros (0-9), tra\u00e7os (-), sublinhados (_), ap\u00f3strofes (') e pontos (.)",
    "HeaderThisUserIsCurrentlyDisabled": "Este usu\u00e1rio est\u00e1 desativado atualmente",
    "OptionEnableTranscodingThrottle": "Ativar controlador de fluxo",
    "OptionEnableTranscodingThrottleHelp": "O controlador de fluxo ajustar\u00e1 automaticamente a velocidade de transcodifica\u00e7\u00e3o para minimizar o uso da cpu no servidor durante a reprodu\u00e7\u00e3o.",
    "LabelUploadSpeedLimit": "Limite de velocidade de upload (Mbps):",
    "OptionAllowSyncTranscoding": "Permitir download de m\u00eddia que necessite de transcodifica\u00e7\u00e3o",
    "AllowMediaConversion": "Permitir convers\u00e3o de m\u00eddia",
    "AllowMediaConversionHelp": "Prover ou negar acesso \u00e0 funcionalidade de convers\u00e3o de m\u00eddia.",
    "HeaderPlayback": "Reprodu\u00e7\u00e3o de M\u00eddia",
    "OptionAllowAudioPlaybackTranscoding": "Permitir reprodu\u00e7\u00e3o de \u00e1udio que necessite de transcodifica\u00e7\u00e3o",
    "OptionAllowVideoPlaybackTranscoding": "Permitir reprodu\u00e7\u00e3o de v\u00eddeo que necessite de transcodifica\u00e7\u00e3o",
    "OptionAllowVideoPlaybackRemuxing": "Permitir reprodu\u00e7\u00e3o de v\u00eddeos que requeiram convers\u00e3o sem re-encoda\u00e7\u00e3o",
    "OptionAllowMediaPlaybackTranscodingHelp": "Restringir acesso \u00e0 transcodifica\u00e7\u00e3o pode ocasionar falhas na reprodu\u00e7\u00e3o nas apps Emby devido a formatos de m\u00eddias n\u00e3o suportados.",
    "TabStreaming": "Streaming",
    "LabelRemoteClientBitrateLimit": "Limite de taxa de bits para streaming da Internet (Mbps):",
    "LabelRemoteClientBitrateLimitHelp": "Um limite opcional da taxa de bits por-stream para todos os dispositivos fora da rede. Esta op\u00e7\u00e3o \u00e9 \u00fatil para evitar que os dispositivos demandem uma taxa de bits maior que a permitida pela sua conex\u00e3o. Isto pode causar um aumento na carga da CPU de seu servidor para que possa transcodificar os v\u00eddeos em tempo real para uma taxa mais baixa.",
    "LabelUserRemoteClientBitrateLimitHelp": "Isto alterar\u00e1 o valor global padr\u00e3o definido nas configura\u00e7\u00f5es avan\u00e7adas do servidor.",
    "LabelConversionCpuCoreLimit": "Limite de n\u00facleos da CPU:",
    "LabelConversionCpuCoreLimitHelp": "Limite o n\u00famero de n\u00facleos da CPU que ser\u00e3o usados \u200b\u200bdurante a convers\u00e3o em segundo plano.",
    "OptionEnableFullSpeedConversion": "Ativar convers\u00e3o de alta velocidade",
    "OptionEnableFullSpeedConversionHelp": "Por padr\u00e3o, a convers\u00e3o na sincroniza\u00e7\u00e3o \u00e9 executada em uma velocidade baixa para minimizar o consumo de recursos.",
    "TabPhotos": "Fotos",
    "HeaderWelcomeToEmby": "Bem vindo ao Emby",
    "EmbyIntroMessage": "Com o Emby voc\u00ea pode facilmente fazer streaming de v\u00eddeos, m\u00fasicas e fotos do Servidor Emby para smartphones, tablets e outros dispositivos.",
    "ButtonConnect": "Conectar",
    "HeaderNewServer": "Novo Servidor",
    "HeaderExport": "Exportar",
    "HeaderColumns": "Colunas",
    "ButtonReset": "Redefinir",
    "OptionEnableExternalVideoPlayers": "Ativar reprodutores de v\u00eddeo externos",
    "LabelEnableFullScreen": "Ativar modo tela cheia",
    "TabHomeScreen": "Tela In\u00edcio",
    "HeaderDisplay": "Exibi\u00e7\u00e3o",
    "HeaderNavigation": "Navega\u00e7\u00e3o",
    "OptionEnableAutomaticServerUpdates": "Ativar as atualiza\u00e7\u00f5es autom\u00e1ticas do servidor",
    "HeaderOverview": "Sinopse",
    "HeaderType": "Tipo",
    "HeaderTunerDevices": "Sintonizadores",
    "HeaderTVSources": "Fontes de TV",
    "HeaderAddDevice": "Adicionar dispositivo",
    "HeaderExternalServices": "Servi\u00e7os Externos",
    "LabelTunerIpAddress": "Endere\u00e7o IP do Sintonizador:",
    "HeaderGuideProviders": "Provedores de Dados de Guia de TV",
    "AddGuideProviderHelp": "Adicionar uma fonte para a informa\u00e7\u00e3o do Guia da TV",
    "LabelZipCode": "CEP:",
    "GuideProviderSelectListings": "Selecionar Listas",
    "GuideProviderLogin": "Login",
    "LabelLineup": "Programa\u00e7\u00e3o:",
    "MessageTunerDeviceNotListed": "O seu sintonizador n\u00e3o est\u00e1 listado? Tente instalar um provedor de servi\u00e7o externo para mais op\u00e7\u00f5es de TV ao Vivo.",
    "LabelImportOnlyFavoriteChannels": "Restringir a canais marcados como favoritos",
    "ImportFavoriteChannelsHelp": "Se ativado, apenas canais que est\u00e3o marcados como favoritos no sintonizador ser\u00e3o importados.",
    "ButtonRepeat": "Repetir",
    "LabelEnableThisTuner": "Ativar este sintonizador",
    "LabelEnableThisTunerHelp": "Desmarque para impedir a importa\u00e7\u00e3o de canais deste sintonizador.",
    "HeaderImagePrimary": "Principal",
    "HeaderImageBackdrop": "Imagem de Fundo",
    "HeaderImageLogo": "Logo",
    "HeaderUserPrimaryImage": "Imagem do Usu\u00e1rio",
    "ButtonProfile": "Perfil",
    "ButtonProfileHelp": "Definir sua imagem do perfil e senha.",
    "HeaderHomeScreenSettings": "Ajustes da Tela Inicial",
    "HeaderProfile": "Perfil",
    "HeaderLanguage": "Idioma",
    "LabelTranscodingThreadCount": "Contagem de threads da transcodifica\u00e7\u00e3o:",
    "LabelTranscodingThreadCountHelp": "Selecione o n\u00famero m\u00e1ximo de threads a ser usado quando transcodificar. Reduzir o n\u00famero de threads ir\u00e1 diminuir o uso da CPU, mas pode n\u00e3o converter r\u00e1pido o suficiente para uma experi\u00eancia de reprodu\u00e7\u00e3o suave.",
    "OptionMax": "M\u00e1x",
    "LabelTunerType": "Tipo do sintonizador:",
    "HeaderSetupTVGuide": "Configura\u00e7\u00e3o do Guia da TV",
    "LabelDataProvider": "Provedor de dados:",
    "HeaderDefaultRecordingSettings": "Configura\u00e7\u00f5es Padr\u00e3o de Grava\u00e7\u00f5es",
    "OptionEnableRecordingSubfolders": "Criar subpastas para categorias como Esportes, Crian\u00e7as, etc.",
    "HeaderSubtitles": "Legendas",
    "HeaderVideos": "V\u00eddeos",
    "LabelHardwareAccelerationType": "Acelera\u00e7\u00e3o de hardware:",
    "LabelHardwareAccelerationTypeHelp": "Dispon\u00edvel somente em sistemas suportados.",
    "HeaderAdmin": "Admin",
    "HeaderCameraUpload": "Upload da C\u00e2mera",
    "ButtonClear": "Limpar",
    "LabelFolder": "Pasta:",
    "HeadersFolders": "Pastas",
    "LabelDisplayName": "Nome para exibi\u00e7\u00e3o:",
    "OptionConvertRecordingsToStreamingFormat": "Converter automaticamente grava\u00e7\u00f5es para um formato amig\u00e1vel a streaming",
    "OptionConvertRecordingsToStreamingFormatHelp": "Grava\u00e7\u00f5es ser\u00e3o convertidas automaticamente para MKV para uma reprodu\u00e7\u00e3o mais f\u00e1cil em seus dispositivos.",
    "OptionDownloadImagesInAdvance": "Fazer download das imagens antecipadamente",
    "OptionDownloadImagesInAdvanceHelp": "Por padr\u00e3o, a maioria das imagens s\u00e3o baixadas s\u00f3 quando um app Emby solicita. Ativar esta op\u00e7\u00e3o far\u00e1 download de todas as imagens atencipadamente, assim que novas m\u00eddias s\u00e3o importadas. Isto pode ocasionar um tempo maior para rastrear a biblioteca.",
    "DeleteImage": "Excluir Imagem",
    "MessageThankYouForSupporting": "Obrigado por colaborar com o Emby.",
    "FileReadCancelled": "A leitura do arquivo foi cancelada.",
    "FileNotFound": "Arquivo n\u00e3o encontrado.",
    "FileReadError": "Ocorreu um erro ao ler o arquivo.",
    "PinCodeResetComplete": "O c\u00f3digo pin foi redefinido.",
    "PinCodeResetConfirmation": "Deseja realmente redefinir o c\u00f3digo pin?",
    "HeaderPinCodeReset": "Redefinir C\u00f3digo Pin",
    "NoPluginConfigurationMessage": "Este plugin n\u00e3o tem ajustes para configurar",
    "NoPluginsInstalledMessage": "N\u00e3o existem plugins instalados.",
    "BrowsePluginCatalogMessage": "Explore nosso cat\u00e1logo de plugins para ver os dispon\u00edveis.",
    "LabelAppName": "Nome do app",
    "LabelAppNameExample": "Exemplo: Sickbeard, NzbDrone",
    "HeaderNewApiKeyHelp": "Conceda permiss\u00e3o \u00e0 aplica\u00e7\u00e3o de se comunicar com o Servidor Emby.",
    "MessageKeyEmailedTo": "Chave enviada para {0}.",
    "HeaderConfirmation": "Confirma\u00e7\u00e3o",
    "MessageKeyUpdated": "Obrigado. Sua chave do Emby Premiere foi atualizada.",
    "MessageKeyRemoved": "Obrigado. Sua chave do Emby Premiere foi removida.",
    "TextEnjoyBonusFeatures": "Aproveite Funcionalidades Extras",
    "HeaderAddTag": "Adicionar Tag",
    "ButtonSelectView": "Selecionar visualiza\u00e7\u00e3o",
    "LabelFromHelp": "Exemplo: {0} (no servidor)",
    "MessageErrorLoadingSupporterInfo": "Ocorreu um erro ao carregar a informa\u00e7\u00e3o do Emby Premiere. Por favor, tente novamente mais tarde.",
    "HeaderConfirmRemoveUser": "Remover Usu\u00e1rio",
    "ValueTimeLimitSingleHour": "Limite de tempo: 1 hora",
    "ValueTimeLimitMultiHour": "Limite de tempo: {0} horas",
    "General": "Geral",
    "HeaderScreenSavers": "Protetores de Tela",
    "Notifications": "Notifica\u00e7\u00f5es",
    "Metadata": "Metadados",
    "Reporting": "Relat\u00f3rio",
    "HeaderSearch": "Busca",
    "ValueDateCreated": "Data da cria\u00e7\u00e3o: {0}",
    "LabelArtist": "Artista",
    "LabelMovie": "Filme",
    "LabelMusicVideo": "V\u00eddeo Musical",
    "LabelEpisode": "Epis\u00f3dio",
    "Series": "S\u00e9ries",
    "LabelStopping": "Parando",
    "LabelCancelled": "Cancelado",
    "ButtonDownload": "Download",
    "HeaderDevices": "Dispositivos",
    "HeaderSelectCertificatePath": "Selecione o Local do Certificado",
    "HeaderSupporterBenefit": "Um subscri\u00e7\u00e3o ativa do Emby Premiere fornece benef\u00edcios adicionais como acesso so Emby DVR, m\u00eddia offline, plugins premium e mais.  {0}Saiba mais{1}.",
    "HeaderWelcomeBack": "Bem-vindo novamente!",
    "HeaderSelectDevices": "Selecionar Dispositivos",
    "ButtonReenable": "Reativar",
    "LabelAbortedByServerShutdown": "(Abortada pelo desligamento do servidor)",
    "LabelScheduledTaskLastRan": "\u00daltima execu\u00e7\u00e3o {0}, demorando {1}.",
    "HeaderDeleteTaskTrigger": "Excluir Disparador da Tarefa",
    "MessageDeleteTaskTrigger": "Deseja realmente excluir este disparador de tarefa?",
    "MessageNoPluginsInstalled": "Voc\u00ea n\u00e3o possui plugins instalados.",
    "MessageNoPluginsDueToAppStore": "Para gerenciar plugins, por favor use o app Emby web.",
    "LabelVersionInstalled": "{0} instalado",
    "LabelNumberReviews": "{0} Avalia\u00e7\u00f5es",
    "LabelFree": "Gr\u00e1tis",
    "HeaderSelectAudio": "Selecione \u00c1udio",
    "HeaderSelectSubtitles": "Selecione Legendas",
    "LabelDefaultStream": "(Padr\u00e3o)",
    "LabelForcedStream": "(For\u00e7ada)",
    "LabelDefaultForcedStream": "(Padr\u00e3o\/For\u00e7ada)",
    "LabelUnknownLanguage": "Idioma desconhecido",
    "ButtonMute": "Mudo",
    "ButtonUnmute": "Remover Mudo",
    "ButtonPlaylist": "Lista de reprodu\u00e7\u00e3o",
    "LabelEnabled": "Ativada",
    "LabelDisabled": "Desativada",
    "Disabled": "Desativado",
    "ButtonMoreInformation": "Mais informa\u00e7\u00f5es",
    "LabelNoUnreadNotifications": "Nenhuma notifica\u00e7\u00e3o sem ler.",
    "HeaderConfirmSeriesCancellation": "Confirmar Cancelamento da S\u00e9rie",
    "HeaderConfirmRecordingDeletion": "Confirmar Exclus\u00e3o da Grava\u00e7\u00e3o",
    "OptionWeekend": "Fins-de-semana",
    "OptionWeekday": "Dias da semana",
    "LiveTvUpdateAvailable": "(Atualiza\u00e7\u00e3o dispon\u00edvel)",
    "LabelVersionUpToDate": "Atualizado!",
    "ButtonResetTuner": "Reiniciar sintonizador",
    "HeaderResetTuner": "Reiniciar Sintonizador",
    "MessageConfirmResetTuner": "Deseja realmente reiniciar este sintonizador? Qualquer reprodutor ativo ser\u00e1 abruptamente parado.",
    "ButtonCancelSeries": "Cancelar S\u00e9rie",
    "HeaderSeriesRecordings": "Grava\u00e7\u00f5es de S\u00e9ries",
    "LabelAnytime": "Qualquer hora",
    "StatusRecording": "Gravando",
    "StatusWatching": "Assistindo",
    "StatusRecordingProgram": "Gravando {0}",
    "StatusWatchingProgram": "Assistindo {0}",
    "HeaderSplitMedia": "Separar M\u00eddia",
    "MessageConfirmSplitMedia": "Deseja realmente dividir as fontes de m\u00eddia em itens separados?",
    "HeaderError": "Erro",
    "HeaderSelectServerCachePath": "Selecione o Local do Cache do Servidor",
    "HeaderSelectTranscodingPath": "Selecione o Local Tempor\u00e1rio da Transcodifica\u00e7\u00e3o",
    "HeaderSelectMetadataPath": "Selecione o Local dos Metadados",
    "HeaderSelectServerCachePathHelp": "Localize ou digite o local para armazenar os arquivos de cache do servidor. A pasta deve permitir grava\u00e7\u00e3o.",
    "HeaderSelectTranscodingPathHelp": "Localize ou digite o local para usar para arquivos tempor\u00e1rios de transcodifica\u00e7\u00e3o. A pasta deve ser grav\u00e1vel.",
    "HeaderSelectMetadataPathHelp": "Localize ou digite o local que voc\u00ea gostaria de armazenar os metadados. A pasta deve ser grav\u00e1vel.",
    "MessageFileWillBeDeleted": "Ser\u00e1 exclu\u00eddo o seguinte arquivo:",
    "MessageSureYouWishToProceed": "Deseja realmente prosseguir?",
    "MessageFollowingFileWillBeMovedFrom": "Os seguintes arquivos ser\u00e3o movidos de:",
    "MessageDestinationTo": "para:",
    "HeaderRestart": "Reiniciar",
    "HeaderShutdown": "Desligar",
    "MessageConfirmRestart": "Deseja realmente reiniciar o Servidor Emby?",
    "MessageConfirmShutdown": "Deseja realmente desligar o Servidor Emby?",
    "ValueItemCount": "{0} item",
    "ValueItemCountPlural": "{0} itens",
    "NewVersionOfSomethingAvailable": "Est\u00e1 dispon\u00edvel uma nova vers\u00e3o de {0}!",
    "VersionXIsAvailableForDownload": "A vers\u00e3o {0} est\u00e1 dispon\u00edvel para download.",
    "LabelVersionNumber": "Vers\u00e3o {0}",
    "LabelPlayMethodTranscoding": "Transcodifica\u00e7\u00e3o",
    "LabelPlayMethodDirectStream": "Streaming Direto",
    "LabelPlayMethodDirectPlay": "Reprodu\u00e7\u00e3o Direta",
    "LabelLocalAccessUrl": "Acesso em Casa (LAN): {0}",
    "LabelRemoteAccessUrl": "Acesso Remoto (WAN): {0}",
    "LabelRunningOnPort": "Executando na porta http {0}.",
    "LabelRunningOnPorts": "Executando na porta http {0} e porta https {1}.",
    "HeaderLatestFromChannel": "Mais recentes de {0}",
    "ButtonRemoteControl": "Controle Remoto",
    "HeaderLatestTvRecordings": "\u00daltimas Grava\u00e7\u00f5es",
    "LabelCurrentPath": "Local atual:",
    "HeaderSelectMediaPath": "Selecionar o Local da M\u00eddia",
    "HeaderSelectPath": "Selecione o Local",
    "ButtonNetwork": "Rede",
    "MessageDirectoryPickerInstruction": "Os locais de rede podem ser digitados manualmente caso o bot\u00e3o de Rede n\u00e3o consiga localizar seus dispositivos. Por exemplo, {0} ou {1}.",
    "MessageDirectoryPickerBSDInstruction": "Para BSD, voc\u00ea precisar\u00e1 configurar o storage dentro de seu Jail do FreeNAS para permitir que o Emby tenha acesso a ele.",
    "MessageDirectoryPickerLinuxInstruction": "Para Linux no Arch Linux, CentOS, Debian, Fedora, OpenSuse ou Ubuntu, voc\u00ea deve permitir que o usu\u00e1rio de sistema do Emby tenha ao menos acesso de leitura no seu storage.",
    "HeaderMenu": "Menu",
    "ButtonOpen": "Abrir",
    "ButtonShuffle": "Aleat\u00f3rio",
    "HeaderAudioTracks": "Faixas de Audio",
    "HeaderLibraries": "Bibliotecas",
    "MessageErrorPlayingVideo": "Houve um erro na reprodu\u00e7\u00e3o do v\u00eddeo.",
    "MessageEnsureOpenTuner": "Por favor, cetifique-se que existe um sintonizador aberto.",
    "ButtonReports": "Relat\u00f3rios",
    "MetadataManager": "Gerenciador de Metadados",
    "HeaderTime": "Tempo",
    "LabelAddedOnDate": "Adicionado {0}",
    "ButtonStart": "Iniciar",
    "OptionBlockOthers": "Outros",
    "OptionBlockTvShows": "S\u00e9ries de TV",
    "OptionBlockTrailers": "Trailers",
    "OptionBlockMusic": "M\u00fasica",
    "OptionBlockMovies": "Filmes",
    "OptionBlockBooks": "Livros",
    "OptionBlockGames": "Jogos",
    "OptionBlockLiveTvPrograms": "Programas de TV ao vivo",
    "OptionBlockLiveTvChannels": "Canais de TV ao vivo",
    "OptionBlockChannelContent": "Conte\u00fado do Canal de Internet",
    "ButtonRevoke": "Revogar",
    "MessageConfirmRevokeApiKey": "Deseja realmente revogar esta chave de api? A conex\u00e3o da aplica\u00e7\u00e3o com o Servidor Emby ser\u00e1 abruptamente encerrada.",
    "HeaderConfirmRevokeApiKey": "Revogar Chave da Api",
    "ValueContainer": "Container: {0}",
    "ValueAudioCodec": "Codec de \u00c1udio: {0}",
    "ValueVideoCodec": "Codec de V\u00eddeo: {0}",
    "ValueCodec": "Codec: {0}",
    "ValueConditions": "Condi\u00e7\u00f5es: {0}",
    "LabelAll": "Todos",
    "HeaderDeleteImage": "Excluir Imagem",
    "MessageFileNotFound": "Arquivo n\u00e3o encontrado.",
    "ButtonNextPage": "Pr\u00f3xima P\u00e1gina",
    "ButtonPreviousPage": "P\u00e1gina Anterior",
    "MessagePleaseAcceptTermsOfServiceBeforeContinuing": "Por favor, aceite os termos de servi\u00e7o antes de continuar.",
    "OptionOff": "Off",
    "OptionOn": "On",
    "ButtonUninstall": "Desinstalar",
    "HeaderLiveTV": "TV ao Vivo",
    "MissingPrimaryImage": "Faltando imagem da capa.",
    "MissingBackdropImage": "Faltando imagem de fundo.",
    "MissingLogoImage": "Faltando imagem do logo.",
    "MissingEpisode": "Faltando epis\u00f3dio.",
    "OptionBackdrops": "Imagens de Fundo",
    "OptionImages": "Imagens",
    "OptionKeywords": "Palavras-chave",
    "OptionTags": "Tags",
    "OptionStudios": "Est\u00fadios",
    "OptionName": "Nome",
    "OptionOverview": "Descri\u00e7\u00e3o",
    "OptionGenres": "G\u00eaneros",
    "OptionPeople": "Pessoas",
    "OptionBirthLocation": "Local de Nascimento",
    "HeaderChangeFolderType": "Alterar Tipo do Conte\u00fado",
    "HeaderChangeFolderTypeHelp": "Para alterar o tipo, por favor remova e reconstrua a biblioteca com o novo tipo.",
    "HeaderAlert": "Alerta",
    "MessagePleaseRestart": "Por favor, reinicie para finalizar a atualiza\u00e7\u00e3o.",
    "ButtonHide": "Ocultar",
    "MessageSettingsSaved": "Ajustes salvos.",
    "TabLibrary": "Biblioteca",
    "TabLiveTV": "TV ao Vivo",
    "TabPlugins": "Plugins",
    "TabHelp": "Ajuda",
    "HeaderNotifications": "Avisos",
    "HeaderSelectPlayer": "Selecione onde Reproduzir",
    "HeaderSpecials": "Especiais",
    "HeaderTrailers": "Trailers",
    "HeaderResolution": "Resolu\u00e7\u00e3o",
    "HeaderRuntime": "Dura\u00e7\u00e3o",
    "HeaderParentalRating": "Classifica\u00e7\u00e3o Et\u00e1ria",
    "HeaderReleaseDate": "Data de lan\u00e7amento",
    "HeaderSeries": "S\u00e9rie:",
    "HeaderSeason": "Temporada",
    "HeaderSeasonNumber": "N\u00famero da temporada",
    "HeaderNetwork": "Rede de TV",
    "HeaderYear": "Ano:",
    "HeaderEmbeddedImage": "Imagem incorporada",
    "HeaderTrack": "Faixa",
    "OptionCollections": "Colet\u00e2neas",
    "OptionSeries": "S\u00e9ries",
    "OptionGames": "Jogos",
    "OptionGameSystems": "Sistemas de jogos",
    "OptionMusicArtists": "Artistas da M\u00fasica",
    "OptionMusicAlbums": "\u00c1lbuns de m\u00fasica",
    "OptionMusicVideos": "V\u00eddeos Musicais",
    "OptionSongs": "M\u00fasicas",
    "OptionHomeVideos": "Fotos & v\u00eddeos caseiros",
    "OptionBooks": "Livros",
    "ButtonUp": "Subir",
    "ButtonDown": "Descer",
    "LabelMetadataReaders": "Leitores de metadados:",
    "LabelMetadataReadersHelp": "Classifique por ordem de prioridade suas fontes de metadados locais preferidas. O primeiro arquivo encontrado ser\u00e1 lido.",
    "LabelSubtitleDownloaders": "Downloaders de legendas:",
    "SubtitleDownloadersHelp": "Ativar e ranquear seus downloaders de legendas preferidos, em ordem de prioridade.",
    "LabelMetadataDownloaders": "Downloaders de metadados:",
    "LabelMetadataDownloadersHelp": "Ative e classifique por ordem de prioridade seus downloaders de metadados preferidos. Downloaders com prioridade mais baixa s\u00f3 ser\u00e3o usados para baixar informa\u00e7\u00f5es que ainda n\u00e3o existam.",
    "LabelMetadataSavers": "Gravadores de metadados:",
    "LabelMetadataSaversHelp": "Escolha os formatos de arquivos nos quais deseja gravar seus metadados.",
    "LabelImageFetchers": "Buscadores de imagem:",
    "LabelImageFetchersHelp": "Ative e classifique por ordem de prioridade seus buscadores de imagem preferidos.",
    "PersonTypePerson": "Pessoa",
    "OptionSortName": "Nome para ordena\u00e7\u00e3o",
    "LabelDateOfBirth": "Data de nascimento:",
    "HeaderRemoveMediaLocation": "Remover Localiza\u00e7\u00e3o da M\u00eddia",
    "MessageConfirmRemoveMediaLocation": "Deseja realmente remover esta localiza\u00e7\u00e3o?",
    "LabelNewName": "Novo nome:",
    "HeaderRemoveMediaFolder": "Excluir Pasta de M\u00eddia",
    "MessageTheFollowingLocationWillBeRemovedFromLibrary": "As localiza\u00e7\u00f5es de m\u00eddia abaixo ser\u00e3o exclu\u00eddas de sua biblioteca Emby:",
    "MessageAreYouSureYouWishToRemoveMediaFolder": "Deseja realmente excluir esta pasta de m\u00eddia?",
    "ButtonRename": "Renomear",
    "ButtonChangeContentType": "Alterar o tipo de conte\u00fado",
    "HeaderMediaLocations": "Localiza\u00e7\u00f5es de M\u00eddia",
    "LabelContentTypeValue": "Tipo de conte\u00fado: {0}",
    "FolderTypeUnset": "Conte\u00fado misto",
    "HeaderPluginInstallation": "Instala\u00e7\u00e3o do plugin",
    "MessageAlreadyInstalled": "Esta vers\u00e3o j\u00e1 est\u00e1 instalada.",
    "MessageYouHaveVersionInstalled": "Voc\u00ea possui a vers\u00e3o {0} instalada.",
    "MessageTrialExpired": "O per\u00edodo de testes terminou",
    "MessageTrialWillExpireIn": "O per\u00edodo de testes expirar\u00e1 em {0} dia(s)",
    "MessageInstallPluginFromApp": "Este plugin deve ser instalado de dentro do app em que deseja us\u00e1-lo.",
    "ValuePriceUSD": "Pre\u00e7o: {0} (USD)",
    "MessageFeatureIncludedWithSupporter": "Voc\u00ea est\u00e1 registrado para este recurso e poder\u00e1 continuar usando-o com uma subscri\u00e7\u00e3o ativa do Emby Premiere.",
    "HeaderUnrated": "N\u00e3o-classificado",
    "HeaderUnknownDate": "Data Desconhecida",
    "HeaderUnknownYear": "Ano Desconhecido",
    "HeaderSelectExternalPlayer": "Selecionar Reprodutor Externo",
    "HeaderExternalPlayerPlayback": "Reprodu\u00e7\u00e3o em Reprodutor Externo",
    "OptionWatched": "Assistido",
    "OptionUnwatched": "N\u00e3o-assistido",
    "LabelMarkAs": "Marcar como:",
    "OptionInProgress": "Em Reprodu\u00e7\u00e3o",
    "LabelResumePoint": "Ponto para retomar:",
    "ValueOneTrailer": "1 trailer",
    "ValueTrailerCount": "{0} trailers",
    "ValueSeriesYearToPresent": "{0} - Presente",
    "ValueAwards": "Pr\u00eamios: {0}",
    "ValuePremiered": "Estr\u00e9ia {0}",
    "ValuePremieres": "Estr\u00e9ia {0}",
    "ValueStudio": "Est\u00fadio: {0}",
    "ValueStudios": "Est\u00fadios: {0}",
    "ValueStatus": "Status: {0}",
    "LabelLimit": "Limite:",
    "ValueLinks": "Links: {0}",
    "ValueArtist": "Artista: {0}",
    "ValueArtists": "Artistas: {0}",
    "MediaInfoCameraMake": "Fabricante da c\u00e2mera",
    "MediaInfoCameraModel": "Modelo da c\u00e2mera",
    "MediaInfoAltitude": "Altitude",
    "MediaInfoAperture": "Abertura",
    "MediaInfoExposureTime": "Tempo de exposi\u00e7\u00e3o",
    "MediaInfoFocalLength": "Tamanho do foco",
    "MediaInfoOrientation": "Orienta\u00e7\u00e3o",
    "MediaInfoIsoSpeedRating": "Velocidade Iso",
    "MediaInfoLatitude": "Latitude",
    "MediaInfoLongitude": "Longitude",
    "MediaInfoShutterSpeed": "Velocidade do obturador",
    "MediaInfoSoftware": "Software",
    "HeaderMovies": "Filmes",
    "HeaderAlbums": "\u00c1lbuns",
    "HeaderGames": "Jogos",
    "HeaderBooks": "Livros",
    "HeaderEpisodes": "Epis\u00f3dios",
    "HeaderTracks": "Faixas",
    "HeaderItems": "Itens",
    "HeaderOtherItems": "Outros Itens",
    "ValueAsRole": "como {0}",
    "ValueGuestStar": "Convidado Especial",
    "TabExpert": "Avan\u00e7ado",
    "HeaderSelectCustomIntrosPath": "Selecionar o Local para Introdu\u00e7\u00f5es Personalizadas",
    "HeaderThankYou": "Obrigado",
    "ReleaseYearValue": "Ano do lan\u00e7amento: {0}",
    "TabExtras": "Extras",
    "DeviceLastUsedByUserName": "Utilizado por \u00faltimo por {0}",
    "HeaderSelectUploadPath": "Selecionar o Caminho para Upload",
    "ErrorMessageStartHourGreaterThanEnd": "A hora final deve ser maior que a hora inicial.",
    "ButtonLibraryAccess": "Acesso \u00e0 biblioteca",
    "ButtonParentalControl": "Controle et\u00e1rio",
    "MessageUnableToConnectToServer": "N\u00e3o foi poss\u00edvel conectar ao servidor selecionado. Por favor, certifique-se que esteja sendo executado e tente novamente.",
    "MessagePluginConfigurationRequiresLocalAccess": "Para configurar este plugin, por favor entre em seu servidor local diretamente.",
    "MessageLoggedOutParentalControl": "O acesso est\u00e1 atualmente restrito. Por favor, tente mais tarde.",
    "ButtonLinkMyEmbyAccount": "Associar minha conta agora",
    "MessageConnectAccountRequiredToInviteGuest": "Para convidar pessoas voc\u00ea precisa primeiro associar sua conta do Emby a este servidor.",
    "HeaderCancelSyncJob": "Cancelar Sincroniza\u00e7\u00e3o",
    "MovieLibraryHelp": "Verifique o {0}guia de nomes de filmes do Emby{1}.",
    "TvLibraryHelp": "Verifique o {0}guia de nomes de s\u00e9ries no Emby{1}.",
    "BookLibraryHelp": "Livros de texto s\u00e3o suportados. Revise o {0}Guia de Nomes de Livros do Emby{1}.",
    "MessageGamePluginRequired": "Requer a instala\u00e7\u00e3o do plugin GameBrowser",
    "MessageUnsetContentHelp": "O conte\u00fado ser\u00e1 exibido em pastas simples.",
    "ButtonNewServer": "Novo Servidor",
    "ButtonRemote": "Remoto",
    "HeaderUnlockApp": "Desbloquear App",
    "HeaderUnlockSync": "Destravar a Sincroniza\u00e7\u00e3o do Emby",
    "MessagePaymentServicesUnavailable": "Servi\u00e7os de pagamento est\u00e3o indispon\u00edveis no momento. Por favor, tente novamente mais tarde.",
    "HeaderLibrary": "Biblioteca",
    "HeaderMedia": "M\u00eddia",
    "NoNewDevicesFound": "Nenhum dispositivo novo encontrado. Para adicionar um novo sintonizador, feche esta mensagem e digite as informa\u00e7\u00f5es do dispositivo manualmente.",
    "NoResultsFound": "Nenhum resultado encontrado.",
    "ManageLibrary": "Gerenciar biblioteca",
    "HeaderConfirm": "Confirmar",
    "MessageConfirmDeleteTunerDevice": "Deseja realmente excluir este dispositivo?",
    "MessageConfirmDeleteGuideProvider": "Deseja realmente excluir este provedor do guia?",
    "HeaderDeleteProvider": "Excluir Provedor",
    "ErrorAddingTunerDevice": "Ocorreu um erro ao adicionar o sintonizador. Por favor, certifique-se que esteja acess\u00edvel e tente novamente.",
    "ErrorSavingTvProvider": "Ocorreu um erro ao salvar o provedor de TV. Por favor, certifique-se que esteja acess\u00edvel e tente novamente.",
    "ErrorGettingTvLineups": "Ocorreu um erro ao fazer download da programa\u00e7\u00e3o da tv. Por favor, certifique-se que sua informa\u00e7\u00e3o esteja correta e tente novamente.",
    "MessageCreateAccountAt": "Criar uma conta em {0}",
    "ErrorPleaseSelectLineup": "Por favor selecione a programa\u00e7\u00e3o e tente novamente. Se n\u00e3o houver programa\u00e7\u00f5es dispon\u00edveis, verifique se o seu nome de usu\u00e1rio, senha e c\u00f3digo postal est\u00e3o corretos.",
    "HeaderTryEmbyPremiere": "Experimente o Emby Premiere",
    "OptionEnableDisplayMirroring": "Ativar espelhamento da tela",
    "ErrorValidatingSupporterInfo": "Ocorreu um erro ao validar sua informa\u00e7\u00e3o do Emby Premiere. Por favor, tente novamente mais tarde.",
    "LabelLocalSyncStatusValue": "Status: {0}",
    "OptionBackdropSlideshow": "Apresenta\u00e7\u00e3o de Imagens de Fundo",
    "HeaderTopPlugins": "Plugins Mais Usados",
    "ButtonOther": "Outro",
    "HeaderSortBy": "Ordenar Por",
    "HeaderSortOrder": "Forma para Ordenar",
    "ButtonMenu": "Menu",
    "ForAdditionalLiveTvOptions": "Para provedores de TV ao Vivo adicionais, clique na guia Servi\u00e7os para ver as op\u00e7\u00f5es dispon\u00edveis.",
    "ButtonGuide": "Guia",
    "ButtonYes": "Sim",
    "AddUser": "Adicionar Usu\u00e1rio",
    "ButtonNo": "N\u00e3o",
    "HeaderEmailAddress": "Endere\u00e7o de E-mail",
    "NumLocationsValue": "{0} pastas",
    "ErrorAddingListingsToSchedulesDirect": "Ocorreu um erro ao adicionar a programa\u00e7\u00e3o \u00e0 sua conta da Schedules Direct. A Schedules Direct permite apenas um n\u00famero limitado de programa\u00e7\u00f5es por conta. Talvez seja necess\u00e1rio que voc\u00ea entre no website da Schedules Direct e remova outras listas de sua conta antes de prosseguir.",
    "PleaseAddAtLeastOneFolder": "Por favor, adicione ao menos uma pasta a esta biblioteca, clicando no bot\u00e3o Adicionar.",
    "ErrorAddingMediaPathToVirtualFolder": "Ocorreu um erro ao adicionar o local da m\u00eddia. Por favor, assegure-se que o local \u00e9 valido e que o processo do Emby Server tenha acesso a essa localiza\u00e7\u00e3o.",
    "ErrorAddingEmbyConnectAccount3": "A conta Emby j\u00e1 est\u00e1 vinculada para um usu\u00e1rio local existente. Uma conta Emby s\u00f3 pode ser vinculada a um usu\u00e1rio local por vez.",
    "HeaderConfirmPluginInstallation": "Confirmar a Instala\u00e7\u00e3o do Plugin",
    "PleaseConfirmPluginInstallation": "Por favor, clique em OK para confirmar que voc\u00ea leu e deseja prosseguir com a instala\u00e7\u00e3o do plugin.",
    "MessagePluginInstallDisclaimer": "Plugins feitos por membros da comunidade Emby s\u00e3o uma grande forma de melhorar sua experi\u00eancia Emby com funcionalidades e benef\u00edcios adicionais. Antes de instalar, por favor certifique-se de conhecer os efeitos que podem causar no seu Servidor Emby, tais como, rastreamentos da biblioreca mais longos, processamento adicional e diminui\u00e7\u00e3o na estabilidade do sistema.",
    "TitleHardwareAcceleration": "Acelera\u00e7\u00e3o de Hardware",
    "HardwareAccelerationWarning": "Ativar a acelera\u00e7\u00e3o de hardware pode causar instabilidade em alguns ambientes. Assegure-se que seu sistema operacional e drivers de v\u00eddeo est\u00e3o atualizados. Se tiver dificuldades em reproduzir v\u00eddeo depois de ativar isto, dever\u00e1 alterar a configura\u00e7\u00e3o de volta a Auto.",
    "ValueExample": "Exemplo: {0}",
    "LabelFileOrUrl": "Arquivo ou url:",
    "OptionEnableForAllTuners": "Ativar para todos os sintonizadores",
    "HeaderTuners": "Sintonizadores",
    "LabelOptionalM3uUrl": "Url M3U (opcional):",
    "LabelOptionalM3uUrlHelp": "Alguns dispositivos suportam uma lista de canais M3U.",
    "TabResumeSettings": "Ajustes para Retomar",
    "DrmChannelsNotImported": "Canais com DRM n\u00e3o ser\u00e3o importados.",
    "LabelAllowHWTranscoding": "Permitir a transcodifica\u00e7\u00e3o de hardware",
    "AllowHWTranscodingHelp": "Se ativado, permite ao sintonizador transcodificar streams em tempo real. Isto pode ajudar a reduzir a transcodifica\u00e7\u00e3o requerida pelo Servidor Emby.",
    "MetadataSettingChangeHelp": "Alterar as defini\u00e7\u00f5es dos metadados afetar\u00e1 o novo conte\u00fado que ser\u00e1 adicionado. Para atualizar o conte\u00fado existente, abra a tela de detalhes e clique no bot\u00e3o atualizar ou execute atualiza\u00e7\u00f5es em bloco usando o gerenciador de metadados.",
    "RecordingPathChangeMessage": "Alterar a sua pasta de grava\u00e7\u00f5es n\u00e3o migrar\u00e1 as grava\u00e7\u00f5es atuais do local anterior para o novo. Se desejar, voc\u00ea necessitar\u00e1 mov\u00ea-los manualmente.",
    "LabelSportsCategories": "Categorias de Esportes:",
    "XmlTvSportsCategoriesHelp": "Programas com estas categorias ser\u00e3o exibidos como programas de esporte. Separados com '|'.",
    "LabelNewsCategories": "Novas categorias:",
    "XmlTvNewsCategoriesHelp": "Programas com estas categorias ser\u00e3o exibidos como novos programas. Separados com '|'.",
    "LabelKidsCategories": "Categorias para crian\u00e7as:",
    "XmlTvKidsCategoriesHelp": "Programas com estas categorias ser\u00e3o exibidos como programas para crian\u00e7as. Separados com '|'.",
    "LabelMovieCategories": "Categorias de filmes:",
    "XmlTvMovieCategoriesHelp": "Programas com estas categorias ser\u00e3o visualizadas como filmes. Separe m\u00faltiplos com '|'",
    "XmlTvPathHelp": "Um local para um arquivo xml tv. O Emby ler\u00e1 este arquivo e periodicamente verificar\u00e1 se existem atualiza\u00e7\u00f5es. Voc\u00ea \u00e9 respons\u00e1vel por criar e atualizar o arquivo.",
    "LabelBindToLocalNetworkAddress": "Vincular a um endere\u00e7o de rede local:",
    "LabelBindToLocalNetworkAddressHelp": "Opcional. Sobrepor o endere\u00e7o de IP local para vincular o servidor http. Se deixado em branco, o servidor ser\u00e1 vinculado a todos os endere\u00e7os dispon\u00edveis. Para alterar este valor \u00e9 necess\u00e1rio reiniciar o Servidor Emby.",
    "TitleHostingSettings": "Ajustes de Hospedagem",
    "SettingsWarning": "Alterar estes valores pode causar instabilidade ou falhas de conectividade. Se tiver algum problema, recomendamos volt\u00e1-los ao padr\u00e3o.",
    "MapChannels": "Mapear Canais",
    "OptionSaveMetadataAsHiddenHelp": "Ao alterar isto, aplicar\u00e1 sobre novos metadados salvos daqui para a frente. Os arquivos de metadados existentes ser\u00e3o atualizados na pr\u00f3xima vez que forem salvos no Servidor Emby.",
    "EnablePhotos": "Habilitar fotos",
    "EnablePhotosHelp": "Fotos ser\u00e3o detectadas e mostradas junto com outros arquivos de m\u00eddia",
    "LabelMaxAudioFileBitrate": "Bitrate m\u00e1x arquivos de \u00e1udio:",
    "LabelMaxAudioFileBitrateHelp": "Arquivos de \u00e1udio com um bitrate maior ser\u00e3o convertidos pelo Servidor Emby. Selecione um valor mais alto para melhor qualidade, ou mais baixo para conservar espa\u00e7o no armazenamento local.",
    "SaveThumbnailImagesIntoMediaFolders": "Salvar imagens miniatura dentro das pastas de m\u00eddia",
    "OptionExtractThumbnailImage": "Ativar a cria\u00e7\u00e3o de imagem miniatura",
    "LabelEnableDebugLogging": "Ativar log de depura\u00e7\u00e3o",
    "OptionEnableExternalContentInSuggestions": "Habilitar conte\u00fado externo em sugest\u00f5es",
    "OptionEnableExternalContentInSuggestionsHelp": "Permitir que trailers de internet e tv ao vivo sejam inclu\u00eddos em conte\u00fados sugeridos.",
    "LabelH264EncodingPreset": "Preset de codifica\u00e7\u00e3o H264:",
    "H264EncodingPresetHelp": "Escolha um valor mais r\u00e1pido para melhorar a performance, ou um valor mais lento para melhorar a qualidade.",
    "LabelH264Crf": "CRF do encoder H264:",
    "H264CrfHelp": "O CRF (Constant Rate Factor) \u00e9 o par\u00e2metro padr\u00e3o de qualidade para o codificador x264. Voc\u00ea pode definir valores entre 0 e 51, onde valores menores resultar\u00e3o em melhor qualidade (ao custo de arquivos maiores). Valores s\u00e3os est\u00e3o entre 18 e 28. O padr\u00e3o para o x264 \u00e9 23, ent\u00e3o voc\u00ea pode usar isso como um ponto de partida.",
    "LabelOptionalNetworkPath": "(Opcional) Caminho de rede compartilhado:",
    "LabelOptionalNetworkPathHelp": "Se esta pasta estiver compartilhada em sua rede, prover o caminho de rede do compartilhamento permitir\u00e1 que apps Emby em outros dispositivos acessem m\u00eddias diretamente.",
    "SynologyUpdateInstructions": "Por favor logue-se no DSM e siga para a Central de Pacotes para atualizar.",
    "LabelMoviePrefix": "Prefixo dos filmes:",
    "LabelMoviePrefixHelp": "Se os t\u00edtulos dos filmes devem ter um prefixo, digite-o aqui para que o Emby possa us\u00e1-lo corretamente.",
    "HeaderRecordingPostProcessing": "Processamento P\u00f3s-Grava\u00e7\u00e3o",
    "LabelPostProcessorArguments": "Argumentos de linha de comando do P\u00f3s-processador:",
    "LabelPostProcessorArgumentsHelp": "Usar {path} como a localiza\u00e7\u00e3o do arquivo de grava\u00e7\u00e3o.",
    "LabelPostProcessor": "Aplica\u00e7\u00e3o de P\u00f3s-processamento:",
    "ErrorAddingXmlTvFile": "Ocorreu um erro ao acessar o arquivo XmlTV. Por favor, assegure-se que o arquivo exista e tente novamente.",
    "OptionAutomaticallyGroupSeries": "Reunir automaticamente s\u00e9ries que estejam espalhadas por m\u00faltiplas pastas",
    "OptionAutomaticallyGroupSeriesHelp": "Se ativado, s\u00e9ries que estiverem espalhadas por m\u00faltiplas pastas dentro desta biblioteca ser\u00e3o automaticamente reunidas em uma mesma s\u00e9rie.",
    "WhenDidYouPurchaseApp": "Quando originalmente voc\u00ea comprou este app?",
    "PreferEmbeddedTitlesOverFileNames": "Preferir t\u00edtulos embutidos ao inv\u00e9s de nomes de arquivos",
    "PreferEmbeddedTitlesOverFileNamesHelp": "Isto determina a exibi\u00e7\u00e3o padr\u00e3o do t\u00edtulo quando n\u00e3o houverem metadados da internet ou locais dispon\u00edveis.",
    "HeaderLiveTvTunerSetup": "Config. Sintonizador da TV ao Vivo",
    "HeaderTVSourceSetup": "Config. do Sinal de TV",
    "HeaderDetectMyDevices": "Detectar Meus Dispositivos",
    "MessagePleaseWait": "Por favor, aguarde. Isto pode demorar um pouco.",
    "DetectingDevices": "Detectando dispositivos",
    "LabelAutomaticallyRefreshInternetMetadataEvery": "Atualizar os metadados automaticamente da internet:",
    "Never": "Nunca",
    "EveryNDays": "A cada {0} dias",
    "HeaderNewDevices": "Novos Dispositivos",
    "LabelCertificatePassword": "Senha do certificado:",
    "LabelCertificatePasswordHelp": "Se o seu certificado exige uma senha, por favor digite aqui.",
    "LabelEnableHardwareDecodingFor": "Ativar decodifica\u00e7\u00e3o de hardware para:",
    "EnableHardwareEncoding": "Ativar codifica\u00e7\u00e3o por hardware",
    "Rate": "Avalia\u00e7\u00e3o",
    "HeaderNewLibrary": "New Library",
    "HttpsRequiresCert": "Para ativar conex\u00f5es seguras, voc\u00ea precisa fornecer um certificado SSL confi\u00e1vel, como o Lets Encrypt. Por favor, forne\u00e7a um certificado ou desative as conex\u00f5es seguras.",
    "ServerRestartNeededAfterPluginInstall": "O Emby Server precisa ser reiniciado ap\u00f3s a instala\u00e7\u00e3o de um plugin.",
    "PluginInstalledMessage": "O plugin foi instalado com sucesso. O Emby Server precisa ser reiniciado para completar as altera\u00e7\u00f5es.",
    "Themes": "Temas",
    "MessagePremiereStatusGood": "Voc\u00ea tem um {0} plano Emby Premiere e o uso de seu dispositivo est\u00e1 dentro de seu limite.",
    "MessagePremiereStatusClose": "Voc\u00ea tem um plano Emby Premiere {0}, mas o uso de seu dispositivo est\u00e1 perto do limite.",
    "MessagePremiereExtendedPlans": "Considere um {0}plano estendido do dispositivo{1}",
    "MessagePremiereStatusOver": "Voc\u00ea tem um {0} plano Emby Premiere, mas voc\u00ea est\u00e1 acima do limite do dispositivo.",
    "ListItemPremiereSub": "{0} assinatura comprada via {2} expira {1}",
    "LabelClickToCancel": "Clique para cancelar esta assinatura",
    "LabelCancelInfo": "Voc\u00ea pode gerenciar esta assinatura diretamente com {0}",
    "LabelAlreadyCanceled": "Esta assinatura foi cancelada. A chave permanecer\u00e1 v\u00e1lida at\u00e9 que expire.",
    "HeaderCancelSub": "Cancelar Emby Premiere",
    "MessageConfirmSubCancel": "N\u00c3O, por favor n\u00e3o v\u00e1... Voc\u00ea sentir\u00e1 falta de todos os excelentes recursos do Emby Premiere!",
    "ButtonCancelSub": "Eu sei, cancelar mesmo assim",
    "ButtonDontCancelSub": "Permanecer com o Emby Premiere",
    "MessageSubCancelReqSent": "Um email foi enviado para o dono da chave. Por favor, siga as instru\u00e7\u00f5es do email para completar o cancelamento desta assinatura. Esperamos v\u00ea-lo de volta em breve!",
    "MessageSubCancelError": "Alguma coisa deu errado ao tentar cancelar. Por favor, envie um email para {0} e o ajudaremos.",
    "LabelAlreadyCancelled": "Esta assinatura foi cancelada. Voc\u00ea n\u00e3o ser\u00e1 cobrado novamente mas os recursos s\u00f3 funcionar\u00e3o at\u00e9 \u00e0 data acima.",
    "AllowOnTheFlySubtitleExtraction": "Permitir a extra\u00e7\u00e3o da legenda em tempo real",
    "AllowOnTheFlySubtitleExtractionHelp": "Legendas gravadas podem ser extra\u00eddas dos v\u00eddeos e entregues \u00e0s apps do Emby como texto puro para ajudar a evitar a transcodifica\u00e7\u00e3o do v\u00eddeo. Em alguns sistemas isto pode levar bastante tempo e causar travamento na reprodu\u00e7\u00e3o do v\u00eddeo durante o processo de extra\u00e7\u00e3o. Desative isto para ter as legendas gravadas com transcodifica\u00e7\u00e3o do v\u00eddeo quando n\u00e3o forem nativamente suportadas pelo dispositivo cliente.",
    "ButtonStopRecording": "Parar Grava\u00e7\u00e3o",
    "EnableDebugLoggingHelp": "O log de depura\u00e7\u00e3o s\u00f3 deveria estar ativo se necess\u00e1rio para prop\u00f3sitos de identifica\u00e7\u00e3o de problemas. O aumento de acesso ao sistema de arquivos pode evitar que a m\u00e1quina do servidor possa entrar em modo suspens\u00e3o em alguns ambientes.",
    "LabelSimultaneousConnectionLimit": "Limite de stream simult\u00e2neo:",
    "SimultaneousConnectionLimitHelp": "O n\u00famero m\u00e1ximo permitido de streams simult\u00e2neos. Digitar 0 para n\u00e3o haver limite.",
    "LaunchWebAppOnStartup": "Executar a app web do Emby no meu navegador quando o Servidor Emby iniciar",
    "LaunchWebAppOnStartupHelp": "Isto abrir\u00e1 a app web no seu browser quando o Servidor Emby iniciar. Isto n\u00e3o ocorrer\u00e1 quando reiniciar o servidor.",
    "LabelReferrerHeader": "Referrer http header:",
    "LabelUserAgentHeader": "User agent http header:",
    "SupplyCustomValueIfNeeded": "Supply a custom http header value, if necessary.",
    "HeaderConfigureRemoteAccess": "Configurar Acesso Remoto",
    "LearnHowToCreateSynologyShares": "Saiba como compartilhar pastas no Sinology.",
    "LabelAllowedRemoteAddresses": "Filtro de endere\u00e7o IP remoto:",
    "LabelAllowedRemoteAddressesMode": "Modo do filtro de endere\u00e7o IP remoto:",
    "Whitelist": "Lista de Aceitos",
    "Blacklist": "Lista de Negados",
    "AllowedRemoteAddressesHelp": "Lista separada por v\u00edrgula de endere\u00e7os IP ou entradas 'IP\/mascara de rede' para redes que ter\u00e3o permiss\u00e3o para conectar-se remotamente. Se deixar em branco, todos os endere\u00e7os remotos ter\u00e3o permiss\u00e3o.",
    "LabelLanNetworks": "Redes LAN:",
    "LanNetworksHelp": "Lista separada por v\u00edrgula de endere\u00e7os IP ou entradas IP\/m\u00e1scara de rede para redes que ser\u00e3o consideradas como redes locais ao for\u00e7ar restri\u00e7\u00f5es de banda. Se definida, todos os outros endere\u00e7os  IP ser\u00e3o considerados como estando em uma rede externa e estar\u00e3o sujeitos a restri\u00e7\u00f5es de banda externa. Se deixada em branco, apenas a sub-rede do servidor \u00e9 considerada como rede local.",
    "LabelSecureConnectionsMode": "Modo de conex\u00e3o segura:",
    "PreferredNotRequired": "Prefer\u00edvel, mas n\u00e3o obrigat\u00f3rio",
    "RequiredForAllRemoteConnections": "Necess\u00e1rio para todas as conex\u00f5es remotas",
    "HandledByProxy": "Tratado pelo proxy reverso",
    "SaveSubtitlesIntoMediaFolders": "Guardar legendas nas pastas de m\u00eddia",
    "SaveSubtitlesIntoMediaFoldersHelp": "Armazenar legendas junto com os arquivos de v\u00eddeo torna mais f\u00e1cil gerenci\u00e1-las.",
    "AutomaticSubtitleDownloadInstructions": "To manage automatic subtitle downloading, click on a library in Emby library setup, and edit the subtitle downloading settings for that library.",
    "OpenSubtitleInstructions": "Voc\u00ea ter\u00e1 que configurar as informa\u00e7\u00f5es da conta do Open Subtitles na tela de configura\u00e7\u00f5es de Open Subtitles no painel de controle do Emby Server.",
    "LabelEnableHardwareAcceleration": "Ativar acelera\u00e7\u00e3o de hardware quando dispon\u00edvel:",
    "HeaderPreferredHardwareDecoders": "Decodificadores de Hardware Preferidos",
    "HeaderPreferredHardwareEncoders": "Codificadores de Hardware Preferidos",
    "AllowChangingImageAndPassword": "Permitir a este usu\u00e1rio alterar sua senha e imagem de perfil.",
    "LabelTranscodeBuffer": "Buffer para transcodifica\u00e7\u00e3o:",
    "LabelTranscodePosition": "Posi\u00e7\u00e3o de transcodifica\u00e7\u00e3o:",
    "LabelPlaybackPosition": "Posi\u00e7\u00e3o de reprodu\u00e7\u00e3o:",
    "LabelSimultaneousStreamLimit": "Max simultaneous video streams:",
    "SimultaneousStreamLimitHelp": "Limit the number of concurrent video playback sessions."
}