<?xml version="1.0" encoding="UTF-8" standalone="yes"?>
<addon id="game.controller.default"
        name="Default Controller"
        version="1.0.8"
        provider-name="Team Kodi">
    <extension point="kodi.game.controller" library="resources/layout.xml"/>
    <extension point="xbmc.addon.metadata">
        <summary lang="en_GB">Default Controller</summary>
        <summary lang="es_ES">Controlador predeterminado</summary>
        <description lang="en_GB">The default media center controller is based on the Xbox 360 controller.</description>
        <description lang="es_ES">El mando de centro multimedia predeterminado se basa en el mando Xbox 360.</description>
		<disclaimer lang="en_GB">Image credit: Wikipedia (wikipedia.org)</disclaimer>
		<disclaimer lang="es_ES">Crédito de la imagen: Wikipedia (wikipedia.org)</disclaimer>
        <platform>all</platform>
        <assets>
            <icon>resources/icon.png</icon>
        </assets>
    </extension>
</addon>
