<?xml version="1.0" encoding="UTF-8" standalone="yes"?>
<addon id="metadata.common.themoviedb.org"
       name="The Movie Database Scraper Library"
       version="3.2.3"
       provider-name="Team Kodi">
  <requires>
    <import addon="xbmc.metadata" version="2.1.0"/>
  </requires>
  <extension point="xbmc.metadata.scraper.library"
             library="tmdb.xml"/>
  <extension point="xbmc.addon.metadata">
    <platform>all</platform>
    <summary lang="bg">Библиотека за сваляне на инф. от TMDb</summary>
    <summary lang="en">TMDb Scraper Library</summary>
    <summary lang="es">Scraper de peliculas de TMDb</summary>
    <summary lang="fi">TMDb elokuvatietojen lataajan kirjasto</summary>
    <summary lang="fr">Scraper TMDb</summary>
    <summary lang="hu">TMDb leolvasó-könyvtár</summary>
    <summary lang="nl">TMDb-scraperfuncties</summary>
    <summary lang="pl">Scraper biblioteki TMDb</summary>
    <summary lang="pt">Scraper de filmes TMDb</summary>
    <summary lang="ro">Bibliotecă catalog TMDb</summary>
    <summary lang="ru">Обработчик для TMDb</summary>
    <summary lang="se">Skrapebibliotek för TMDb</summary>
    <summary lang="zh">TMDb刮削器代码库</summary>
    <description lang="bg">Сваля миниатюри и fanarts от www.themoviedb.org</description>
    <description lang="en">Download thumbs and fanarts from www.themoviedb.org</description>
    <description lang="es">Descarga posters y fanart de www.themoviedb.org</description>
    <description lang="fi">Lataa pienoiskuvia ja fanitaidetta www.themoviedb.org -sivustolta</description>
    <description lang="fr">Télécharge vignettes et backdrops depuis www.themoviedb.org</description>
    <description lang="hu">Bélyeg- és fanartképek letöltése a www.themoviedb.org webhelyről</description>
    <description lang="nl">Miniaturen en fanart ophalen van www.themoviedb.org</description>
    <description lang="pl">Pobieraj ikony i fanarty z www.themoviedb.org</description>
    <description lang="pt">Descarregar informação de filmes de www.themoviedb.org</description>
    <description lang="ro">Descărcați miniaturi și imagini realizate de fani de pe www.themoviedb.org</description>
    <description lang="ru">Загружать миниатюры и фанарт с www.themoviedb.org</description>
    <description lang="se">Ladda ner miniatyrer och fanart från www.themoviedb.org</description>
    <description lang="zh">从www.themoviedb.org下载海报和同人画</description>
  </extension>
</addon>
