<?xml version="1.0" encoding="UTF-8" standalone="yes"?>
<addon id="script.module.beautifulsoup4"
       name="BeautifulSoup4"
       version="4.6.2"
       provider-name="Leonard Richardson (leonardr@segfault.org)">
  <requires>
    <import addon="xbmc.python" 
             version="2.25.0"/>
  </requires>
  <extension point="xbmc.python.module"
             library="lib" />
  <extension point="xbmc.addon.metadata">
    <summary lang="en_GB">Screen-scraping library</summary>
    <description lang="en_GB">Beautiful Soup is a library that makes it easy to scrape information from web pages. It sits atop an HTML or XML parser, providing Pythonic idioms for iterating, searching, and modifying the parse tree.</description>
     <summary lang="es_ES">Biblioteca de raspado de pantalla</summary>
    <description lang="es_ES">Beautiful Soup es una biblioteca que facilita el raspado de información de páginas web. Se encuentra encima de un analizador HTML o XML, proporcionando modismos Pythonic para iterar, buscar y modificar el árbol de análisis.</description>
	<license>MIT</license>
    <platform>all</platform>
    <website>https://www.crummy.com/software/BeautifulSoup/</website>
    <assets>
      <icon>icon.png</icon>
    </assets>
  </extension>
</addon>
