<?xml version="1.0" encoding="UTF-8" standalone="yes"?>
<addon id="game.controller.pcfx"
        name="PC-FX Controller"
        version="1.0.8"
        provider-name="Team Kodi">
    <extension point="kodi.game.controller" library="resources/layout.xml"/>
    <extension point="xbmc.addon.metadata">
        <summary lang="en_GB">PC-FX controller</summary>
        <description lang="en_GB">The PC-FX is a 32-bit console released by NEC in 1994. Due to the high cost, underpowered graphics and lack of developer support, it sold poorly and was discontinued in 1998.</description>
        <disclaimer lang="en_GB">Image credit: OpenEmu (openemu.org)</disclaimer>
        <summary lang = "es_ES"> Controlador PC-FX </summary>
        <description lang = "es_ES"> La PC-FX es una consola de 32 bits lanzada por NEC en 1994. Debido al alto costo, los gráficos de baja potencia y la falta de soporte para desarrolladores, se vendió mal y se suspendió en 1998. </description >
        <disclaimer lang = "es_ES"> Crédito de imagen: OpenEmu (openemu.org) </disclaimer><platform>all</platform>
        <assets>
            <icon>resources/icon.png</icon>
        </assets>
    </extension>
</addon>
