{
  "id": "mega",
  "name": "Mega",

  "active": true,

  "find_videos": {
    "ignore_urls": [],
    "patterns": [
      {
        "pattern": "(mega(?:.co|).nz/(?:embed|)(?:\\#\\!|)\\#\\![A-Za-z0-9\\-\\_]+(?:\\!|\\#)[A-Za-z0-9\\-\\_]+)",
        "url": "https://\\1"
      },
      {
        "pattern": "(mega(?:.co|).nz/\\#F\\![A-Za-z0-9\\-\\_]+\\![A-Za-z0-9\\-\\_]+)",
        "url": "https://\\1"
      },
      {
        "pattern": "mega(?:.co|).nz/file/([A-Za-z0-9\\-\\_\\#\\!]+)",
        "url": "https://mega.nz/embed#!\\1"
      }
    ]
  }

}