<?xml version="1.0" encoding="UTF-8" standalone="yes"?>
<addon id="script.module.requests"
       name="requests"
       version="2.22.0"
       provider-name="kennethreitz">
  <requires>
    <import addon="xbmc.python" version="2.25.0"/>
    <import addon="script.module.urllib3" version="1.22"/>
    <import addon="script.module.chardet" version="3.0.4"/>
    <import addon="script.module.idna" version="2.6"/>
    <import addon="script.module.certifi" version="2017.07.27.1"/>
  </requires>
  <extension point="xbmc.python.module"
             library="lib" />
  <extension point="xbmc.addon.metadata">
    <summary lang="en_GB">Python HTTP for Humans</summary>
    <description lang="en_GB">Packed for KODI from https://pypi.org/project/requests/</description>
    <summary lang="es_ES">Python HTTP para humanos</summary>
    <description lang="es_ES">Empaquetado para KODI de https://pypi.org/project/requests/</description>
    <platform>all</platform>
    <language></language>
    <license>Apache2</license>
    <forum></forum>
    <website>http://python-requests.org</website>
    <source>https://github.com/Freso/script.module.requests</source>
    <email>freso.dk AT gmail.com</email>
    <assets>
      <icon>resources/icon.png</icon>
    </assets>
  </extension>
</addon>
