<?xml version="1.0" encoding="UTF-8"?>
<addon id="game.libretro.2048" name="2048" version="1.0.0.111.1" provider-name="Libretro">
  <requires>
    <import addon="game.libretro" version="1.0.0"/>
  </requires>
  <extension point="kodi.gameclient" library_linux="game.libretro.2048.so">
    <platforms/>
    <extensions/>
    <supports_vfs>true</supports_vfs>
    <supports_standalone>true</supports_standalone>
  </extension>
  <extension point="xbmc.addon.metadata">
    <summary lang="en_GB">2048 v1.0</summary>
    <summary lang="es_ES">2048 v1.0</summary>
    <description lang="en_GB">Join the numbers and get to the 2048 tile!

Use your arrow keys to move the tiles. When two tiles with the same number touch, they merge into one!

Created by Gabriele Cirulli. Based on 1024 by Veewo Studio and conceptually similar to Threes by Asher Vollmer.</description>
    <description lang="es_ES">¡Únete a los números y llega al mosaico 2048!

Usa las teclas de flecha para mover las fichas. Cuando dos fichas con el mismo número se tocan, ¡se fusionan en una sola!

Creado por Gabriele Cirulli. Basado en 1024 por Veewo Studio y conceptualmente similar a Threes por Asher Vollmer.</description>
    <license>Public Domain</license>
    <platform/>
    <source>https://github.com/kodi-game/game.libretro.2048</source>
    <assets>
      <icon>resources/icon.png</icon>
      <fanart>resources/fanart.png</fanart>
    </assets>
  </extension>
</addon>
