{
  "id": "okru",
  "more_ids": ["ok.ru", "okru.link"],
  "name": "Okru",

  "active": true,

  "find_videos": {
    "ignore_urls": [],
    "patterns": [
      {
        "pattern": "(?:www.)?ok.../(?:videoembed|video|live)/(\\d+)",
        "url": "https://ok.ru/videoembed/\\1"
      },
      {
        "pattern": "https://okru.link/.*?t=([A-z0-9]+)",
        "url": "https://okru.link/embed.html?t=\\1"
      },
      {
        "pattern": "odnoklassniki.ru/(?:videoembed|video|live)/(\\d+)",
        "url": "https://ok.ru/videoembed/\\1"
      }
    ]
  }

}
