<?xml version="1.0" encoding="UTF-8"?>
<logicaltopology>
  <port type="keyboard">
    <accepts controller="game.controller.keyboard"/>
  </port>
  <port type="mouse">
    <accepts controller="game.controller.mouse"/>
  </port>
  <port type="controller" id="1">
    <accepts controller="game.controller.gravis.gamepad"/>
    <accepts controller="game.controller.joystick.4button"/>
    <accepts controller="game.controller.joystick.2button">
      <port id="1">
        <accepts controller="game.controller.joystick.2button"/>
      </port>
    </accepts>
  </port>
</logicaltopology>
