<?xml version="1.0" encoding="UTF-8" standalone="yes"?>
<addon id="game.controller.3do.gamegun"
        name="3DO Gamegun"
        version="1.0.8"
        provider-name="Team Kodi">
    <extension point="kodi.game.controller" library="resources/layout.xml"/>
    <extension point="xbmc.addon.metadata">
        <summary lang="en_GB">3DO Gamegun</summary>
        <description lang="en_GB">The Gamegun was released for the 3DO in 1994 by American Laser Games.</description>
        <disclaimer lang="en_GB">Image credit: Wikipedia (wikipedia.org)</disclaimer>
		<summary lang = "es_ES"> 3DO Gamegun </summary>
        <description lang = "es_ES"> American Gun Games lanzó Gamegun para 3DO en 1994. </description>
        <disclaimer lang = "es_ES"> Crédito de imagen: Wikipedia (wikipedia.org) </disclaimer>
        <platform>all</platform>
        <assets>
            <icon>resources/icon.png</icon>
        </assets>
    </extension>
</addon>
