<?xml version="1.0" encoding="UTF-8" standalone="yes"?>
<addon id="service.ttyd"
       name="Web SSH Terminal"
       version="9.2.100"
       provider-name="Team CoreELEC">
  <requires>
    <import addon="xbmc.python" version="2.1.0"/>

  </requires>
  <extension point="xbmc.service" library="default.py">
    <provides></provides>
  </extension>
  <extension point="xbmc.addon.metadata">
    <summary>ttyd: a tool for accessing the terminal over a browser</summary>
    <description>
ttyd (1.4.4): is a simple command-line tool for sharing terminal over the web
    </description>
    <disclaimer>

    </disclaimer>
    <platform>all</platform>
    <news>
100
- initial LibreELEC version
    </news>
    <assets>
      <icon>resources/icon.png</icon>
      <fanart>resources/fanart.png</fanart>

    </assets>
  </extension>
</addon>
