<?xml version="1.0" encoding="UTF-8" standalone="yes"?>
<addon id="metadata.demo.artists"
       name="Demo artists python scraper"
       version="1.0.0"
       provider-name="spiff">
  <requires>
    <import addon="xbmc.metadata" version="2.1.0"/>
  </requires>
  <extension point="xbmc.metadata.scraper.artists"
             library="demo.py"/>
  <extension point="xbmc.addon.metadata">
    <summary lang="en">Demo artists python scraper</summary>
    <description lang="en">Demo artists python scraper</description>
    <platform>all</platform>
    <license>GPL v2.0</license>
  </extension>
</addon>
