<?xml version="1.0" encoding="UTF-8"?>
<addon id="game.libretro.dosbox" name="DOS (DOSBox)" version="0.74.0.6.1" provider-name="Libretro">
  <requires>
    <import addon="game.libretro" version="1.0.0"/>
  </requires>
  <extension point="kodi.gameclient" library_linux="game.libretro.dosbox.so">
    <platforms/>
    <extensions>exe|com|bat|conf</extensions>
    <supports_vfs>false</supports_vfs>
    <supports_standalone>true</supports_standalone>
  </extension>
  <extension point="xbmc.addon.metadata">
    <summary lang="en_GB">DOS (DOSBox) 0.74</summary>
    <description lang="en_GB">DOSBox emulates an IBM PC compatible computer running MS-DOS. DOSBox can be configured to run a wide range of DOS games, from CGA/Tandy/PCjr classics up to games from the Quake era.

. If loading exe/com/bat the system directory will be searched for a 'dosbox.conf' file to load. If loading a *.conf file DOSBox will be loaded with the options in the config file.

Supported files: .exe, .com, .bat, .conf</description>
    <summary lang="es_ES">DOS (DOSBox) 0.74</summary>
    <description lang="es_ES">DOSBox emula una computadora IBM PC compatible con MS-DOS. DOSBox se puede configurar para ejecutar una amplia gama de juegos de DOS, desde clásicos de CGA / Tandy / PCjr hasta juegos de la era Quake.

. Si carga exe / com / bat, se buscará en el directorio del sistema un 'dosbox.conf' archivo para cargar. Si carga un archivo * .conf, DOSBox se cargará con las opciones en el archivo de configuración.

Archivos soportados: .exe, .com, .bat, .conf</description>
    <license>GPLv2</license>
    <platform/>
    <source>https://github.com/kodi-game/game.libretro.dosbox</source>
    <assets>
      <icon>resources/icon.png</icon>
      <fanart>resources/fanart.png</fanart>
    </assets>
  </extension>
</addon>
