<?xml version="1.0" encoding="UTF-8" standalone="yes"?>
<layout name="Genesis" label="30000" image="layout.png">
  <category name="face" label="35074">
    <button name="a" type="digital" label="30001"/>
    <button name="b" type="digital" label="30002"/>
    <button name="c" type="digital" label="30003"/>
    <button name="x" type="digital" label="30004"/>
    <button name="y" type="digital" label="30005"/>
    <button name="z" type="digital" label="30006"/>
    <button name="start" type="digital" label="30007"/>
    <button name="mode" type="digital" label="30008"/>
    <button name="up" type="digital" label="30009" direction="up"/>
    <button name="right" type="digital" label="30011" direction="right"/>
    <button name="down" type="digital" label="30010" direction="down"/>
    <button name="left" type="digital" label="30012" direction="left"/>
  </category>
</layout>
