<?xml version="1.0" encoding="UTF-8"?>
<addon id="vfs.libarchive" version="1.0.7.1" name="Archive support" provider-name="spiff">
  <requires>
    <import addon="kodi.binary.global.main" version="1.0.14"/>
    <import addon="kodi.binary.global.general" version="1.0.3"/>
    <import addon="kodi.binary.global.filesystem" version="1.0.2"/>
    <import addon="kodi.binary.instance.vfs" version="2.0.0"/>
  </requires>
  <extension point="kodi.vfs" protocols="archive|rar" extensions=".7z|.tar.gz|.tar.bz2|.tar.xz|.zip|.rar|.tgz|.tbz2|.gz|.bz2|.xz|.cbr" files="true" directories="true" filedirectories="true" encodedhostname="true" library_linux="vfs.libarchive.so.1.0.7"/>
  <extension point="xbmc.addon.metadata">
    <summary lang="en_GB">Multi-format archive and compression addon</summary>
    <summary lang="es_ES">Archivo multiformato y complemento de compresión</summary>
    <description lang="en_GB">This add-on uses the libarchive library to read a variety of archive and compression formats.
Supported formats are:
7z, tar.gz, tar.bz2, tar.xz, zip, rar, tgz, tbz2, gz, bz2, xz, cbr
</description>
    <description lang="es_ES">Este complemento utiliza la biblioteca libarchive para leer una variedad de formatos de archivo y compresión.
Los formatos admitidos son:
7z, tar.gz, tar.bz2, tar.xz, zip, rar, tgz, tbz2, gz, bz2, xz, cbr
</description>
    <platform/>
    <license>GPL-2.0-or-later</license>
    <source>https://github.com/xbmc/vfs.libarchive</source>
    <assets>
      <icon>resources/icon.png</icon>
    </assets>
  </extension>
</addon>
