<?xml version="1.0" encoding="UTF-8"?>
<window type="dialog">
	<defaultcontrol always="true">10</defaultcontrol>
	<coordinates>
		<left>200</left>
		<top>105</top>
	</coordinates>
	<include>Animation_DialogPopupOpenClose</include>
	<controls>
		<!-- Standard dialog header //-->
		<include content="DialogBackgroundCommons">
			<param name="width" value="1520" />
			<param name="height" value="870" />
			<param name="header_label" value="$ADDON[pvr.mediaportal.tvserver 30100]" />
			<param name="header_id" value="1" />
		</include>
		<control type="image">
			<left>10</left>
			<top>80</top>
			<width>1200</width>
			<height>790</height>
			<texture border="40">buttons/dialogbutton-nofo.png</texture>
		</control>
		<!-- Dialog specific controls //-->
		<control type="group">
			<posx>30</posx>
			<posy>50</posy>
			<control type="group">
				<!-- Scheduled program details //-->
				<posx>30</posx>
				<control type="label" description="Program title" id = "20">
					<posy>100</posy>
					<width>720</width>
					<height>30</height>
					<font>font13_title</font>
					<!--<label>filled in by code</label>-->
					<align>left</align>
					<aligny>center</aligny>
					<textcolor>white</textcolor>
				</control>
				<control type="label" description="Program start time" id = "21">
					<posy>60</posy>
					<width>355</width>
					<height>30</height>
					<font>font13_title</font>
					<!--<label>filled in by code</label>-->
					<align>left</align>
					<aligny>center</aligny>
					<textcolor>white</textcolor>
				</control>
				<control type="label" description="Program channel" id = "22">
					<posx>400</posx>
					<posy>60</posy>
					<width>355</width>
					<height>30</height>
					<font>font13_title</font>
					<!--<label>filled in by code</label>-->
					<align>left</align>
					<aligny>center</aligny>
					<textcolor>white</textcolor>
				</control>
			</control>

			<control type="grouplist" description ="spincontrols" id="23">
				<posy>160</posy>
				<!--<itemgap>5</itemgap>//-->
				<width>1160</width>
				<height>750</height>
				<onleft>9000</onleft>
				<onright>9000</onright>
				<onup>23</onup>
				<ondown>23</ondown>

				<control type="spincontrolex" id="10">
					<description>Frequency</description>
					<include>DefaultSettingButton</include>
					<width>1160</width>
					<height>100</height>
					<label>$ADDON[pvr.mediaportal.tvserver 30101]</label>
				</control>

				<control type="spincontrolex" id="11">
					<description>Airtime</description>
					<include>DefaultSettingButton</include>
					<width>1160</width>
					<label>$ADDON[pvr.mediaportal.tvserver 30102]</label>
				</control>

				<control type="spincontrolex" id="12">
					<description>Channels</description>
					<include>DefaultSettingButton</include>
					<width>1160</width>
					<label>$ADDON[pvr.mediaportal.tvserver 30103]</label>
				</control>

				<control type="image" id="24">
					<description>separator image</description>
					<height>3</height>
					<texture colordiffuse="AAAAAAAA" border="3">dialogs/separator-grey.png</texture>
				</control>

				<control type="spincontrolex" id="13">
					<description>Keep</description>
					<include>DefaultSettingButton</include>
					<width>1160</width>
					<label>$ADDON[pvr.mediaportal.tvserver 30104]</label>
				</control>

				<control type="spincontrolex" id="14">
					<description>Record minutes before start</description>
					<include>DefaultSettingButton</include>
					<width>1160</width>
					<label>$ADDON[pvr.mediaportal.tvserver 30105]</label>
				</control>

				<control type="spincontrolex" id="15">
					<description>Record minutes after end</description>
					<include>DefaultSettingButton</include>
					<width>1160</width>
					<label>$ADDON[pvr.mediaportal.tvserver 30106]</label>
				</control>
			</control>
		</control>

		<!-- Dialog Ok/Cancel buttons //-->
		<control type="grouplist" id="9000">
			<left>1210</left>
			<top>92</top>
			<orientation>vertical</orientation>
			<width>300</width>
			<height>250</height>
			<itemgap>-10</itemgap>
			<onleft>23</onleft>
			<onright>23</onright>
			<include content="DefaultDialogButton">
				<param name="id" value="1" />
				<param name="label" value="186" />
			</include>
			<include content="DefaultDialogButton">
				<param name="id" value="2" />
				<param name="label" value="222" />
			</include>
		</control>
	</controls>
</window>
