<categories>
	<category>
		<label>Explorar todas las listas</label>
		<thumb>21h8hfm.jpg</thumb>
		<banner>lmDtEph.jpg</banner>
		<fanart>G5PYNPY.jpg</fanart>
		<logo>gi5qfGn.png</logo>
		<trailer>EFhii04Piww</trailer>
		<plot>Explorar todos los listados de juegos</plot>
	</category>
	<category>
		<label>Buscar por categoria</label>
		<thumb>FsLksDv.jpg</thumb>
		<banner>Is57fBA.jpg</banner>
		<fanart>G5PYNPY.jpg</fanart>
		<logo>NAo4hYj.png</logo>
		<trailer>EFhii04Piww</trailer>
		<plot>Buscar listados de juegos por categoría</plot>
	</category>
	<category>
		<label>Favoritos</label>
		<thumb>7ZCxVj4.jpg</thumb>
		<banner>cMi8AWY.jpg</banner>
		<fanart>G5PYNPY.jpg</fanart>
		<logo>CSH9UpX.png</logo>
		<trailer>NUx66ZEDjnQ</trailer>
		<plot>Lista de favoritos</plot>
	</category>
	<category>
		<label>Buscar</label>
		<thumb>cyDWi3B.jpg</thumb>
		<banner>jOdzRsq.jpg</banner>
		<fanart>G5PYNPY.jpg</fanart>
		<logo>B2CXrhk.png</logo>
		<trailer>vScJLw_a5RM</trailer>
		<plot>Buscar listados</plot>
	</category>
	<category>
		<label>Reproduccion aleatoria</label>
		<thumb>IoNbf04.jpg</thumb>
		<banner>CKXRDmR.jpg</banner>
		<fanart>G5PYNPY.jpg</fanart>
		<logo>E3mCXbV.png</logo>
		<trailer>oP_Tk9WD_JI</trailer>
		<plot>Juega un juego al azar</plot>
	</category>
	<category>
		<label>default</label>
		<thumb>fYMsybe.jpg</thumb>
		<banner>pc540fV.jpg</banner>
		<fanart>G5PYNPY.jpg</fanart>
		<logo>c3MyKNx.png</logo>
		<plot></plot>
		<trailer>EFhii04Piww</trailer>
	</category>
</categories>