<?xml version="1.0" encoding="utf-8"?>
<categories>
	<category>
		<label>Arcade</label>
		<thumb>meL2vpM.jpg</thumb>
		<banner>NRrREXI.jpg</banner>
		<fanart>qxeGXby.jpg</fanart>
		<logo>1hpPBHa.png</logo>
		<trailer>hem1azYuko</trailer>
		<plot>Lugar principal donde la gente juega juegos de arcade, como videojuegos, máquinas de pinball, juegos electromecánicos, etc. juegos de redención, mercancías discontinuas (como grúas de garrapata), o miles de millones de monedas o mesas de hockey aéreo. En algunos países, también se permite legalmente que algunos tipos de arcadas ofrezcan máquinas apuestas, como máquinas tragaperras o máquinas pachinko. Los juegos suelen albergarse en los armarios. El término utilizado para los antepasados de estos lugares a principios del siglo XX era un centavo de arcades.[CR]Los videojuegos se introdujeron en arcados de diversión a finales de los años setenta y fueron más populares durante la era dorada de los videojuegos de arcade, a principios de los años ochenta. Las Arcadas se hicieron populares entre los niños y en particular entre los adolescentes, lo que llevó a los padres a preocuparse de que los videojuegos pudieran hacerles saltar la escuela.</plot>
	</category>
	<category>
		<label>PC</label>
		<thumb>nvINSAe.jpg</thumb>
		<banner>VP4IHdW.jpg</banner>
		<fanart>tW41LPD.jpg</fanart>
		<logo>4Hj0KZ0.png</logo>
		<trailer>hem1azYuko</trailer>
		<plot>Juegos de PC, también conocidos como juegos de ordenador o juegos de ordenador personales. son videojuegos jugados en un ordenador personal en lugar de una consola de videojuegos dedicada o una máquina de arcade. Sus características definitorias incluyen un hardware y software de juego más diversos y determinados por el usuario, y una mayor capacidad general de entrada, procesamiento y salida de vídeo.[CR]Los juegos de ordenador en casa se hicieron populares tras el colapso del videojuego de 1983 que llevó a la era del programador del dormitorio. En el decenio de 1990, los juegos de PC perdieron la tracción del mercado masivo de consolar los juegos antes de disfrutar de un resurgimiento a mediados de los años 2000 a través de la distribución digital.</plot>
	</category>
	<category>
		<label>8 Bit</label>
		<thumb>K1e1v5U.jpg</thumb>
		<banner>6OVLpqK.jpg</banner>
		<fanart>Y34TTgV.jpg</fanart>
		<logo>8H2FRQM.png</logo>
		<trailer>QaIoW1aL9GE</trailer>
		<plot>En la arquitectura de la computadora, enteros de 8 bits, direcciones de memoria u otras unidades de datos son aquellas que son de 8 bits (1 octeta).  8-bit es también una generación de microprocesadores en los que los microprocesadores de 8 bits eran la norma.[CR]El primer procesador comercial de 8 bits fue el Intel 8008 (1972).  Las variantes modernizadas de estas máquinas de 8 bits siguen siendo uno de los tipos más comunes de procesador en sistemas embebidos.[CR]En la historia de los videojuegos y computadoras, la tercera generación (a veces llamada era de 8 bits) comenzó el 15 de julio de 1983, con el lanzamiento japonés de la computadora familiar (referida en Japón en la forma abreviada "Famicom", y más tarde conocido como el Sistema de Nintendo Enterprise, o NES, en el resto del mundo) y SG-1000.[CR]Esta generación marcó el final del colapso del videojuego norteamericano, un cambio en el dominio de los videojuegos domésticos de los Estados Unidos a Japón y la transición de gráficos basados en bloques a gráficos de desplazamiento suave de hardware y gráficos basados en sprite, que fue un salto pivotal en el diseño de juegos.[CR]La consola más vendida de esta generación fue el NES/Famicom, seguido por el Sistema Maestro y luego el Atari 7800. Aunque la generación anterior de consolas también había usado procesadores de 8 bits, fue al final de esta generación que las consolas caseras fueron etiquetadas por primera vez por sus "bits".</plot>
	</category>
	<category>
		<label>16 Bit</label>
		<thumb>ZApJrXO.jpg</thumb>
		<banner>pY8sRHc.jpg</banner>
		<fanart>zIrDR9U.jpg</fanart>
		<logo>eUoLFKw.png</logo>
		<trailer>RAYXUOFiCHk</trailer>
		<plot>En la arquitectura de computadora, enteros de 16 bits, direcciones de memoria u otras unidades de datos son aquellas que tienen 16 bits (2 octetos). También, las arquitecturas de CPU de 16 bits y ALU son aquellas que se basan en el registro, los buses de dirección o los buses de datos de ese tamaño. Las microcomputadoras de 16 bits son computadoras en las que los microprocesadores de 16 bits eran la norma[CR]En la historia de los videojuegos y computadoras la cuarta generación (más comúnmente llamada era de 16-bits) de consolas de juegos comenzó el 30 de octubre 1987 con el lanzamiento japonés del NEC Home Electronics PC Engine (conocido como el TurboGrafx-16 en América del Norte). Aunque NEC lanzó la primera consola de cuarta generación, y fue la segunda en la Super Famicom en Japón, Las ventas de esta era fueron mayormente dominadas por la rivalidad entre consolas de Nintendo y Segas en Norteamérica: el Super Nintendo Enterprise System (la Super Famicom en Japón) y la Sega Génesis (llamado Mega Drive en otras regiones). Nintendo fue capaz de capitalizar su éxito anterior en la tercera generación y consiguió ganar la mayor cuota de mercado mundial en la cuarta generación también. Sega fue extremadamente exitosa en esta generación y comenzó una nueva franquicia, Sonic the Hedgehog, para competir con la serie de juegos Nintendo Mario.</plot>
	</category>
	<category>
		<label>32 Bit</label>
		<thumb>XHsVwAG.jpg</thumb>
		<banner>aSkz9PW.jpg</banner>
		<fanart>WphM5yl.jpg</fanart>
		<logo>fe0pbP7.png</logo>
		<trailer>KgiMzKb8dD0</trailer>
		<plot>En la arquitectura de computadora, enteros de 32 bits, direcciones de memoria u otras unidades de datos son aquellas que tienen 32 bits (4 octetos). También, las arquitecturas de CPU de 32 bits y ALU son aquellas que se basan en el registro, los buses de dirección o los buses de datos de ese tamaño. Las microcomputadoras de 32 bits son computadoras en las que los microprocesadores de 32 bits son la norma.[CR]La era de la quinta generación (también conocida como la era de 32 bits y la era 3D) se refiere a los videojuegos y computadoras consolas de videojuegos y handhelds de videojuegos de aproximadamente 1993 a 2001.[CR]Para consolas caseras, la consola más vendida fue la PlayStation por un amplio margen y luego la Sega Saturno.[CR]Para los portátiles, esta era se caracterizó por una fragmentación significativa, porque el primer portátil de la generación, el Génesis nomad, tuvo una vida de sólo dos años, y el Niño Virtual tenía una vida de menos de uno. Ambos fueron interrumpidos antes de que los otros ordenadores de mano hicieran su debut en el mercado. El Neo Geo Pocket fue lanzado en 1998, pero fue soltado por SNK en favor del totalmente compatible Neo Geo Pocket Color sólo un año después. Nintendos Game Boy Color fue el ganador en las manos, por un margen grande.</plot>
	</category>
	<category>
		<label>64 Bit</label>
		<thumb>KDEg1UP.jpg</thumb>
		<banner>meXlyf4.jpg</banner>
		<fanart>CzBZfsn.jpg</fanart>
		<logo>lYn9tLR.png</logo>
		<trailer>KgiMzKb8dD0</trailer>
		<plot>En la arquitectura de la computadora, la computación de 64 bits es el uso de procesadores con anchos de datapath, tamaño entero, y anchos de direcciones de memoria de 64 bits (ocho octetos). También, arquitecturas de computadoras de 64 bits para unidades de procesamiento central (CPUs) y unidades lógicas aritméticas (ALUs) son aquellas basadas en registros de procesadores, , o bus de datos de ese tamaño. Desde la perspectiva del software, la computación de 64 bits significa el uso de código con direcciones de memoria virtual de 64 bits.[CR]El Atari Jaguar fue lanzado en 1993 como el primer sistema de 64 bits del mundo. Sin embargo, las ventas al inicio estaban muy por debajo de las consolas de cuarta generación, y una pequeña biblioteca de juegos arraigada en una escasez de apoyo de terceros hizo imposible que el Jaguar se pusiera al día vendiendo menos de 250.000 unidades. La naturaleza de 64 bits de los sistemas también fue cuestionada por muchos.  El Nintendo 64 fue lanzado en 1996. Los sistemas retrasan y utilizan el formato cartucho, mientras que todos sus competidores utilizaron CDs para convertirlo en una plataforma impopular entre terceros desarrolladores. Sin embargo, un número de títulos de primera parte intencionadamente populares permitieron al Nintendo 64 mantener fuertes ventas en los Estados Unidos, aunque seguía siendo un segundo lejano hasta la PlayStation.</plot>
	</category>
	<category>
		<label>Best of</label>
		<thumb>yGrfHaj.jpg</thumb>
		<banner>TLsTyv5.jpg</banner>
		<fanart>VzPHu9s.png</fanart>
		<logo>0WcYWVF.png</logo>
		<trailer>2F2i6EQsPZY</trailer>
		<plot>Lo mejor de las lista.  Estos son los clásicos que todo el mundo necesita jugar!</plot>
	</category>
	<category>
		<label>1970s</label>
		<thumb>XE5LWdX.jpg</thumb>
		<banner>JYt7Igk.jpg</banner>
		<fanart>HPefCQE.jpg</fanart>
		<logo>1pdtQ8o.png</logo>
		<trailer>40sZQ1_Sd3A</trailer>
		<plot>Juegos de la década de 1970</plot>
	</category>
	<category>
		<label>1980s</label>
		<thumb>e9nr9DF.jpg</thumb>
		<banner>ZG2N2LW.jpg</banner>
		<fanart>glvcyWY.jpg</fanart>
		<logo>u2PxyeO.png</logo>
		<trailer>20d0DoOFgYM</trailer>
		<plot>Juegos de la década de 1980</plot>
	</category>
	<category>
		<label>1990s</label>
		<thumb>8Q6xuG2.jpg</thumb>
		<banner>MtpbUMM.jpg</banner>
		<fanart>0qMUE7H.jpg</fanart>
		<logo>3NCic8n.png</logo>
		<trailer>eydpxj-FY_k</trailer>
		<plot>Juegos de los años 1990</plot>
	</category>
	<category>
		<label>2000s</label>
		<thumb>C1cMGxl.jpg</thumb>
		<banner>1z82BLP.jpg</banner>
		<fanart>ZKG9AjT.jpg</fanart>
		<logo>lUej5pP.png</logo>
		<trailer>vxyAdeDzzHI</trailer>
		<plot>Juegos del año 2000</plot>
	</category>
	<category>
		<label>Handheld</label>
		<thumb>sdkHreq.jpg</thumb>
		<banner>5oWyLRK.jpg</banner>
		<fanart>riqytRq.jpg</fanart>
		<logo>cdPuR63.png</logo>
		<trailer>meQkxPgpflg</trailer>
		<plot>Una consola de juegos portátil es una pequeña consola portátil de videojuegos con pantalla incorporada, controles de juego y altavoces.  Las consolas portatiles son más pequeñas que las consolas de videojuegos domésticos y contienen la consola, pantalla, y controla en una sola unidad, permitiendo a la gente llevarlos y jugarlos en cualquier momento o lugar.[CR]En 1976, Mattel introdujo el primer juego electrónico de mano con el lanzamiento de Auto Race.  Posteriormente, varias empresas —incluyendo Coleco y Milton Bradley— hicieron su propio juego único, ligero de mesa o dispositivos electrónicos portátiles.[CR]Se acredita a Nintendo por popularizar el concepto de consola de mano con el lanzamiento del Game Boy en 1989 y sigue dominando el mercado de consolas de mano.</plot>
	</category>
	<category>
		<label>Console</label>
		<thumb>lcuGRmo.jpg</thumb>
		<banner>jc5zMtb.jpg</banner>
		<fanart>HxpWWxa.jpg</fanart>
		<logo>GHYjDh7.png</logo>
		<trailer>DdxH5rRFRbg</trailer>
		<plot>Una consola de videojuegos en casa, o simplemente una consola, es un dispositivo de videojuego que se utiliza principalmente para los jugadores domésticos, en contraposición a los arcados o a algún otro establecimiento comercial. Las consolas domésticas son un tipo de videojuegos, en contraste con las consolas de juegos de mano más pequeñas y portátiles, permitiendo que la gente los lleve y los juegue en cualquier momento o lugar, junto con microconsolas y consolas dedicadas.</plot>
	</category>
	<category>
		<label>Amiga</label>
		<thumb>M6F8HiW.jpg</thumb>
		<banner>1FsUVti.jpg</banner>
		<fanart>Sg6P78e.png</fanart>
		<logo>BZYepHA.png</logo>
		<trailer>fg8uKYLa1Aw</trailer>
		<plot>Amiga es una familia de ordenadores personales introducidos por Commodore en 1985. El modelo original era parte de una ola de computadoras de 16 y 32 bits con 256 KB o más de RAM, GUI basados en el ratón y mejorado significativamente los gráficos y el audio en sistemas de 8 bits. Esta ola incluyó la TS de Atari — liberada el mismo año — Apple Macintosh, y posteriormente el IIGS de Apple. Basado en el microprocesador Motorola 68000, el Amiga se diferenció de sus contemporáneos mediante la inclusión de hardware personalizado para acelerar los gráficos y el sonido, incluyendo sprites y un blitter, y un sistema operativo multitarea preventiva llamado AmigaOS.</plot>
	</category>
	<category>
		<label>Amstrad</label>
		<thumb>8RxpyRz.jpg</thumb>
		<banner>PYuQxkM.jpg</banner>
		<fanart>RWa3rZp.jpg</fanart>
		<logo>TAW2ONn.png</logo>
		<trailer>B-W_RqMbA6c</trailer>
		<plot>The Amstrad CPC (short for Colour Personal Computer) is a series of 8-bit home computers produced by Amstrad between 1984 and 1990. It was designed to compete in the mid-1980s home computer market dominated by the Commodore 64 and the Sinclair ZX Spectrum.  The CPC models hardware is based on the Zilog Z80A CPU, complemented with either 64 or 128 kB of memory. Their computer-in-a-keyboard design prominently features an integrated storage device, either a compact cassette deck or 3 inch floppy disk drive. The main units were only sold bundled with a colour or monochrome monitor that doubles as the main units power supply. Additionally, a wide range of first and third party hardware extensions such as external disk drives, printers, and memory extensions, was available. The CPC series was pitched against other home computers primarily used to play video games and enjoyed a strong supply of game software. The comparatively low price for a complete computer system with dedicated monitor, its high resolution monochrome text and graphic capabilities and the possibility to run CP/M software also rendered the system attractive for business users, which was reflected by a wide selection of application software.</plot>
	</category>
	<category>
		<label>Atari</label>
		<thumb>MfJMrHS.jpg</thumb>
		<banner>Iu0p7z1.jpg</banner>
		<fanart>2usewYW.jpg</fanart>
		<logo>HfMnct9.png</logo>
		<trailer>H2CGmCcERrE</trailer>
		<plot>Atari es una empresa y marca propiedad de varias entidades desde su creación en 1972.  El Atari original, Inc. fundado en Sunnyvale, California en 1972 por Nolan Bushnell y Ted Dabney, fue un pionero en juegos de arcade, consolas de videojuegos en casa y computadoras en casa. Los productos de las compañías, como Pong y el Atari 2600, ayudaron a definir la industria del entretenimiento electrónico desde los años setenta hasta mediados de los ochenta.[CR]En 1984, el Atari original Inc. se dividió debido a su papel en la caída del videojuego de 1983, y la división de arcade se convirtió en Atari Games Inc. Atari Games ha recibido el derecho de utilizar el logotipo y la marca con los juegos de texto añadidos en los juegos de arcade. así como los derechos a las propiedades de hardware originales de arcade 1972–1984.  En 1998, Hasbro Interactive adquirió todas las propiedades relacionadas con Atari Corporation, creando una nueva filial, Atari Interactive.</plot>
	</category>
	<category>
		<label>Bandai</label>
		<thumb>68FnxB7.jpg</thumb>
		<banner>GorPl1C.jpg</banner>
		<fanart>qxD83Jr.jpg</fanart>
		<logo>pquJV3w.png</logo>
		<trailer>YEpnxE5zPos</trailer>
		<plot>Bandai es un fabricante japonés de juguetes y productor de un gran número de kits de modelos de plástico, así como de una antigua compañía de videojuegos. Fue el tercer productor mundial de juguetes en 2008 después de Mattel y Hasbro. Algunas compañías del grupo ex-Bandai producen programas de anime y tokusatsu. Su sede central se encuentra en Taito, Tokyo.[CR]Bandai lanzó una serie de consolas de juegos de mano incluyendo WonderSwan, WonderSwan Color y Swan Crystal. Los sistemas sólo se publicaron en Japón.</plot>
	</category>
	<category>
		<label>Coleco</label>
		<thumb>CZnY1tP.jpg</thumb>
		<banner>OG1fnQM.jpg</banner>
		<fanart>5qiBhyg.jpg</fanart>
		<logo>CcfGnx3.png</logo>
		<trailer>5l0T1f81Rao</trailer>
		<plot>Coleco Industries fue una empresa norteamericana fundada en 1932 por la firma Connecticut Piel Company. Se convirtió en una compañía de juguetes de gran éxito en los años 80, conocida por su versión masiva de muñecas de Col Patch Kids y sus videojuegos consolas, las consolas de Coleco Telstar y ColecoVision. Mientras que la empresa desapareció en 1988 como consecuencia de la bancarrota, la marca Coleco se revivió en 2005 y sigue activa hasta la fecha.</plot>
	</category>
	<category>
		<label>Commodore</label>
		<thumb>7oLxpHp.jpg</thumb>
		<banner>Bh7Ny7v.jpg</banner>
		<fanart>eR0R4JM.jpg</fanart>
		<logo>1NDnq4b.png</logo>
		<trailer>D_f3uIzEIxo</trailer>
		<plot>Commodore fue un fabricante estadounidense de computadoras y electrónica fundada por Jack Tramiel. Commodore International (CI), junto con su filial Commodore Business Machines (CBM), participaron en el desarrollo de la industria informática hogar-personal en los años setenta y ochenta. La compañía desarrolló y comercializó el equipo de escritorio más vendido, el Commodore 64 (1982), y lanzó su línea de computadoras Amiga en julio de 1985.</plot>
	</category>	
	<category>
		<label>Hacks</label>
		<thumb>cp1nL0O.jpg</thumb>
		<banner>vOfysYj.jpg</banner>
		<fanart>r1Kk58D.jpg</fanart>
		<logo>4WSSkGz.png</logo>
		<trailer>7jj15F6vNIA</trailer>
		<plot>Los hacks son versiones modificadas de juegos antiguos. Algunos juegos consiguen pequeños ajustes como retraducciones o simples mejoras en el juego, otros obtienen completos cambios que transforman completamente el juego original.  Normalmente esto lo hacen los aficionados a los videojuegos con inclinación técnica para insuflar nueva vida a un viejo juego enjaulado como outlet creativo, o para hacer esencialmente nuevos juegos no oficiales usando el viejo motor de juegos.</plot>
	</category>
	<category>
		<label>Karaoke</label>
		<thumb>olFhAvp.jpg</thumb>
		<banner>kE1mbdc.jpg</banner>
		<fanart>ddbpUjh.jpg</fanart>
		<logo>JTJyTwq.png</logo>
		<trailer>dpwIbqm-umk</trailer>
		<plot>Karaoke es un tipo de entretenimiento interactivo o videojuego desarrollado en Japón en el que un cantante amante canta junto con música grabada (un vídeo musical) usando un micrófono. La música es normalmente una versión instrumental de una canción popular bien conocida. La letra generalmente se muestra en una pantalla de vídeo, junto con una pantalla móvil, cambiando de color o imágenes de vídeo de música para guiar al cantante.</plot>
	</category>	
	<category>
		<label>Nintendo</label>
		<thumb>m1hCgnt.png</thumb>
		<banner>qnOKvsz.png</banner>
		<fanart>DMSWPh2.jpg</fanart>
		<logo>9LSgdwk.png</logo>
		<trailer>H2CGmCcERrE</trailer>
		<plot>Nintendo Co, Ltd es una multinacional japonesa de electrónica de consumo y videojuegos desarrollada en Kyoto. Nintendo es una de las compañías de videojuegos más grandes del mundo por capitalización del mercado, crear algunas de las franquicias de videojuegos más conocidas y más vendidas, como Mario, The Legend of Zelda y Pokemon.[CR]Fundado el 23 de septiembre de 1889 por Fusajiro Yamauchi, originalmente produjo cartas de juego hechas a mano. En 1963, la empresa había probado varias pequeñas empresas niche como servicios de taxis y amores hoteleros. Abandonar aventuras anteriores a favor de los juguetes en los años 60, Nintendo se convirtió en una compañía de videojuegos en los años 70, en última instancia convertirse en una de las empresas más influyentes de la industria y la tercera más valiosa de Japón con un valor de mercado de más de 85 mil millones de dólares.</plot>
	</category>
	<category>
		<label>Magnavox</label>
		<thumb>LWBGx4I.png</thumb>
		<banner>9WhX1zE.png</banner>
		<fanart>68PgE1K.jpg</fanart>
		<logo>PEv2MWt.png</logo>
		<trailer>H2EIsnr_cv4</trailer>
		<plot>Magnavox es una empresa electrónica americana fundada en los Estados Unidos. Hoy es una filial de Electronics corporation Philips. En 1972 Magnavox presentó la Odyssey, la primera consola de videojuegos. En 1974, Philips adquirió la Compañía Magnavox.</plot>
	</category>
	<category>
		<label>Mattel</label>
		<thumb>d7hvYCV.jpg</thumb>
		<banner>hXrqwRo.jpg</banner>
		<fanart>m0PMDQp.jpg</fanart>
		<logo>utW0Oan.png</logo>
		<trailer>MAyKNGudXzA</trailer>
		<plot>Mattel es una empresa multinacional estadounidense de fabricación de juguetes fundada en 1945 con sede en El Segundo, California.  Mattel lanzó la consola de videojuegos en casa Intellivision en 1979. El nombre Intellivision es un portmanteau de "televisión inteligente". El desarrollo de la consola comenzó en 1977, el mismo año en que la introducción de su principal competidor, el Atari 2600.  En 1984 Mattel vendió el negocio de Intellivision a un ex ejecutivo de Mattel Electronics e inversionistas que se convertirían en INTV Corporation. El desarrollo de los juegos comenzó en 1978 y continuó hasta 1990 cuando se interrumpió la Intellivisión.</plot>
	</category>
	<category>
		<label>Microsoft</label>
		<thumb>GvEBNa9.jpg</thumb>
		<banner>LKtTlLs.jpg</banner>
		<fanart>ykZdRMI.jpg</fanart>
		<logo>wWhdq7D.png</logo>
		<trailer>sforhbLiwLA</trailer>
		<plot>Microsoft Corporation (abreviado como MS) es una empresa multinacional estadounidense con sede en Redmond, Washington. Desarrolla, fabrica, licencia, apoya y vende software de computadora, electrónica de consumo, computadoras personales y servicios. Sus productos de software más conocidos son la línea de sistemas operativos Microsoft Windows, la suite Microsoft Office y los navegadores web Internet Explorer y Edge. Sus productos de hardware de banderas son las consolas de videojuegos Xbox y la gama de Microsoft Surface de equipos personales de pantalla táctil.[CR]En juegos clásicos, Microsoft era conocido por el MSX.  El significado exacto de la abreviatura "MSX" sigue siendo objeto de debate. En ese momento, la mayoría de la gente parecía estar de acuerdo en que significaba "MicroSoft eXtended", refiriéndose al "Microsoft eXtended BASIC" integrado (MSX-BASIC), específicamente adaptado por Microsoft para el sistema MSX.</plot>
	</category>
	<category>
		<label>Neo Geo</label>
		<thumb>3zfe25L.jpg</thumb>
		<banner>dzhGDLm.jpg</banner>
		<fanart>TMP2YTu.jpg</fanart>
		<logo>EOj2JKD.png</logo>
		<trailer>uCT5Q49O_x8</trailer>
		<plot>Neo Geo es una familia de hardware de videojuegos desarrollado por SNK. En el mercado de 1990 a 2004, la marca se originó con el lanzamiento de un sistema de arcade, el Neo Geo MVS y su contraparte de la consola casera, el Neo Geo AES. Tanto el sistema arcade como la consola eran poderosos por el momento y el AES permite una perfecta compatibilidad de juegos lanzados para el MVS.  El alto precio tanto para la consola AES como para sus juegos le impidió competir directamente con sus contemporáneos, el Sega Genesis, Super NES, y TurboGrafx-16. Sin embargo, la arcada MVS tuvo mucho éxito en las tiendas de Japón y Norteamérica.</plot>
	</category>
	<category>
		<label>NEC</label>
		<thumb>FH9F5NM.jpg</thumb>
		<banner>MrClwR0.jpg</banner>
		<fanart>8vnsy4B.jpg</fanart>
		<logo>zPWFfSr.png</logo>
		<trailer>jJ5drA5Q3cU</trailer>
		<plot>NEC Corporation es una empresa multinacional japonesa, desarrollada en Minato, Tokyo, Japón. También ha sido el mayor proveedor de PC de Japón desde los años ochenta. La compañía fue conocida como la empresa Nippon Electric Company, antes de remarcarse en 1983 como sólo NEC.[CR]Tecnología con licencia NEC de Hudson Soft, un fabricante de videojuegos, para crear una consola de videojuegos llamada PC-Engine (lanzado más tarde en 1989 como el TurboGrafx-16 en el mercado norteamericano). Su sucesor, el PC-FX, fue lanzado en Japón en 1994. Mientras que el PC-Engine logró un considerable seguimiento, Se ha dicho que NEC ejerció una influencia mucho más fuerte en la industria de los videojuegos a través de su papel como fabricante líder de semiconductores que a través de sus productos directos de videojuegos.</plot>
	</category>
	<category>
		<label>Panasonic</label>
		<thumb>wjaOOx1.jpg</thumb>
		<banner>pUDWDiG.jpg</banner>
		<fanart>Ha5SB6m.png</fanart>
		<logo>Sn0gqWr.png</logo>
		<trailer>tkqWvuM41-0</trailer>
		<plot>Panasonic Corporation, anteriormente conocida como Matsushita Electric Industrial Co., es una corporación electrónica multinacional japonesa acaecida en Kadoma, Osaka, Japón.[CR]Panasonic también es conocida por producir el primer modelo de la consola 3DO en 1993, y otras rendiciones del hardware fueron lanzadas en 1994 por GoldStar (ahora LG Corp) y en 1995 por Sanyo.[CR]A pesar de un lanzamiento altamente promovido (incluyendo el nombre de revistas Time de 1993 Producto del Año) y una serie de tecnologías de vanguardia, El alto precio de 3DOs y un mercado de consolas superversaturadas impidieron que el sistema alcanzara un éxito comparable a los veteranos competidores Sega y Nintendo. Como resultado, se interrumpió a finales de 1996, tres años después de su lanzamiento inicial.</plot>
	</category>
	<category>
		<label>Philips</label>
		<thumb>qDTYYTY.jpg</thumb>
		<banner>uHi2dyq.jpg</banner>
		<fanart>Ggvg9jW.png</fanart>
		<logo>IUvoYAD.png</logo>
		<trailer>9ZIbnZuqUuo</trailer>
		<plot>Philips es una empresa holandesa de tecnología especializada en Ámsterdam que actualmente se dedica a la atención sanitaria. Fue fundada en Eindhoven en 1891, por Gerard Philips y su padre Frederik. Antiguamente fue uno de los conglomerados electrónicos más grandes del mundo.[CR]En 1991-1992, Philips junto con su filial Magnavox, lanzó el CD Philips CD-i, un reproductor de CD combinado y una consola de videojuegos en casa. Se vendió un millón de unidades y se interrumpió en 1998 después de que la comunidad de juegos lo criticara duramente.</plot>
	</category>
	<category>
		<label>Sega</label>
		<thumb>Tyyx2SW.jpg</thumb>
		<banner>t8yGCvx.jpg</banner>
		<fanart>5mzkFL7.jpg</fanart>
		<logo>QJ2hpYO.png</logo>
		<trailer>XnJDGKeTjkU</trailer>
		<plot>Sega Games Co. originalmente abreviado para los Juegos de Servicio y oficialmente diseñado como SEGA, es un desarrollador multinacional japonés de videojuegos y editor encarnado en Tokyo, Japón, con oficinas en todo el mundo. Sega desarrolló y fabricó numerosas consolas de videojuegos domésticos entre 1983 y 2001, pero después de las pérdidas financieras en su consola de Dreamcast, la empresa se reestructuró para centrarse en proporcionar software como desarrollador de terceros. Sega sigue siendo el productor de arcada más proliferado del mundo, con más de 500 juegos en más de 70 franquicias en más de 20 diferentes tableros de sistemas arcade desde 1981.[CR]Sega también es conocida por publicar varios millones de franquicias de juegos que venden varios millones, en particular Sonic the Hedgehog, la Guerra Total y Yakuza.[CR]Con la introducción de la Sega Génesis en América del Norte en 1989, Sega of America lanzó una campaña anti-Nintendo para llevar el impulso a la nueva generación de juegos, con su eslogan Génesis hace lo que Nintendont.  Cuando Nintendo lanzó su Sistema de Super Nintendo en Norteamérica en agosto de 1991, Sega cambió su eslogan por Bienvenida al siguiente nivel.</plot>
	</category>
	<category>
		<label>Sinclair</label>
		<thumb>jT9C9IB.jpg</thumb>
		<banner>V3h7ERI.jpg</banner>
		<fanart>rYw84u3.jpg</fanart>
		<logo>Gr3fu8O.png</logo>
		<trailer>esAZ4h3liDg</trailer>
		<plot>Sinclair Research Ltd es una empresa electrónica de consumo británica fundada por Clive Sinclair en Cambridge. En 1980, Clive Sinclair entró en el mercado de la informática doméstica con el ZX80, en ese momento el ordenador personal más barato a la venta en el Reino Unido. En 1982 se lanzó el ZX Spectrum, convirtiéndose en el ordenador más vendido del Reino Unido y compitiendo agresivamente contra Commodore y Amstrad.</plot>
	</category>
	<category>
		<label>Sony</label>
		<thumb>2efo9bF.jpg</thumb>
		<banner>JBrH8vO.jpg</banner>
		<fanart>ElpKwEj.jpg</fanart>
		<logo>j9aS8iA.png</logo>
		<trailer>wYEz7t3UbB4</trailer>
		<plot>Sony Corporation es una corporación multinacional japonesa de conglomerados heredados en Tokyo.  Su negocio diversificado incluye electrónica de consumo y profesional, juegos de azar, entretenimiento y servicios financieros.  La empresa es uno de los fabricantes líderes de productos electrónicos para el consumidor y los mercados profesionales.[CR]Sony Computer Entercate es más conocida por producir la popular línea de consolas PlayStation. La línea surgió de una asociación fallida con Nintendo. Originalmente, Nintendo solicitó que Sony desarrollara un complemento para su consola que jugara a Compact Discs. En 1991 Sony anunció el complemento, así como una consola dedicada conocida como "Play Station". Sin embargo, un desacuerdo sobre las licencias de software para la consola hizo que la asociación cayera. A continuación, Sony continuó el proyecto de forma independiente.</plot>
	</category>
	<category>
		<label>Translations</label>
		<thumb>LcTsxRp.jpg</thumb>
		<banner>q89E8MQ.jpg</banner>
		<fanart>WoguURw.jpg</fanart>
		<logo>JPK7hvX.png</logo>
		<trailer/>
		<plot>En los videojuegos, una traducción de los fanáticos es una traducción no oficial de un videojuego hecho por los aficionados.[CR]La práctica de la traducción del ventilador creció con el aumento de la emulación de la consola de videojuegos a finales de 1990.  Una comunidad de personas desarrolladas que estaban interesadas en volver a jugar y modificar los juegos que jugaron en su juventud. Los conocimientos y herramientas de esta comunidad les permitieron trabajar con traductores para localizar títulos de videojuegos que nunca habían estado disponibles fuera de su país de origen original.[CR]Las traducciones de los videojuegos a la consola de videojuegos normalmente se realizan modificando un solo binario del juego.</plot>
	</category>	
	<category>
		<label>Port</label>
		<thumb>2aaK9Du.jpg</thumb>
		<banner>JUkjU2j.jpg</banner>
		<fanart>FWb2KjC.jpg</fanart>
		<logo>mfRe4t1.png</logo>
		<trailer>_UAajimt4dE</trailer>
		<plot>La portación es también el término utilizado cuando un videojuego diseñado para funcionar en una plataforma, ya sea un arcade, consola de videojuegos, o ordenador personal, se convierte en una plataforma diferente. Los puertos de videojuegos anteriores a menudo no eran verdaderos puertos, sino más bien versiones reelaboradas de los juegos. Sin embargo, muchos videojuegos del siglo XXI se desarrollan utilizando software (a menudo en C++) que puede producir código para una o más consolas, así como para un PC sin necesidad de exportación real (en lugar de confiar en la exportación común de bibliotecas individuales de componentes).</plot>
	</category>
	<category>
		<label>Favorites</label>
		<thumb>7ZCxVj4.jpg</thumb>
		<banner>cMi8AWY.jpg</banner>
		<fanart>G5PYNPY.jpg</fanart>
		<logo>CSH9UpX.png</logo>
		<trailer>NUx66ZEDjnQ</trailer>
		<plot>Lo mejor de lo mejor.[CR]Estas son colecciones de Favoritos.</plot>
	</category>
	<category>
		<label>default</label>
		<thumb>fYMsybe.jpg</thumb>
		<banner>pc540fV.jpg</banner>
		<fanart>G5PYNPY.jpg</fanart>
		<logo>nQfTbZq.png</logo>
		<plot/>
		<trailer/>
	</category>
</categories>
