<?xml version="1.0" encoding="utf-8"?>
<categories>
	<category>
		<label>Una Lista Grande</label>
		<thumb>ZT476ke.jpg</thumb>
		<banner>Kf6uAVi.jpg</banner>
		<fanart>G5PYNPY.jpg</fanart>
		<logo>fXwVSN6.png</logo>
		<trailer>EFhii04Piww</trailer>
		<plot>Lista de todos los juegos</plot>
	</category>
	<category>
		<label>Alfabetico</label>
		<thumb>hBTkkbb.jpg</thumb>
		<banner>Wh5sej5.jpg</banner>
		<fanart>G5PYNPY.jpg</fanart>
		<logo>rwczZwE.png</logo>
		<trailer>EFhii04Piww</trailer>
		<plot>Juegos listados por primera letra del título</plot>
	</category>
	<category>
		<label>Agrupar por Generos</label>
		<thumb>dL13gg6.jpg</thumb>
		<banner>LnX0GVk.jpg</banner>
		<fanart>G5PYNPY.jpg</fanart>
		<logo>455nVkc.png</logo>
		<trailer>EFhii04Piww</trailer>
		<plot>Juegos enumerados por género</plot>
	</category>
	<category>
		<label>Agrupar por Fecha</label>
		<thumb>Ip0bAWe.jpg</thumb>
		<banner>eDjzb88.jpg</banner>
		<fanart>G5PYNPY.jpg</fanart>
		<logo>IMCevpi.png</logo>
		<trailer>EFhii04Piww</trailer>
		<plot>Juegos enumerados por año</plot>
	</category>
	<category>
		<label>Agrupar por Jugadores</label>
		<thumb>weZqC8Q.jpg</thumb>
		<banner>KF3SEwm.jpg</banner>
		<fanart>G5PYNPY.jpg</fanart>
		<logo>LoK1XhT.png</logo>
		<trailer>EFhii04Piww</trailer>
		<plot>Partidas enumeradas por número de jugadores</plot>
	</category>
	<category>
		<label>Agrupar por Estudio</label>
		<thumb>PoQYeoL.jpg</thumb>
		<banner>6gv3rmV.jpg</banner>
		<fanart>G5PYNPY.jpg</fanart>
		<logo>qBjr6ip.png</logo>
		<trailer>EFhii04Piww</trailer>
		<plot>Juegos enumerados por estudio de producción</plot>
	</category>
	<category>
		<label>Agrupar por Etiqueta</label>
		<thumb>sGRorAi.jpg</thumb>
		<banner>VZ6a1iF.jpg</banner>
		<fanart>G5PYNPY.jpg</fanart>
		<logo>GASZPAS.png</logo>
		<trailer>EFhii04Piww</trailer>
		<plot>Juegos enumerados por etiqueta en el título del juego</plot>
	</category>
	<category>
		<label>Agrupar por Grupos Personalizados</label>
		<thumb>yzczo2u.jpg</thumb>
		<banner>JcOf9ym.jpg</banner>
		<fanart>G5PYNPY.jpg</fanart>
		<logo>Z4Ptsmv.png</logo>
		<trailer>EFhii04Piww</trailer>
		<plot>Juegos enumerados por grupos personalizados</plot>
	</category>
	<category>
		<label>default</label>
		<thumb>fYMsybe.jpg</thumb>
		<banner>pc540fV.jpg</banner>
		<fanart>G5PYNPY.jpg</fanart>
		<logo>c3MyKNx.png</logo>
		<plot/>
		<trailer>EFhii04Piww</trailer>
	</category>
</categories>
