<?xml version="1.0" encoding="utf-8"?>
<categories>
	<category>
		<label>Arcade</label>
		<thumb>66YzGnK.jpg</thumb>
		<banner>rfCYCbf.jpg</banner>
		<fanart>G5PYNPY.jpg</fanart>
		<logo>Auk2SQD.png</logo>
		<trailer>7NXIgj9CUQ8</trailer>
		<plot>Un juego de arcade o de moneda es una máquina de entretenimiento operada por monedas, instalada típicamente en negocios públicos como restaurantes, bares y salas de entretenimiento. La mayoría de los juegos de arcade son videojuegos, máquinas de pinball, juegos electromecánicos, juegos de canje o mercancías.[CR]La era clásica o dorada de los videojuegos arcade fue la época en que los videojuegos arcade entraron en la cultura pop y se convirtieron en una fuerza cultural dominante. El período de tiempo exacto es disputado, pero los momentos clave incluyen la liberación de Space Invaders en 1978 y los Asteroides basados en vectores en 1979—momentos que se hicieron posibles por el aumento de potencia y la disminución del coste de la tecnología informática. Esto llevó al ascenso tanto de los videojuegos como de los videojuegos en otros medios de comunicación, como canciones, dibujos animados y películas como 1982s TRON. Otros juegos icónicos de esta era incluyen Centipede, Defender, Donkey Kong y Pac-Man.</plot>
	</category>
	<category>
		<label>1st Person</label>
		<thumb>L38sFZu.jpg</thumb>
		<banner>wDyMq9m.jpg</banner>
		<fanart>G5PYNPY.jpg</fanart>
		<logo>T0AbSPu.png</logo>
		<trailer>7NXIgj9CUQ8</trailer>
		<plot>En los videojuegos, la primera persona se refiere a una perspectiva gráfica renderizada desde el punto de vista del personaje de los reproductores. En muchos casos, este puede ser el punto de vista desde la piscina de un vehículo. Muchos géneros diferentes han hecho uso de las perspectivas de la primera persona, desde juegos de aventuras hasta simuladores de vuelo. El género más notable para hacer uso de este dispositivo es el disparador de primera persona, en el que la perspectiva gráfica tiene un fuerte impacto en el juego.</plot>
	</category>
		<category>
		<label>2D</label>
		<thumb>s5dVmDD.jpg</thumb>
		<banner>0DQNtfS.jpg</banner>
		<fanart>G5PYNPY.jpg</fanart>
		<logo>H25wTCi.png</logo>
		<trailer>7NXIgj9CUQ8</trailer>
		<plot>2D, o dos dimensiones, es el concepto de que todo está en un solo plano de existencia. Un ser dentro de un plano bidimensional sólo puede moverse a lo largo del eje X horizontal y el eje Y vertical. El eje Z, que define la profundidad, se considera nulo. Un ejemplo clásico de gráficos y juegos en dos dimensiones es Super Mario Bros, una plataforma de desplazamiento lateral en la que el jugador se limita al movimiento izquierdo, derecha, arriba y abajo. El juego popularizó una escuela de diseño de juegos que influyó en su género durante generaciones.</plot>
	</category>
	<category>
		<label>2.5D</label>
		<thumb>U5G2wEv.jpg</thumb>
		<banner>5iyfPzH.jpg</banner>
		<fanart>G5PYNPY.jpg</fanart>
		<logo>rS4CCgj.png</logo>
		<trailer>7NXIgj9CUQ8</trailer>
		<plot>Hoy en día, el término 2.5D se utiliza principalmente para describir juegos que combinan tanto gráficos poligonales en 3D modernos como juegos tradicionales en 2D. Por ejemplo, un juego de plataformas o de lucha que utiliza modelos 3D, pero con una perspectiva fija de los lados. Sin embargo, puede utilizarse 2.5D para describir cualquier juego que combine tanto técnicas 2D como 3D.[CR]El término 2. La D también se ha utilizado para describir los primeros tiradores que utilizan sprites 2D en lugar de modelos 3D, como el diámetro y Duke Nukem 3D. Normalmente se refiere al motor utilizado para fabricarlos. Desde que la perspectiva 3D fue falsificada debido a limitaciones con la tecnología de la época.</plot>
	</category>
	<category>
		<label>3D</label>
		<thumb>EJ1Qvju.jpg</thumb>
		<banner>s20LkuL.jpg</banner>
		<fanart>G5PYNPY.jpg</fanart>
		<logo>aFti68p.png</logo>
		<trailer>7NXIgj9CUQ8</trailer>
		<plot>La adición de 3D al juego ha sido uno de los mayores cambios de paraísos desde la concepción de la industria. La adición de un avión Z ha cambiado los gráficos y a su vez la forma en que los juegos se juegan en cada juego que lo utiliza. Como la mayoría de los cambios importantes, los primeros juegos que lo destacan fueron considerados revolucionarios y se extendieron desde allí.[CR]Los gráficos de polígono 3D aparecieron por primera vez en arcadas y computadoras durante los años ochenta, antes de entrar en consolas en los años 1990. Mientras que los polígonos 3D se habían usado anteriormente para juegos de arcade, como Winning Run (1988) y Hard Drivin (1989), El primer éxito de ream para gráficos 3D fue Segas revolucionario a principios de los 90 éxitos de arcade como Virtua Racing (1992), Virtua Fighter (1993), y Daytona USA (1993). Poco después, 3D ganó atención en consolas con el lanzamiento en 1994 de Sega Saturn y Sony PlayStation, ambos enfatizaron 3D como puntos de venta. El siguiente avance llegó en 1996, cuando el Nintendo 64 lanzó con Super Mario 64, que dio a los jugadores una nueva manera de experimentar Mario y nuevos controles que lo apoyaron, hizo posible el revolucionario controlador analógico de Nintendos.</plot>
	</category>
	<category>
		<label>3rd Person</label>
		<thumb>WFP0vAh.jpg</thumb>
		<banner>jCkA0M3.jpg</banner>
		<fanart>G5PYNPY.jpg</fanart>
		<logo>b2adfxY.png</logo>
		<trailer>7NXIgj9CUQ8</trailer>
		<plot>La tercera persona es una perspectiva en la que el jugador puede ver visiblemente el cuerpo del personaje controlado. Esto se ve en la mayoría de los tiradores de terceros y juegos de aventura. La mayoría de las veces se refiere a un punto de vista detrás del personaje del jugador.[CR]La perspectiva de terceros te pone en control directo de un personaje que puedes ver frente a ti. Tercero, en gramática se denomina él, ella o ella. Esto significa que usted no es directamente la persona que está controlando. Usted no controla sus pensamientos o lo que mira (la perspectiva de la primera persona, la tuya, te da un mejor control sobre ponerte en el cuerpo de otra persona, incluso si, en un sentido gramática, no cuenta realmente como primero).</plot>
	</category>
	<category>
		<label>Action</label>
		<thumb>hufaBxF.jpg</thumb>
		<banner>YUXExpk.jpg</banner>
		<fanart>G5PYNPY.jpg</fanart>
		<logo>7lVMV5T.png</logo>
		<trailer>7NXIgj9CUQ8</trailer>
		<plot>Los juegos de acción enfatizan los desafíos físicos que requieren coordinación y habilidad motriz para superar. Se centran alrededor del jugador, que tiene el control de la mayor parte de la acción. La mayoría de los primeros videojuegos fueron considerados juegos de acción; hoy en día sigue siendo un gran género que abarca todos los juegos que implican desafíos físicos.[CR]Los juegos de acción están clasificados por muchos subgéneros. Los juegos de plataforma y los juegos de lucha se encuentran entre los subgéneros más conocidos, mientras que los juegos de tiro se convirtieron y siguen siendo uno de los géneros dominantes en los videojuegos desde 1990. Los juegos de acción generalmente implican elementos de juego de twitch.</plot>
	</category>
	<category>
		<label>Adventure</label>
		<thumb>YmKGSRA.jpg</thumb>
		<banner>U5CHSSg.jpg</banner>
		<fanart>G5PYNPY.jpg</fanart>
		<logo>bGdUYEA.png</logo>
		<trailer>7NXIgj9CUQ8</trailer>
		<plot>Un juego de aventura es un videojuego en el que el jugador asume el papel de un protagonista en una historia interactiva impulsada por la exploración y la resolución de rompecabezas.  Los géneros se centran en la historia permite que se extraiga fuertemente de otros medios de comunicación narrativos, literatura y cine, que abarcan una amplia variedad de géneros literarios. Muchos juegos de aventura (texto y gráfico) están diseñados para un solo jugador, ya que este énfasis en la historia y el personaje dificulta el diseño multijugador.</plot>
	</category>
	<category>
		<label>Interactive Fiction</label>
		<thumb>Hmhadbu.jpg</thumb>
		<banner>zl2ozYG.jpg</banner>
		<fanart>G5PYNPY.jpg</fanart>
		<logo>u571RZq.png</logo>
		<trailer>7NXIgj9CUQ8</trailer>
		<plot>Un juego de Ficción Interactiva es un videojuego en el que el jugador asume el papel de un protagonista en una historia interactiva impulsada por la exploración y la resolución de rompecabezas.  Los géneros se centran en la historia permite que se extraiga fuertemente de otros medios de comunicación narrativos, literatura y cine, que abarcan una amplia variedad de géneros literarios. Muchos juegos Interactivos de Ficción (texto y gráfico) están diseñados para un solo jugador, ya que este énfasis en la historia y el personaje dificulta el diseño multijugador.</plot>
	</category>
	<category>
		<label>Text-Based</label>
		<thumb>4fLC66o.jpg</thumb>
		<banner>JTV7LAK.jpg</banner>
		<fanart>G5PYNPY.jpg</fanart>
		<logo>POTgR0l.png</logo>
		<trailer>7NXIgj9CUQ8</trailer>
		<plot>Un juego de Aventura de Texto es un videojuego en el que el jugador asume el papel de un protagonista en una historia interactiva impulsada por la exploración y la resolución de rompecabezas.  Los géneros se centran en la historia permite que se extraiga fuertemente de otros medios de comunicación narrativos, literatura y cine, que abarcan una amplia variedad de géneros literarios. Muchos juegos de aventura (texto y gráfico) están diseñados para un solo jugador, ya que este énfasis en la historia y el personaje dificulta el diseño multijugador.</plot>
	</category>
	<category>
		<label>Adventure - Text only</label>
		<thumb>4fLC66o.jpg</thumb>
		<banner>JTV7LAK.jpg</banner>
		<fanart>G5PYNPY.jpg</fanart>
		<logo>POTgR0l.png</logo>
		<trailer>7NXIgj9CUQ8</trailer>
		<plot>Un juego de Aventura de Texto es un videojuego en el que el jugador asume el papel de un protagonista en una historia interactiva impulsada por la exploración y la resolución de rompecabezas.  Los géneros se centran en la historia permite que se extraiga fuertemente de otros medios de comunicación narrativos, literatura y cine, que abarcan una amplia variedad de géneros literarios. Muchos juegos de aventura (texto y gráfico) están diseñados para un solo jugador, ya que este énfasis en la historia y el personaje dificulta el diseño multijugador.</plot>
	</category>
	<category>
		<label>Adventure - Graphic</label>
		<thumb>wQyDQ4d.jpg</thumb>
		<banner>sHJ2Tno.jpg</banner>
		<fanart>G5PYNPY.jpg</fanart>
		<logo>xKp090C.png</logo>
		<trailer>7NXIgj9CUQ8</trailer>
		<plot>Un juego de Aventura Gráfica es un videojuego en el que el jugador asume el papel de un protagonista en una historia interactiva impulsada por la exploración y la resolución de rompecabezas.  Los géneros se centran en la historia permite que se extraiga fuertemente de otros medios de comunicación narrativos, literatura y cine, que abarcan una amplia variedad de géneros literarios. Muchos juegos de aventura (texto y gráfico) están diseñados para un solo jugador, ya que este énfasis en la historia y el personaje dificulta el diseño multijugador.</plot>
	</category>
	<category>
		<label>Adventure - Graphic(Hi-Res)</label>
		<thumb>wQyDQ4d.jpg</thumb>
		<banner>sHJ2Tno.jpg</banner>
		<fanart>G5PYNPY.jpg</fanart>
		<logo>xKp090C.png</logo>
		<trailer>7NXIgj9CUQ8</trailer>
		<plot>Un juego de Aventura Gráfica es un videojuego en el que el jugador asume el papel de un protagonista en una historia interactiva impulsada por la exploración y la resolución de rompecabezas.  Los géneros se centran en la historia permite que se extraiga fuertemente de otros medios de comunicación narrativos, literatura y cine, que abarcan una amplia variedad de géneros literarios. Muchos juegos de aventura (texto y gráfico) están diseñados para un solo jugador, ya que este énfasis en la historia y el personaje dificulta el diseño multijugador.</plot>
	</category>
	<category>
		<label>Fantasy</label>
		<thumb>m8ZaHH8.jpg</thumb>
		<banner>uegC5ny.jpg</banner>
		<fanart>G5PYNPY.jpg</fanart>
		<logo>bRa5bDH.png</logo>
		<trailer>7NXIgj9CUQ8</trailer>
		<plot>Un juego de fantasía es un videojuego en el que el jugador asume el papel de un protagonista en una historia interactiva impulsada por la exploración y la resolución de rompecabezas.  Los géneros se centran en la historia permite que se extraiga fuertemente de otros medios de comunicación narrativos, literatura y cine, que abarcan una amplia variedad de géneros literarios. Many fantasy games (text and graphic) are designed for a single player, since this emphasis on story and character makes multi-player design difficult.</plot>
	</category>	
	<category>
		<label>Ball and Paddle</label>
		<thumb>dO7DvZz.jpg</thumb>
		<banner>OhmVBME.jpg</banner>
		<fanart>G5PYNPY.jpg</fanart>
		<logo>JwtcJd2.png</logo>
		<trailer>7NXIgj9CUQ8</trailer>
		<plot>Los juegos de balón y Paleta son variantes de uno de los primeros videojuegos de arcade, Pong. Es típicamente un juego de deportes de tenis de mesa con gráficos simples en dos dimensiones.</plot>
	</category>
	<category>
		<label>Beat Em Up</label>
		<thumb>srZBugA.jpg</thumb>
		<banner>fI14GTp.jpg</banner>
		<fanart>G5PYNPY.jpg</fanart>
		<logo>9PQcaVW.png</logo>
		<trailer>7NXIgj9CUQ8</trailer>
		<plot>Beat em up (también conocido como brawler) es un género de videojuego con combate de mano a mano entre el protagonista y un número improbable de oponentes. Los batidos tradicionales tienen lugar en niveles de desplazamiento bidimensional (2D) aunque algunos juegos posteriores presentan entornos tridimensionales (3D) más abiertos con un número aún mayor de enemigos. Estos juegos son notables por su simple juego, una fuente de aclamación crítica y burla. El juego cooperativo de dos jugadores y varios personajes son también marcas del género. La mayoría de estos juegos tienen lugar en entornos urbanos y presentan parcelas de lucha contra el crimen y venganza, aunque algunos juegos pueden emplear temas históricos, de ciencia ficción o de fantasía.</plot>
	</category>
	<category>
		<label>Beat-Em-Up</label>
		<thumb>srZBugA.jpg</thumb>
		<banner>fI14GTp.jpg</banner>
		<fanart>G5PYNPY.jpg</fanart>
		<logo>9PQcaVW.png</logo>
		<trailer>7NXIgj9CUQ8</trailer>
		<plot>Beat em up (también conocido como brawler) es un género de videojuego con combate de mano a mano entre el protagonista y un número improbable de oponentes. Los batidos tradicionales tienen lugar en niveles de desplazamiento bidimensional (2D) aunque algunos juegos posteriores presentan entornos tridimensionales (3D) más abiertos con un número aún mayor de enemigos. Estos juegos son notables por su simple juego, una fuente de aclamación crítica y burla. El juego cooperativo de dos jugadores y varios personajes son también marcas del género. La mayoría de estos juegos tienen lugar en entornos urbanos y presentan parcelas de lucha contra el crimen y venganza, aunque algunos juegos pueden emplear temas históricos, de ciencia ficción o de fantasía.</plot>
	</category>	
	<category>
		<label>Biking</label>
		<thumb>c1IHh6O.jpg</thumb>
		<banner>R1wPO9L.jpg</banner>
		<fanart>G5PYNPY.jpg</fanart>
		<logo>t5VJY2q.png</logo>
		<trailer>7NXIgj9CUQ8</trailer>
		<plot>Subgénero de juegos deportivos centrados en el ciclismo</plot>
	</category>
	<category>
		<label>Board Game</label>
		<thumb>AP8lJVm.jpg</thumb>
		<banner>9Co2hbd.jpg</banner>
		<fanart>G5PYNPY.jpg</fanart>
		<logo>A3W7ABT.png</logo>
		<trailer>7NXIgj9CUQ8</trailer>
		<plot>Un juego de mesa es un tipo de juego de mesa que involucra contadores o piezas movidas o colocadas en una superficie o tablero premarcados según un conjunto de reglas. Los videojuegos de tableros o tableros suelen tener equivalentes al juego de mesa.  Algunos juegos se basan en una estrategia pura, pero muchos contienen un elemento de azar; y otros son puramente casuales, sin ningún elemento de habilidad.</plot>
	</category>
	<category>
		<label>Board Games</label>
		<thumb>AP8lJVm.jpg</thumb>
		<banner>9Co2hbd.jpg</banner>
		<fanart>G5PYNPY.jpg</fanart>
		<logo>A3W7ABT.png</logo>
		<trailer>7NXIgj9CUQ8</trailer>
		<plot>Un juego de mesa es un tipo de juego de mesa que involucra contadores o piezas movidas o colocadas en una superficie o tablero premarcados según un conjunto de reglas. Los videojuegos de tableros o tableros suelen tener equivalentes al juego de mesa.  Algunos juegos se basan en una estrategia pura, pero muchos contienen un elemento de azar; y otros son puramente casuales, sin ningún elemento de habilidad.</plot>
	</category>
	<category>
		<label>Breakout</label>
		<thumb>jwqddE1.jpg</thumb>
		<banner>2jiyDbe.jpg</banner>
		<fanart>G5PYNPY.jpg</fanart>
		<logo>Qf89f3c.png</logo>
		<trailer>7NXIgj9CUQ8</trailer>
		<plot>Los juegos al estilo de ruptura se caracterizan por la adición de una pared de bloques u objetos similares en los que el jugador ficha con el balón como parte del juego principal.  Desde el lanzamiento del juego original de arcada de Breakout en 1976, y Super Breakout dos años más tarde. ha habido muchos clones y actualizaciones para varias plataformas. La profusión y la notabilidad de tales juegos han sido suficientes para que también sean mencionados por algunos como un género por derecho propio.</plot>
	</category>
	<category>
		<label>Card Battle</label>
		<thumb>NbSk93C.jpg</thumb>
		<banner>NsdTFUv.jpg</banner>
		<fanart>G5PYNPY.jpg</fanart>
		<logo>Hi6HABc.png</logo>
		<trailer>7NXIgj9CUQ8</trailer>
		<plot>Un juego de batalla de cartas, también llamado un juego de cartas de intercambio, es un tipo de juego de cartas de estrategia creado en 1993 y que consiste en conjuntos de cartas especialmente diseñados para jugar. Estas tarjetas utilizan obras de arte o imágenes propias para embellecer la tarjeta. Los juegos de batalla de cartas pueden representar cualquier cosa desde géneros de fantasía o ciencia ficción, temas de terror, dibujos animados o incluso deportes. El texto del juego también está en la tarjeta y se utiliza para interactuar con las otras tarjetas de una manera estratégica. Los juegos son comúnmente jugados entre dos jugadores, aunque los formatos multijugador también son comunes. En los videojuegos, los gles centrales del juego se resuelven normalmente a través del dibujo y el juego de cartas.</plot>
	</category>
	<category>
		<label>Casino</label>
		<thumb>XJfFEKH.jpg</thumb>
		<banner>PL3YLJF.jpg</banner>
		<fanart>G5PYNPY.jpg</fanart>
		<logo>TWex80R.png</logo>
		<trailer>7NXIgj9CUQ8</trailer>
		<plot>Casino, o simulación de apuestas, los videojuegos imitan el casino oficial / juegos de azar estilo vegetal.</plot>
	</category>
	<category>
		<label>Reels</label>
		<thumb>iCQ8Ije.jpg</thumb>
		<banner>FdfLicF.jpg</banner>
		<fanart>G5PYNPY.jpg</fanart>
		<logo>BOBAs6b.png</logo>
		<trailer>7NXIgj9CUQ8</trailer>
		<plot>Los videojuegos eslovacos Reel imitan los juegos oficiales de tragamonedas estilo casino de azar.</plot>
	</category>
	<category>
		<label>Slots</label>
		<thumb>iCQ8Ije.jpg</thumb>
		<banner>FdfLicF.jpg</banner>
		<fanart>G5PYNPY.jpg</fanart>
		<logo>BOBAs6b.png</logo>
		<trailer>7NXIgj9CUQ8</trailer>
		<plot>Los videojuegos eslovacos Reel imitan los juegos oficiales de tragamonedas estilo casino de azar.</plot>
	</category>
	<category>
		<label>Card</label>
		<thumb>XJfFEKH.jpg</thumb>
		<banner>PL3YLJF.jpg</banner>
		<fanart>G5PYNPY.jpg</fanart>
		<logo>TWex80R.png</logo>
		<trailer>7NXIgj9CUQ8</trailer>
		<plot>Tarjeta o simulación de apuestas, los videojuegos imitan el casino oficial / los juegos de azar estilo vegetal.</plot>
	</category>
	<category>
		<label>Classics</label>
		<thumb>lyzl7uL.jpg</thumb>
		<banner>0Zi90Ox.jpg</banner>
		<fanart>G5PYNPY.jpg</fanart>
		<logo>lL9ruFm.png</logo>
		<trailer>7NXIgj9CUQ8</trailer>
		<plot>La era clásica o dorada de los videojuegos de arcade fue la época en que los videojuegos de arcade entraron en la cultura pop y se convirtieron en una fuerza cultural dominante. El período de tiempo exacto es disputado, pero los momentos clave incluyen la liberación de Space Invaders en 1978 y los Asteroides basados en vectores en 1979—momentos que se hicieron posibles por el aumento de potencia y la disminución del coste de la tecnología informática. Esto llevó al ascenso tanto de los videojuegos como de los videojuegos en otros medios de comunicación, como canciones, dibujos animados y películas como 1982s TRON. Otros juegos icónicos de esta era incluyen Centipede, Defender, Donkey Kong y Pac-Man.</plot>
	</category>
	<category>
		<label>Climbing</label>
		<thumb>pO1uc7y.jpg</thumb>
		<banner>ZCO6tum.jpg</banner>
		<fanart>G5PYNPY.jpg</fanart>
		<logo>Cqj29DW.png</logo>
		<trailer>7NXIgj9CUQ8</trailer>
		<plot>Un precursor del género del juego de la plataforma, juegos de escalada como Crazy Climber fueron los primeros videojuegos que circulaban alrededor de la escalada, en concreto escalando edificios, antes de que Nintendos 1981 libere Donkey Kong.</plot>
	</category>
	<category>
		<label>Compilation</label>
		<thumb>FglGui6.jpg</thumb>
		<banner>D9Vp06K.jpg</banner>
		<fanart>G5PYNPY.jpg</fanart>
		<logo>PJPg6Mz.png</logo>
		<trailer>7NXIgj9CUQ8</trailer>
		<plot>Las compilaciones se refieren a los videojuegos que contienen más de un ordenador previamente liberado, un arcade, o un videojuego.  Esto incluye remake de videojuegos y multijugador.</plot>
	</category>
	<category>
		<label>Driving</label>
		<thumb>7EdNW1J.jpg</thumb>
		<banner>vVaPHmC.jpg</banner>
		<fanart>G5PYNPY.jpg</fanart>
		<logo>PJPg6Mz.png</logo>
		<trailer>7NXIgj9CUQ8</trailer>
		<plot>El género del videojuego de conducir es típicamente en la perspectiva de la primera persona o de terceros En la que el jugador participa en una competición de carreras con cualquier tipo de vehículos terrestres, acuáticos, aéreos o espaciales. Pueden estar basados en cualquier cosa, desde ligas de carreras del mundo real hasta escenarios totalmente fantásticos. En general, pueden distribuirse a lo largo de un espectro en cualquier lugar entre las simulaciones hardcore y los juegos de carreras arcade más simples. Los juegos de carreras también pueden pertenecer a la categoría de juegos deportivos.</plot>
	</category>
	<category>
		<label>Drop</label>
		<thumb>cbu4a52.jpg</thumb>
		<banner>PimxqK1.jpg</banner>
		<fanart>G5PYNPY.jpg</fanart>
		<logo>tBiE8tC.png</logo>
		<trailer>7NXIgj9CUQ8</trailer>
		<plot>Un juego de soltar es la extensión lógica del Tetris. En los juegos de soltar, el jugador suele manipular un conjunto de piezas que caen en un pozo. El objetivo es resolver un problema de empaquetamiento en tiempo real formando filas completas, que luego desaparecen y marcan puntos. El mal juego conduce a filas incompletas, causadas por arreglos ineficientes de azulejos.  Estas filas no desaparecen, dando al jugador progresivamente menos espacio y menos tiempo para jugar piezas posteriores.  El objetivo también es a menudo formar capas completas.</plot>
	</category>
	<category>
		<label>Toss</label>
		<thumb>GUEO5Ok.jpg</thumb>
		<banner>I5Y5F2O.jpg</banner>
		<fanart>G5PYNPY.jpg</fanart>
		<logo>S1q7CMc.png</logo>
		<trailer>7NXIgj9CUQ8</trailer>
		<plot>En los juegos de toss, el jugador controla un dispositivo que apunta y dispara bolas, burbujas u otros objetos en la pantalla. El color de los objetos disparados a menudo se genera aleatoriamente y se elige de los colores de forma currida en la pantalla. En muchos juegos de toss, después de cada pocos lanzamientos, la arena se encoge, dando al jugador progresivamente menos espacio y menos tiempo para jugar los lanzamientos posteriores. El número de disparos entre cada tosa está influenciado por el número de elementos restantes.  El objetivo del juego es despejar la arena con el área de juego restante.</plot>
	</category>	
	<category>
		<label>Educational</label>
		<thumb>AyW3kuN.jpg</thumb>
		<banner>f5RX2Zy.jpg</banner>
		<fanart>G5PYNPY.jpg</fanart>
		<logo>tGcAfQF.png</logo>
		<trailer>7NXIgj9CUQ8</trailer>
		<plot>Un videojuego educativo es un videojuego que proporciona un valor de aprendizaje o entrenamiento al jugador. Edutainment describe una fusión intencional de videojuegos y software educativo en un solo producto (y por lo tanto también podría incluir títulos más serios que a veces se describen en el software de aprendizaje para niños). En el sentido más estricto que se utiliza aquí, el término describe el software educativo que tiene que ver principalmente con el entretenimiento, pero tiende a educarse también y se vende en parte bajo el paraguas educativo. Normalmente, el software de este tipo no está estructurado hacia los planes de estudio y no involucra a asesores educativos</plot>
	</category>
	<category>
		<label>Fighter</label>
		<thumb>q4tJYeD.jpg</thumb>
		<banner>RNlI82s.jpg</banner>
		<fanart>G5PYNPY.jpg</fanart>
		<logo>FddboGL.png</logo>
		<trailer>7NXIgj9CUQ8</trailer>
		<plot>Un combate o vs juego es un género de videojuego en el que el jugador controla un personaje en pantalla y se compromete a combatir de cerca con un oponente, que puede ser una IA o controlada por otro jugador. Los combates de combate normalmente consisten en varias rondas y tienen lugar en una arena, mientras que cada personaje tiene habilidades diferentes, pero cada uno es relativamente viable para elegir. Los jugadores deben dominar técnicas como bloquear, contraatacar y encadenar ataques juntos en combos. A partir de principios de 1990, la mayoría de los juegos de lucha permitieron al jugador ejecutar ataques especiales al realizar combinaciones específicas de entrada. El género del juego de combate está relacionado con pero distinto de golpear a los enemigos, que involucran a un gran número de enemigos contra el jugador humano</plot>
	</category>
	<category>
		<label>Fighting</label>
		<thumb>xqSDNw9.jpg</thumb>
		<banner>Uhyisgm.jpg</banner>
		<fanart>G5PYNPY.jpg</fanart>
		<logo>me07Iaj.png</logo>
		<trailer>7NXIgj9CUQ8</trailer>
		<plot>Un combate o vs juego es un género de videojuego en el que el jugador controla un personaje en pantalla y se compromete a combatir de cerca con un oponente, que puede ser una IA o controlada por otro jugador. Los combates de combate normalmente consisten en varias rondas y tienen lugar en una arena, mientras que cada personaje tiene habilidades diferentes, pero cada uno es relativamente viable para elegir. Los jugadores deben dominar técnicas como bloquear, contraatacar y encadenar ataques juntos en combos. A partir de principios de 1990, la mayoría de los juegos de lucha permitieron al jugador ejecutar ataques especiales al realizar combinaciones específicas de entrada. El género del juego de combate está relacionado con pero distinto de golpear a los enemigos, que involucran a un gran número de enemigos contra el jugador humano.</plot>
	</category>
	<category>
		<label>Field</label>
		<thumb>jjMiAzy.jpg</thumb>
		<banner>dh4c0gz.jpg</banner>
		<fanart>G5PYNPY.jpg</fanart>
		<logo>5sIWcfL.png</logo>
		<trailer>7NXIgj9CUQ8</trailer>
		<plot>Los juegos de campo son típicamente juegos de tiro (o simplemente disparadores) en los que el entorno se muestra como una parte superior hacia abajo mirando el campo de juego.  El más famoso de los juegos de campo es Asteroids.</plot>
	</category>
	<category>
		<label>Walking</label>
		<thumb>LvyIyW0.jpg</thumb>
		<banner>bit7oAd.jpg</banner>
		<fanart>G5PYNPY.jpg</fanart>
		<logo>ryDH3N4.png</logo>
		<trailer>7NXIgj9CUQ8</trailer>
		<plot>Los juegos de caminar son típicamente juegos de tiro (o simplemente tiradores) en los que el entorno se muestra como una parte superior hacia abajo mirando el campo de juego, y el personaje controlado está caminando.  El más famoso de los juegos de senderismo es Total Carnage.</plot>
	</category>
	<category>
		<label>Gallery</label>
		<thumb>aZS3Q9S.jpg</thumb>
		<banner>aQJKtjy.jpg</banner>
		<fanart>G5PYNPY.jpg</fanart>
		<logo>hqEyQBy.png</logo>
		<trailer>7NXIgj9CUQ8</trailer>
		<plot>Los juegos de galería son típicamente juegos de tiro (o simplemente disparadores) en los que el entorno se muestra como una galería de disparos, mirando hacia el campo de juego.  El más famoso de los juegos de campo es Space Invaders.</plot>
	</category>
	<category>
		<label>Side Scroller</label>
		<thumb>oH4Wbri.jpg</thumb>
		<banner>vQuHMPm.jpg</banner>
		<fanart>G5PYNPY.jpg</fanart>
		<logo>F3F2nLB.png</logo>
		<trailer>7NXIgj9CUQ8</trailer>
		<plot>Un juego de desplazamiento lateral o un desplazamiento lateral es un videojuego en el que la acción del juego se ve desde un ángulo de visión lateral de la cámara, y los caracteres en pantalla generalmente sólo pueden moverse hacia la izquierda o la derecha. Estos juegos hacen uso de la tecnología de visualización de computadoras de desplazamiento. El movimiento de los gráficos de una sola pantalla o de una sola pantalla a los gráficos de desplazamiento, durante la era dorada de los juegos de arcade de vídeo y durante las consolas de tercera generación, resultaría ser un salto pivotal en el diseño de juegos.</plot>
	</category>
	<category>
		<label>Side-Scrolling</label>
		<thumb>oH4Wbri.jpg</thumb>
		<banner>vQuHMPm.jpg</banner>
		<fanart>G5PYNPY.jpg</fanart>
		<logo>F3F2nLB.png</logo>
		<trailer>7NXIgj9CUQ8</trailer>
		<plot>Un juego de desplazamiento lateral o un desplazamiento lateral es un videojuego en el que la acción del juego se ve desde un ángulo de visión lateral de la cámara, y los caracteres en pantalla generalmente sólo pueden moverse hacia la izquierda o la derecha. Estos juegos hacen uso de la tecnología de visualización de computadoras de desplazamiento. El movimiento de los gráficos de una sola pantalla o de una sola pantalla a los gráficos de desplazamiento, durante la era dorada de los juegos de arcade de vídeo y durante las consolas de tercera generación, resultaría ser un salto pivotal en el diseño de juegos.</plot>
	</category>	
	<category>
		<label>Scrolling</label>
		<thumb>oH4Wbri.jpg</thumb>
		<banner>vQuHMPm.jpg</banner>
		<fanart>G5PYNPY.jpg</fanart>
		<logo>F3F2nLB.png</logo>
		<trailer>7NXIgj9CUQ8</trailer>
		<plot>Un juego de desplazamiento lateral o un desplazamiento lateral es un videojuego en el que la acción del juego se ve desde un ángulo de visión lateral de la cámara, y los caracteres en pantalla generalmente sólo pueden moverse hacia la izquierda o la derecha. Estos juegos hacen uso de la tecnología de visualización de computadoras de desplazamiento. El movimiento de los gráficos de una sola pantalla o de una sola pantalla a los gráficos de desplazamiento, durante la era dorada de los juegos de arcade de vídeo y durante las consolas de tercera generación, resultaría ser un salto pivotal en el diseño de juegos.</plot>
	</category>	
	<category>
		<label>Flying Vertical</label>
		<thumb>KMDbiRx.jpg</thumb>
		<banner>RnAB62i.jpg</banner>
		<fanart>G5PYNPY.jpg</fanart>
		<logo>vA3hLRS.png</logo>
		<trailer>7NXIgj9CUQ8</trailer>
		<plot>Un videojuego volador vertical o volador vertical es un videojuego en el que el jugador ve el campo de juego principalmente desde una perspectiva ascendente, mientras el fondo se desplaza desde la parte superior de la pantalla hasta la parte inferior (o, menos a menudo, de abajo a arriba) para crear la ilusión que el vehículo se está moviendo en el mundo del juego.[CR]El continuo desplazamiento vertical está diseñado para sugerir la apariencia de movimiento constante hacia delante en el vuelo.</plot>
	</category>
	<category>
		<label>Vertical</label>
		<thumb>KMDbiRx.jpg</thumb>
		<banner>RnAB62i.jpg</banner>
		<fanart>G5PYNPY.jpg</fanart>
		<logo>vA3hLRS.png</logo>
		<trailer>7NXIgj9CUQ8</trailer>
		<plot>Un videojuego verticalmente desplegable o desplazador vertical es un videojuego en el que el jugador ve el campo de juego principalmente desde una perspectiva ascendente, mientras el fondo se desplaza desde la parte superior de la pantalla hasta la parte inferior (o, menos a menudo, de abajo hacia arriba) para crear la ilusión que el personaje del jugador se está moviendo en el mundo del juego.[CR]El continuo desplazamiento vertical está diseñado para sugerir la apariencia de movimiento constante hacia delante, como la conducción. El juego marca un ritmo para el juego, y el jugador debe reaccionar rápidamente al cambiante entorno.</plot>
	</category>
	<category>
		<label>Versus</label>
		<thumb>FfONiAh.jpg</thumb>
		<banner>XZCD2px.jpg</banner>
		<fanart>G5PYNPY.jpg</fanart>
		<logo>7RDEShi.png</logo>
		<trailer>7NXIgj9CUQ8</trailer>
		<plot>Un combate o vs juego es un género de videojuego en el que el jugador controla un personaje en pantalla y se compromete a combatir de cerca con un oponente, que puede ser una IA o controlada por otro jugador. Los combates de combate normalmente consisten en varias rondas y tienen lugar en una arena, mientras que cada personaje tiene habilidades diferentes, pero cada uno es relativamente viable para elegir. Los jugadores deben dominar técnicas como bloquear, contraatacar y encadenar ataques juntos en combos. A partir de principios de 1990, la mayoría de los juegos de lucha permitieron al jugador ejecutar ataques especiales al realizar combinaciones específicas de entrada. El género del juego de combate está relacionado con pero distinto de golpear a los enemigos, que involucran a un gran número de enemigos contra el jugador humano.</plot>
	</category>
	<category>
		<label>Versus Co-op</label>
		<thumb>E2jxl3h.jpg</thumb>
		<banner>QKU0Kqx.jpg</banner>
		<fanart>G5PYNPY.jpg</fanart>
		<logo>d1pzikh.png</logo>
		<trailer>7NXIgj9CUQ8</trailer>
		<plot>Un juego de Co-Op VS, o Co-Op fighter, es un género de videojuego en el que el jugador y un socio, por lo general controlado por otro jugador, participa en combate cercano con uno o más oponentes.</plot>
	</category>
	<category>
		<label>Fighting 2D</label>
		<thumb>jYupy63.jpg</thumb>
		<banner>2GjIboT.jpg</banner>
		<fanart>G5PYNPY.jpg</fanart>
		<logo>8DgX0af.png</logo>
		<trailer>7NXIgj9CUQ8</trailer>
		<plot>Los juegos de combate 2D suelen mostrar combatientes en pantalla desde una vista lateral, y jugar en gran medida dentro de un plano de movimiento 2D.   Los juegos normalmente limitan los caracteres a moverse de izquierda a derecha y saltos, aunque algunos juegos como Fatal Fury: King of Fighters permiten a los jugadores moverse entre aviones paralelos de movimiento.</plot>
	</category>
	<category>
		<label>Fighting 3D</label>
		<thumb>REhrMJO.jpg</thumb>
		<banner>jFGii40.jpg</banner>
		<fanart>G5PYNPY.jpg</fanart>
		<logo>me07Iaj.png</logo>
		<trailer>7NXIgj9CUQ8</trailer>
		<plot>Sega AM2s primer intento en el género de lucha 3D fue el juego arcade de 1993 Burning Rival, pero ganó fama con el lanzamiento de Virtua Fighter para la misma plataforma el mismo año. Fue el primer juego de lucha con gráficos de poligón 3D y un punto de vista que zoomitió y giró con la acción. A pesar de los gráficos, los jugadores estaban confinados al movimiento hacia atrás y adelante como se vio en otros juegos de combate. Con sólo tres botones, era más fácil aprender que Street Fighter y Mortal Kombat, teniendo seis y cinco botones respectivamente. Para cuando el juego fue lanzado para el Sega Saturno en Japón, el juego y el sistema se vendían casi uno a uno.</plot>
	</category>
	<category>
		<label>Flying</label>
		<thumb>ZKtLW72.jpg</thumb>
		<banner>to8ug2p.jpg</banner>
		<fanart>G5PYNPY.jpg</fanart>
		<logo>MZWXvqI.png</logo>
		<trailer>7NXIgj9CUQ8</trailer>
		<plot>Los juegos voladores son un género en el que un personaje abandona el suelo y se impulsa a sí mismo en el aire. Muchas cosas pueden tomar vuelo, ya sea un avión o un hombre con un jet pack.[CR]Los videojuegos permiten a los personajes volar de maneras que no son posibles en el mundo real. Las botas de cohete son un ejemplo popular de ello. Los personajes tienen rocas atadas a cada una de sus piernas y maniobras para volar. Esto no sería posible en el mundo real, ya que sería muy difícil hacer que ambos cohetes fueran propulsados exactamente en la misma dirección. Además, sería imposible volar en cualquier lugar excepto arriba.[CR]Por último, cuando los desarrolladores carecen de inspiración sobre cómo hacer que un personaje vuele, lo hacen volar. Esto puede ser gracias a la magia o superpotencias como Superman. A veces, los personajes pueden volar gracias a algún tipo de objeto espantoso como un sombrero con alas en él.</plot>
	</category>
	<category>
		<label>Flight Simulator</label>
		<thumb>ZKtLW72.jpg</thumb>
		<banner>to8ug2p.jpg</banner>
		<fanart>G5PYNPY.jpg</fanart>
		<logo>MZWXvqI.png</logo>
		<trailer>7NXIgj9CUQ8</trailer>
		<plot>Los juegos voladores son un género en el que un personaje abandona el suelo y se impulsa a sí mismo en el aire. Muchas cosas pueden tomar vuelo, ya sea un avión o un hombre con un jet pack.[CR]Los videojuegos permiten a los personajes volar de maneras que no son posibles en el mundo real. Las botas de cohete son un ejemplo popular de ello. Los personajes tienen rocas atadas a cada una de sus piernas y maniobras para volar. Esto no sería posible en el mundo real, ya que sería muy difícil hacer que ambos cohetes fueran propulsados exactamente en la misma dirección. Además, sería imposible volar en cualquier lugar excepto arriba.[CR]Por último, cuando los desarrolladores carecen de inspiración sobre cómo hacer que un personaje vuele, lo hacen volar. Esto puede ser gracias a la magia o superpotencias como Superman. A veces, los personajes pueden volar gracias a algún tipo de objeto espantoso como un sombrero con alas en él.</plot>
	</category>
	<category>
		<label>Game Show</label>
		<thumb>sxG6tkQ.jpg</thumb>
		<banner>ukx8XLe.jpg</banner>
		<fanart>G5PYNPY.jpg</fanart>
		<logo>BEta3lB.png</logo>
		<trailer>7NXIgj9CUQ8</trailer>
		<plot>Videojuegos basados en programas de televisión (Jeopardy, ruleta de Fortune, etc.)</plot>
	</category>
	<category>
		<label>Gun</label>
		<thumb>9grl7rw.jpg</thumb>
		<banner>uWJbnFx.jpg</banner>
		<fanart>G5PYNPY.jpg</fanart>
		<logo>31d5BsM.png</logo>
		<trailer>7NXIgj9CUQ8</trailer>
		<plot>Disparador de pistola ligero, también llamado juego de armas ligeras o simplemente juego de pistola es un género de videojuego disparador en el que el elemento principal de diseño apunta y dispara con un controlador en forma de arma. Disparadores de armas ligeras se desplazan alrededor de los objetivos de disparo protagonista, ya sean antagonistas o objetos inanimados. Los disparadores de armas ligeras generalmente presentan acciones o temas de horror y algunos pueden emplear un tratamiento humorístico y paródico de estas convenciones. Estos juegos típicamente cuentan con movimiento de raíles, lo que le da al jugador el control sólo sobre la puntuación.  Los protagonistas otros movimientos están determinados por el juego. Los juegos con este dispositivo a veces se llaman raíles, aunque este término también se aplica a juegos de otros géneros en los que el movimiento del riel es una característica. Algunos, particularmente tarde, los juegos dan al jugador un mayor control sobre el movimiento y en otros el protagonista no se mueve en absoluto.</plot>
	</category>
	<category>
		<label>Mahjong</label>
		<thumb>1z2CA0y.jpg</thumb>
		<banner>BUdzm3h.jpg</banner>
		<fanart>G5PYNPY.jpg</fanart>
		<logo>G11n417.png</logo>
		<trailer>7NXIgj9CUQ8</trailer>
		<plot>Un videojuego Mahjong es un videojuego basado en el clásico juego chino mahjong. Sin embargo, muchos videojuegos mahjong, especialmente entre los liberados en territorios occidentales, no representan el juego real del mahjong sino más bien el solitario mahjong.</plot>
	</category>
	<category>
		<label>Adult</label>
		<thumb>fiGYT6r.jpg</thumb>
		<banner>TTPP07F.jpg</banner>
		<fanart>G5PYNPY.jpg</fanart>
		<logo>pG7CE95.png</logo>
		<trailer>7NXIgj9CUQ8</trailer>
		<plot>Los juegos maduros o adultos se refieren a juegos destinados a jugadores mayores de 18 años, y a menudo contienen lenguaje explícito y desnudo.</plot>
	</category>
	<category>
		<label>Mature</label>
		<thumb>fiGYT6r.jpg</thumb>
		<banner>TTPP07F.jpg</banner>
		<fanart>G5PYNPY.jpg</fanart>
		<logo>pG7CE95.png</logo>
		<trailer>7NXIgj9CUQ8</trailer>
		<plot>Los juegos maduros o adultos se refieren a juegos destinados a jugadores mayores de 18 años, y a menudo contienen lenguaje explícito y desnudo.</plot>
	</category>
	<category>
		<label>Maze</label>
		<thumb>iWdpGXL.jpg</thumb>
		<banner>aJwrxVN.jpg</banner>
		<fanart>G5PYNPY.jpg</fanart>
		<logo>CTMaZ6d.png</logo>
		<trailer>7NXIgj9CUQ8</trailer>
		<plot>El juego Maze es una descripción del género del videojuego utilizada por los periodistas durante la década de 1980 para describir cualquier juego en el que todo el campo de juego fuera un laberinto. Se requiere una acción rápida del jugador para escapar de monstruos, superar a un oponente o navegar por el laberinto dentro de un límite de tiempo.</plot>
	</category>
	<category>
		<label>Mini-Games</label>
		<thumb>BGK8dW7.jpg</thumb>
		<banner>9reA4eL.jpg</banner>
		<fanart>G5PYNPY.jpg</fanart>
		<logo>IQimgfN.png</logo>
		<trailer>7NXIgj9CUQ8</trailer>
		<plot>Un minijuego (también deletreado o mini juego, a veces llamado un subjuego o microjuego) es un videojuego corto a menudo contenido en otro videojuego, y a veces en software de aplicación o en una exhibición de cualquier tipo de hardware. Un minijuego contiene diferentes elementos de juego que el principal, puede ser opcional, y es a menudo más pequeño o más simplista que el juego en el que se contiene. Los minijuegos también se ofrecen por separado para promocionar el juego principal.</plot>
	</category>
	<category>
		<label>Miscellaneous</label>
		<thumb>9tRZQ6f.jpg</thumb>
		<banner>pzF2XiO.jpg</banner>
		<fanart>G5PYNPY.jpg</fanart>
		<logo>wOItoBv.png</logo>
		<trailer>7NXIgj9CUQ8</trailer>
		<plot>El género de juego multidisciplinar se refiere a un juego que de otro modo no encaja bien en ningún otro género específico.</plot>
	</category>
	<category>
		<label>Motorcycle</label>
		<thumb>ttwqTJk.jpg</thumb>
		<banner>NS3dBfw.jpg</banner>
		<fanart>G5PYNPY.jpg</fanart>
		<logo>D0ARtVR.png</logo>
		<trailer>7NXIgj9CUQ8</trailer>
		<plot>El género del videojuego de motocicletas es típicamente en la perspectiva de la primera persona o de terceros, en la que el jugador participa en una competición de carreras de motocicletas. Pueden estar basados en cualquier cosa, desde ligas de carreras del mundo real hasta escenarios totalmente fantásticos. En general, pueden distribuirse a lo largo de un espectro en cualquier lugar entre las simulaciones hardcore y los juegos de carreras arcade más simples.</plot>
	</category>
	<category>
		<label>Party</label>
		<thumb>iW3PyDk.jpg</thumb>
		<banner>Nhy2VzO.jpg</banner>
		<fanart>G5PYNPY.jpg</fanart>
		<logo>g9XqiQv.png</logo>
		<trailer>7NXIgj9CUQ8</trailer>
		<plot>Los juegos de fiesta son juegos que se juegan en las reuniones sociales para facilitar la interacción y proporcionar entretenimiento y recreación. Diferentes juegos generarán diferentes atmósferas, por lo que el juego de fiesta sólo puede ser concebido como un actor de hielo, o el único propósito para o estructura de la fiesta. Como tal, los juegos de partido tienen como objetivo incluir a jugadores de varios niveles de habilidad y la eliminación de jugadores es rara.  Los juegos de fiesta están pensados para ser jugados socialmente, y están diseñados para ser fáciles de aprender para los nuevos jugadores.</plot>
	</category>
	<category>
		<label>Pinball</label>
		<thumb>8Gc8ict.jpg</thumb>
		<banner>6j5LPnm.jpg</banner>
		<fanart>G5PYNPY.jpg</fanart>
		<logo>J9PItRo.png</logo>
		<trailer>7NXIgj9CUQ8</trailer>
		<plot>El Pinball es un tipo de juego de arcade, en que puntos son anotados por un jugador manipulando una o más bolas en un campo de juego dentro de un armario llamado una mesa de pinball (o máquina de pinball). El objetivo principal del juego es anotar tantos puntos como sea posible. Muchas máquinas de pinball modernas incluyen una línea de historia donde el jugador debe completar ciertos objetivos de una manera determinada para completar la historia, generalmente ganando puntajes altos para diferentes métodos de completar el juego. Se ganan puntos cuando la bola golpea a diferentes blancos en el campo de juego. Un drenaje está situado en la parte inferior del campo de juego, parcialmente protegido por murciélagos de plástico controlados por el jugador llamados flippers. Un juego termina después de que todas las bolas caigan en el drain un cierto número de veces.</plot>
	</category>
	<category>
		<label>Run Jump</label>
		<thumb>8fB2AlY.jpg</thumb>
		<banner>HXlxpyv.jpg</banner>
		<fanart>G5PYNPY.jpg</fanart>
		<logo>wYRSKcE.png</logo>
		<trailer>7NXIgj9CUQ8</trailer>
		<plot>Ejecutar juegos de salto, también conocidos como plataformas, involucra a jugadores saltando y escalando, evitando obstáculos y peleando enemigos para navegar por su entorno. Los ajustes a menudo se extienden verticalmente con un montón de terreno desigual al que el jugador puede saltar o caer. Los personajes en los juegos de plataforma suelen ser capaces de saltar muchas veces su propia altura y a los jugadores se les ofrece cierto control sobre su movimiento en el aire, así como sobre la altura y distancia de sus saltos.[CR]Donkey Kong fue una de las plataformas más antiguas y más conocidas; la prensa americana de juegos clasificó el término del juego de escalada en ese momento. Super Mario Bros. fue uno de los juegos más vendidos de todos los tiempos; se vendieron más de 40 millones de copias (excluyendo las ventas de Game Boy Advance y Virtual Console). ¡Saltando Flash! fue la primera plataforma de consola que incorporó gráficos 3D.</plot>
	</category>
	<category>
		<label>Platform</label>
		<thumb>8fB2AlY.jpg</thumb>
		<banner>HXlxpyv.jpg</banner>
		<fanart>G5PYNPY.jpg</fanart>
		<logo>wYRSKcE.png</logo>
		<trailer>7NXIgj9CUQ8</trailer>
		<plot>Los juegos de plataforma (o plataformas) involucran a jugadores saltando y escalando, evitando obstáculos y peleando contra enemigos para navegar por su entorno. Los ajustes a menudo se extienden verticalmente con un montón de terreno desigual al que el jugador puede saltar o caer. Los personajes en los juegos de plataforma suelen ser capaces de saltar muchas veces su propia altura y a los jugadores se les ofrece cierto control sobre su movimiento en el aire, así como sobre la altura y distancia de sus saltos.[CR]Donkey Kong fue una de las plataformas más antiguas y más conocidas; la prensa americana de juegos clasificó el término del juego de escalada en ese momento. Super Mario Bros. fue uno de los juegos más vendidos de todos los tiempos; se vendieron más de 40 millones de copias (excluyendo las ventas de Game Boy Advance y Virtual Console). ¡Saltando Flash! fue la primera plataforma de consola que incorporó gráficos 3D.</plot>
	</category>
	<category>
		<label>Platformer</label>
		<thumb>8fB2AlY.jpg</thumb>
		<banner>HXlxpyv.jpg</banner>
		<fanart>G5PYNPY.jpg</fanart>
		<logo>wYRSKcE.png</logo>
		<trailer>7NXIgj9CUQ8</trailer>
		<plot>Los juegos de plataforma (o plataformas) involucran a jugadores saltando y escalando, evitando obstáculos y peleando contra enemigos para navegar por su entorno. Los ajustes a menudo se extienden verticalmente con un montón de terreno desigual al que el jugador puede saltar o caer. Los personajes en los juegos de plataforma suelen ser capaces de saltar muchas veces su propia altura y a los jugadores se les ofrece cierto control sobre su movimiento en el aire, así como sobre la altura y distancia de sus saltos.[CR]Donkey Kong fue una de las plataformas más antiguas y más conocidas; la prensa americana de juegos clasificó el término del juego de escalada en ese momento. Super Mario Bros. fue uno de los juegos más vendidos de todos los tiempos; se vendieron más de 40 millones de copias (excluyendo las ventas de Game Boy Advance y Virtual Console). ¡Saltando Flash! fue la primera plataforma de consola que incorporó gráficos 3D.</plot>
	</category>
	<category>
		<label>Puzzle</label>
		<thumb>2XTzf25.jpg</thumb>
		<banner>hiur3pP.jpg</banner>
		<fanart>G5PYNPY.jpg</fanart>
		<logo>9p0P24E.png</logo>
		<trailer>7NXIgj9CUQ8</trailer>
		<plot>Los videojuegos rompecabezas constituyen un género único de videojuegos que enfatizan la resolución de rompecabezas. Los tipos de rompecabezas pueden probar muchas habilidades de resolución de problemas, incluyendo lógica, reconocimiento de patrones, resolución de secuencias y terminación de palabras. El jugador puede tener tiempo ilimitado o intentos infinitos de resolver un rompecabezas, o puede haber un límite de tiempo, o puzzles más sencillos pueden dificultarse al tener que completarlos en tiempo real, como en Tetris.[CR]El género es muy amplio, pero generalmente involucra cierto nivel de abstracción y puede hacer uso de colores, formas, números, físicos o reglas complejas. A diferencia de muchos videojuegos, los juegos de video de rompecabezas suelen desafiar a un reproductor al limitar el número de intentos. En juegos de video rompecabezas, a menudo los jugadores intentan obtener una puntuación alta o progresar al siguiente nivel, llegando a un lugar determinado o alcanzando algunos criterios.</plot>
	</category>
	<category>
		<label>Quiz</label>
		<thumb>PSayMhS.jpg</thumb>
		<banner>YBEq3LW.jpg</banner>
		<fanart>G5PYNPY.jpg</fanart>
		<logo>OdVOos3.png</logo>
		<trailer>7NXIgj9CUQ8</trailer>
		<plot>Un juego de prueba es una forma de deporte mental, en el que los jugadores (como individuos o en equipos) intentan responder correctamente a las preguntas. Es un juego para poner a prueba tus conocimientos sobre un tema determinado. En algunos países, un cuestionario también es una breve evaluación utilizada en la educación y campos similares para medir el crecimiento del conocimiento, las capacidades y las habilidades.[CR]Los umbrales generalmente se anotan en puntos y muchos cuestionarios están diseñados para determinar un ganador de un grupo de participantes - generalmente el participante con la puntuación más alta.</plot>
	</category>
	<category>
		<label>Racing</label>
		<thumb>QDwMnyR.jpg</thumb>
		<banner>2QB45FX.jpg</banner>
		<fanart>G5PYNPY.jpg</fanart>
		<logo>stwObFa.png</logo>
		<trailer>7NXIgj9CUQ8</trailer>
		<plot>El género de videojuegos de carreras es el género de los videojuegos, ya sea en la primera persona o en la perspectiva de terceros En la que el jugador participa en una competición de carreras con cualquier tipo de vehículos terrestres, acuáticos, aéreos o espaciales. Pueden estar basados en cualquier cosa, desde ligas de carreras del mundo real hasta escenarios totalmente fantásticos. En general, pueden distribuirse a lo largo de un espectro en cualquier lugar entre las simulaciones hardcore y los juegos de carreras arcade más simples.</plot>
	</category>
	<category>
		<label>Rhythm</label>
		<thumb>u5zF0En.jpg</thumb>
		<banner>jYQt8NZ.jpg</banner>
		<fanart>G5PYNPY.jpg</fanart>
		<logo>pJkDOzH.png</logo>
		<trailer>7NXIgj9CUQ8</trailer>
		<plot>El juego de ritmo o la acción del ritmo es un género de videojuego de acción de temática musical que desafía la sensación de ritmo de un jugador. Los juegos del género suelen centrarse en la danza o en la interpretación simulada de instrumentos musicales, y exigir a los jugadores que presionen los botones en una secuencia dictada en la pantalla. Hacerlo hace que los juegos protagonistas o avatar bailen o jueguen correctamente su instrumento, lo que aumenta la puntuación de los jugadores. Muchos juegos de ritmo incluyen modos multijugador en los que los jugadores compiten por la puntuación más alta o cooperan como un conjunto musical simulado. Mientras que los pads de control convencionales pueden utilizarse como dispositivos de entrada, los juegos de ritmo suelen tener controladores de juegos novedosos que emulan instrumentos musicales. Algunos juegos basados en la danza requieren que el jugador baile físicamente en una esterilla, con pads sensibles a la presión actuando como el dispositivo de entrada.</plot>
	</category>
	<category>
		<label>Role-Playing</label>
		<thumb>ZYImPOC.jpg</thumb>
		<banner>87DMcu8.jpg</banner>
		<fanart>G5PYNPY.jpg</fanart>
		<logo>GwmdGb5.png</logo>
		<trailer>7NXIgj9CUQ8</trailer>
		<plot>Un videojuego de rol (comúnmente llamado RPG) es un género de videojuego en el que el jugador controla las acciones de un personaje (o varios miembros del grupo) inmersos en un mundo bien definido. Muchos videojuegos de rol tienen orígenes en los juegos de rol de la tabla, tales como Mazmorras y Dragones, y utilizar gran parte de la misma terminología, ajustes y mecanismos de juego. Otras similitudes importantes con juegos de pluma y papel incluyen elementos narrativos y narrativos desarrollados, desarrollo de personajes jugadores, complejidad, así como repetibilidad e inmersión. El medio electrónico elimina la necesidad de un maestro de juego y aumenta la velocidad de combate. Los RPG han evolucionado, desde simples juegos de consola basados en texto hasta experiencias 3D enriquecidas visualmente.</plot>
	</category>
	<category>
		<label>RPG</label>
		<thumb>ZYImPOC.jpg</thumb>
		<banner>87DMcu8.jpg</banner>
		<fanart>G5PYNPY.jpg</fanart>
		<logo>GwmdGb5.png</logo>
		<trailer>7NXIgj9CUQ8</trailer>
		<plot>Un videojuego de rol (comúnmente llamado RPG) es un género de videojuego en el que el jugador controla las acciones de un personaje (o varios miembros del grupo) inmersos en un mundo bien definido. Muchos videojuegos de rol tienen orígenes en los juegos de rol de la tabla, tales como Mazmorras y Dragones, y utilizar gran parte de la misma terminología, ajustes y mecanismos de juego. Otras similitudes importantes con juegos de pluma y papel incluyen elementos narrativos y narrativos desarrollados, desarrollo de personajes jugadores, complejidad, así como repetibilidad e inmersión. El medio electrónico elimina la necesidad de un maestro de juego y aumenta la velocidad de combate. Los RPG han evolucionado, desde simples juegos de consola basados en texto hasta experiencias 3D enriquecidas visualmente.</plot>
	</category>
	<category>
		<label>Run and Gun</label>
		<thumb>qUBAkaS.jpg</thumb>
		<banner>eJK7Le3.jpg</banner>
		<fanart>G5PYNPY.jpg</fanart>
		<logo>KYBQXFc.png</logo>
		<trailer>7NXIgj9CUQ8</trailer>
		<plot>El género de carrera y cañón fue popularizado por Contra clásico de Konamis. Gunstar Heroes y Metal Slug también son los ejemplos más populares de este estilo. Los juegos de cañones y corridas laterales son un intento de casar juegos de plataforma con disparos hacia arriba, caracterizado por un enfoque mínimo en saltos de plataforma precisos y un gran énfasis en el disparo multidireccional. Estos juegos se llaman a veces tiradores de plataforma. Este género tiene fuertes raíces de arcade, y como tal, estos juegos son generalmente conocidos por ser muy difíciles y tener una progresión lineal de un juego.[CR]Hay juegos que tienen un alto grado de disparo pero que no caen en este subgénero. Mega Man, Metroid, Vectorman, Jazz Jackrabbit, Earthworm Jim y Turrican son plataformas con un gran foco en la acción y el disparo, pero a diferencia de Contra o Metal Slug, los elementos de salto de plataforma, así como la exploración y el back-tracking, todavía figuran de forma espectacular. Las pistolas y las corridas son generalmente muy puras, y aunque pueden tener secuencias vehiculares u otros cambios de estilo, se mantienen centradas en disparar a lo largo de todo el tiempo.</plot>
	</category>
	<category>
		<label>Shoot Em Up</label>
		<thumb>bJpWQ2l.jpg</thumb>
		<banner>eZVhc0S.jpg</banner>
		<fanart>G5PYNPY.jpg</fanart>
		<logo>Unal3Wz.png</logo>
		<trailer>7NXIgj9CUQ8</trailer>
		<plot>Los disparos son un subgénero específico de tiradores en los que el jugador puede moverse hacia arriba y hacia abajo e izquierda y derecha alrededor de la pantalla, típicamente disparando hacia delante.  Tirar em ups comparten juego común, pero a menudo son categorizados por punto de vista. Esto incluye tiradores fijos en pantallas fijas, como invasores espaciales y Galaxianos; tiroteos deslizantes que se desplazan principalmente en una sola dirección, como Xevious y Darus; tiroteadores de arriba abajo (a veces conocidos como disparadores de dos palos) donde los niveles son controlados desde un punto de vista superior, como el Bosconian y el Time Pilot; lanzadores ferroviarios en los que el movimiento del jugador es guiado automáticamente por un tren fijo de desplazamiento hacia delante, como Buck Rogers: Planeta del Zeroide y Space Harrier; y disparadores isométricos que utilizan una perspectiva isométrica, como Zaxxon y Viewpoint. Este género también incluye juegos de corridas y cañones que enfatizan una mayor maniobrabilidad o incluso saltos, como Thexder, Contra y Metal Slug.</plot>
	</category>
	<category>
		<label>Shoot-Em-Up</label>
		<thumb>bJpWQ2l.jpg</thumb>
		<banner>eZVhc0S.jpg</banner>
		<fanart>G5PYNPY.jpg</fanart>
		<logo>Unal3Wz.png</logo>
		<trailer>7NXIgj9CUQ8</trailer>
		<plot>Los disparos son un subgénero específico de tiradores en los que el jugador puede moverse hacia arriba y hacia abajo e izquierda y derecha alrededor de la pantalla, típicamente disparando hacia delante.  Tirar em ups comparten juego común, pero a menudo son categorizados por punto de vista. Esto incluye tiradores fijos en pantallas fijas, como invasores espaciales y Galaxianos; tiroteos deslizantes que se desplazan principalmente en una sola dirección, como Xevious y Darus; tiroteadores de arriba abajo (a veces conocidos como disparadores de dos palos) donde los niveles son controlados desde un punto de vista superior, como el Bosconian y el Time Pilot; lanzadores ferroviarios en los que el movimiento del jugador es guiado automáticamente por un tren fijo de desplazamiento hacia delante, como Buck Rogers: Planeta del Zeroide y Space Harrier; y disparadores isométricos que utilizan una perspectiva isométrica, como Zaxxon y Viewpoint. Este género también incluye juegos de corridas y cañones que enfatizan una mayor maniobrabilidad o incluso saltos, como Thexder, Contra y Metal Slug.</plot>
	</category>
	<category>
		<label>Shoot-'Em-Up</label>
		<thumb>bJpWQ2l.jpg</thumb>
		<banner>eZVhc0S.jpg</banner>
		<fanart>G5PYNPY.jpg</fanart>
		<logo>Unal3Wz.png</logo>
		<trailer>7NXIgj9CUQ8</trailer>
		<plot>Los disparos son un subgénero específico de tiradores en los que el jugador puede moverse hacia arriba y hacia abajo e izquierda y derecha alrededor de la pantalla, típicamente disparando hacia delante.  Tirar em ups comparten juego común, pero a menudo son categorizados por punto de vista. Esto incluye tiradores fijos en pantallas fijas, como invasores espaciales y Galaxianos; tiroteos deslizantes que se desplazan principalmente en una sola dirección, como Xevious y Darus; tiroteadores de arriba abajo (a veces conocidos como disparadores de dos palos) donde los niveles son controlados desde un punto de vista superior, como el Bosconian y el Time Pilot; lanzadores ferroviarios en los que el movimiento del jugador es guiado automáticamente por un tren fijo de desplazamiento hacia delante, como Buck Rogers: Planeta del Zeroide y Space Harrier; y disparadores isométricos que utilizan una perspectiva isométrica, como Zaxxon y Viewpoint. Este género también incluye juegos de corridas y cañones que enfatizan una mayor maniobrabilidad o incluso saltos, como Thexder, Contra y Metal Slug.</plot>
	</category>
	<category>
		<label>Shooter</label>
		<thumb>MuNRDRV.jpg</thumb>
		<banner>fIPnZ2k.jpg</banner>
		<fanart>G5PYNPY.jpg</fanart>
		<logo>RcfzH9e.png</logo>
		<trailer>7NXIgj9CUQ8</trailer>
		<plot>En los juegos de tiro (o simplemente tiradores), los jugadores utilizan armas a distancia para participar en la acción, que tiene lugar a distancia. La mayoría de los tiroteadores implican un juego violento; el arma letal se utiliza para dañar a los oponentes. Sin embargo, algunos tiradores, como Splatoon, tienen objetivos no violentos.[CR]Los tiradores, aparte de las clasificaciones de subgénero, pueden ser clasificados aún más por su perspectiva de juego. Los tiradores de primera persona se juegan dentro de la perspectiva de los protagonistas; a menudo incluyen una pantalla de cabecera que muestra información clave como la salud actual del protagonista. En los tiroteos de terceros, el cuerpo de los protagonistas se puede ver plenamente, el medio ambiente se hace a distancia. Algunos tiradores incorporan ambas perspectivas.</plot>
	</category>
	<category>
		<label>Rail Shooter</label>
		<thumb>CBj2o0W.jpg</thumb>
		<banner>VgtD9IR.jpg</banner>
		<fanart>G5PYNPY.jpg</fanart>
		<logo>zq6KcJq.png</logo>
		<trailer>7NXIgj9CUQ8</trailer>
		<plot>Los disparadores ferroviarios limitan al jugador a moverse por la pantalla mientras que el juego sigue una ruta específica.  Estos juegos a menudo presentan un punto de vista en la pantalla, con el que la acción se ve desde detrás del personaje del jugador, y se mueve a la pantalla, mientras que el jugador conserva el control sobre el esquivamiento.[CR]Ejemplos incluyen Space Harrier (1985), capitán Skyhawk (1990), Star Wars Rebel Assault (1993), Panzer Dragoon (1995), Star Fox 64 (1997), y Sin y Punishment (2000).</plot>
	</category>	
	<category>
		<label>Flying Horizontal</label>
		<thumb>t3ohJUD.jpg</thumb>
		<banner>apcVBnL.jpg</banner>
		<fanart>G5PYNPY.jpg</fanart>
		<logo>xDsctfC.png</logo>
		<trailer>7NXIgj9CUQ8</trailer>
		<plot>Un videojuego volador vertical o volador vertical es un videojuego en el que el jugador ve el campo de juego principalmente desde una perspectiva ascendente, mientras el fondo se desplaza desde la parte superior de la pantalla hasta la parte inferior (o, menos a menudo, de abajo a arriba) para crear la ilusión que el vehículo se está moviendo en el mundo del juego.[CR]El continuo desplazamiento vertical está diseñado para sugerir la apariencia de movimiento constante hacia delante en el vuelo.</plot>
	</category>
	<category>
		<label>Shooters Horizontal</label>
		<thumb>t3ohJUD.jpg</thumb>
		<banner>apcVBnL.jpg</banner>
		<fanart>G5PYNPY.jpg</fanart>
		<logo>xDsctfC.png</logo>
		<trailer>7NXIgj9CUQ8</trailer>
		<plot>En los juegos de tiro (o simplemente tiradores), los jugadores utilizan armas a distancia para participar en la acción, que tiene lugar a distancia. La mayoría de los tiroteadores implican un juego violento; el arma letal se utiliza para dañar a los oponentes. Sin embargo, algunos tiradores, como Splatoon, tienen objetivos no violentos.[CR]Los tiradores, aparte de las clasificaciones de subgénero, pueden ser clasificados aún más por su perspectiva de juego.</plot>
	</category>
	<category>
		<label>Horizontal Shooters</label>
		<thumb>t3ohJUD.jpg</thumb>
		<banner>apcVBnL.jpg</banner>
		<fanart>G5PYNPY.jpg</fanart>
		<logo>xDsctfC.png</logo>
		<trailer>7NXIgj9CUQ8</trailer>
		<plot>En los juegos de tiro (o simplemente tiradores), los jugadores utilizan armas a distancia para participar en la acción, que tiene lugar a distancia. La mayoría de los tiroteadores implican un juego violento; el arma letal se utiliza para dañar a los oponentes. Sin embargo, algunos tiradores, como Splatoon, tienen objetivos no violentos.[CR]Los tiradores, aparte de las clasificaciones de subgénero, pueden ser clasificados aún más por su perspectiva de juego.</plot>
	</category>	
	<category>
		<label>Shooters Vertical</label>
		<thumb>NKPMAHq.jpg</thumb>
		<banner>MkINbTv.jpg</banner>
		<fanart>G5PYNPY.jpg</fanart>
		<logo>04wJhXe.png</logo>
		<trailer>7NXIgj9CUQ8</trailer>
		<plot>En los juegos de tiro (o simplemente tiradores), los jugadores utilizan armas a distancia para participar en la acción, que tiene lugar a distancia. La mayoría de los tiroteadores implican un juego violento; el arma letal se utiliza para dañar a los oponentes. Sin embargo, algunos tiradores, como Splatoon, tienen objetivos no violentos.[CR]Los tiradores, aparte de las clasificaciones de subgénero, pueden ser clasificados aún más por su perspectiva de juego.</plot>
	</category>
	<category>
		<label>Vertical Shooters</label>
		<thumb>NKPMAHq.jpg</thumb>
		<banner>MkINbTv.jpg</banner>
		<fanart>G5PYNPY.jpg</fanart>
		<logo>04wJhXe.png</logo>
		<trailer>7NXIgj9CUQ8</trailer>
		<plot>En los juegos de tiro (o simplemente tiradores), los jugadores utilizan armas a distancia para participar en la acción, que tiene lugar a distancia. La mayoría de los tiroteadores implican un juego violento; el arma letal se utiliza para dañar a los oponentes. Sin embargo, algunos tiradores, como Splatoon, tienen objetivos no violentos.[CR]Los tiradores, aparte de las clasificaciones de subgénero, pueden ser clasificados aún más por su perspectiva de juego.</plot>
	</category>
	<category>
		<label>Simulation</label>
		<thumb>Hx1xvCQ.jpg</thumb>
		<banner>Nu0K6S0.jpg</banner>
		<fanart>G5PYNPY.jpg</fanart>
		<logo>1SEUOBf.png</logo>
		<trailer>7NXIgj9CUQ8</trailer>
		<plot>Un videojuego de simulación describe una súper categoría de videojuegos, generalmente diseñado para simular de cerca las actividades del mundo real.[CR]Un juego de simulación intenta copiar varias actividades de la vida real en forma de un juego para diversos fines, como el entrenamiento, análisis, o predicción. Normalmente no hay goles estrictamente definidos en el juego, con el jugador en su lugar permitido controlar a un personaje libremente.  Ejemplos conocidos son los juegos de guerra, los juegos de negocio y la simulación de los juegos de rol.[CR]De tres tipos básicos de ejercicios de estrategia, planificación y aprendizaje: juegos, simulaciones, y estudios de caso, se pueden considerar una serie de híbridos, incluyendo juegos de simulación que se utilizan como estudios de caso.</plot>
	</category>
	<category>
		<label>Sports</label>
		<thumb>wakflWN.jpg</thumb>
		<banner>DqhE8VX.jpg</banner>
		<fanart>G5PYNPY.jpg</fanart>
		<logo>8iAZfXx.png</logo>
		<trailer>7NXIgj9CUQ8</trailer>
		<plot>Algunos videojuegos simulan el juego de los deportes. La mayoría de los deportes han sido recreados por videojuegos, incluyendo deportes de equipo, atletismo y deportes extremos. Algunos juegos enfatizan la práctica del deporte (como la serie Madden NFL), mientras que otros enfatizan la estrategia y la organización (como Championship Manager). Algunos, como Arch Rivals, satirizan el deporte para efecto cómic. Este género ha sido popular a lo largo de la historia de los videojuegos, y es competitivo, al igual que los deportes del mundo real. Una serie de series de juegos presentan los nombres y características de los equipos y jugadores reales, y se actualizan anualmente para reflejar los cambios del mundo real.</plot>
	</category>
	<category>
		<label>Stealth</label>
		<thumb>i6mv97H.jpg</thumb>
		<banner>ZJAPgR5.jpg</banner>
		<fanart>G5PYNPY.jpg</fanart>
		<logo>3LxmL91.png</logo>
		<trailer>7NXIgj9CUQ8</trailer>
		<plot>Un juego encubierto es un tipo de videojuego en el que el reproductor utiliza principalmente sigilo para evitar o superar a los antagonistas. Los juegos en el género típicamente permiten que el jugador permanezca sin detectar ocultando, esquivando o usando disfraces. Algunos juegos permiten al jugador elegir entre una aproximación sigilosa o atacar directamente a los antagonistas, pero recompensando al jugador por un mayor uso del sigilo. El género ha empleado el espionaje, la lucha contra el terrorismo y los temas pícaros, con protagonistas que son agentes de fuerzas especiales, espías, ladrones, ninjas o asesinos. Algunos juegos también han combinado elementos de sigilo con otros géneros, como los primeros tiradores y plataformas.</plot>
	</category>
	<category>
		<label>Baseball</label>
		<thumb>OTqc9oe.jpg</thumb>
		<banner>MVyTOFl.jpg</banner>
		<fanart>G5PYNPY.jpg</fanart>
		<logo>Tj1kQwL.png</logo>
		<trailer>7NXIgj9CUQ8</trailer>
		<plot>Subgénero de juegos deportivos centrados en el béisbol</plot>
	</category>
	<category>
		<label>Basketball</label>
		<thumb>44G3RW8.jpg</thumb>
		<banner>CZq2f5g.jpg</banner>
		<fanart>G5PYNPY.jpg</fanart>
		<logo>535hCbR.png</logo>
		<trailer>7NXIgj9CUQ8</trailer>
		<plot>Subgénero de juegos deportivos centrados en el baloncesto</plot>
	</category>
	<category>
		<label>Billiards</label>
		<thumb>Km4uBUj.jpg</thumb>
		<banner>7J4sjhJ.jpg</banner>
		<fanart>G5PYNPY.jpg</fanart>
		<logo>pEKZB56.png</logo>
		<trailer>7NXIgj9CUQ8</trailer>
		<plot>Subgénero de juegos deportivos centrados en Billares o Snooker</plot>
	</category>
	<category>
		<label>Bowling</label>
		<thumb>cfhgiMs.jpg</thumb>
		<banner>v9it0b1.jpg</banner>
		<fanart>G5PYNPY.jpg</fanart>
		<logo>uapVeuc.png</logo>
		<trailer>7NXIgj9CUQ8</trailer>
		<plot>Subgénero de juegos deportivos centrados en los bolos</plot>
	</category>
	<category>
		<label>Boxing</label>
		<thumb>lxc4dLs.jpg</thumb>
		<banner>wTMMvZQ.jpg</banner>
		<fanart>G5PYNPY.jpg</fanart>
		<logo>khw7E9T.png</logo>
		<trailer>7NXIgj9CUQ8</trailer>
		<plot>Subgénero de juegos deportivos centrados en Boxeo</plot>
	</category>
	<category>
		<label>Cricket</label>
		<thumb>s3XR98T.jpg</thumb>
		<banner>0fAUPI8.jpg</banner>
		<fanart>G5PYNPY.jpg</fanart>
		<logo>ylY9Dil.png</logo>
		<trailer>7NXIgj9CUQ8</trailer>
		<plot>Subgénero de juegos deportivos centrados en Cricket</plot>
	</category>
	<category>
		<label>Fishing</label>
		<thumb>vV6SYUs.jpg</thumb>
		<banner>Kx6wPtP.jpg</banner>
		<fanart>G5PYNPY.jpg</fanart>
		<logo>rxz7gGn.png</logo>
		<trailer>7NXIgj9CUQ8</trailer>
		<plot>Subgénero de juegos deportivos centrados en la pesca</plot>
	</category>
	<category>
		<label>Football</label>
		<thumb>9aEXbYk.jpg</thumb>
		<banner>oqrdWKK.jpg</banner>
		<fanart>G5PYNPY.jpg</fanart>
		<logo>J1H6prH.png</logo>
		<trailer>7NXIgj9CUQ8</trailer>
		<plot>Subgénero de juegos deportivos centrados en el Fútbol Americano</plot>
	</category>
	<category>
		<label>Futuristic</label>
		<thumb>BTUb01s.jpg</thumb>
		<banner>0uhrqnv.jpg</banner>
		<fanart>G5PYNPY.jpg</fanart>
		<logo>gb9Iqwu.png</logo>
		<trailer>7NXIgj9CUQ8</trailer>
		<plot>Subgénero de juegos sci fi centrados en ajustes futuristas</plot>
	</category>
	<category>
		<label>Golf</label>
		<thumb>XSLqhvW.jpg</thumb>
		<banner>Z79IMPU.jpg</banner>
		<fanart>G5PYNPY.jpg</fanart>
		<logo>aUEWmc2.png</logo>
		<trailer>7NXIgj9CUQ8</trailer>
		<plot>Subgénero de juegos deportivos centrados en el golf</plot>
	</category>
	<category>
		<label>Handball</label>
		<thumb>CXPCCEr.jpg</thumb>
		<banner>aYsxT46.jpg</banner>
		<fanart>G5PYNPY.jpg</fanart>
		<logo>FszFVu9.png</logo>
		<trailer>7NXIgj9CUQ8</trailer>
		<plot>Subgénero de juegos deportivos centrados en el Balonmano</plot>
	</category>
	<category>
		<label>Hockey</label>
		<thumb>WYCUnvy.jpg</thumb>
		<banner>itin33m.jpg</banner>
		<fanart>G5PYNPY.jpg</fanart>
		<logo>6VTsg6Z.png</logo>
		<trailer>7NXIgj9CUQ8</trailer>
		<plot>Subgénero de juegos deportivos centrados en el Hockey</plot>
	</category>
	<category>
		<label>Horse Racing</label>
		<thumb>eugowCu.jpg</thumb>
		<banner>mVbSlCN.jpg</banner>
		<fanart>G5PYNPY.jpg</fanart>
		<logo>DTXpab5.png</logo>
		<trailer>7NXIgj9CUQ8</trailer>
		<plot>Subgénero de juegos deportivos centrados en las carreras de caballos</plot>
	</category>
	<category>
		<label>Hunting</label>
		<thumb>A7qFssV.jpg</thumb>
		<banner>UwMMKLt.jpg</banner>
		<fanart>G5PYNPY.jpg</fanart>
		<logo>nDLeYGU.png</logo>
		<trailer>7NXIgj9CUQ8</trailer>
		<plot>Subgénero de los juegos deportivos centrados en la caza</plot>
	</category>
	<category>
		<label>Olympic</label>
		<thumb>1Rd7XMj.jpg</thumb>
		<banner>dnBWdwT.jpg</banner>
		<fanart>G5PYNPY.jpg</fanart>
		<logo>cAhwpQz.png</logo>
		<trailer>7NXIgj9CUQ8</trailer>
		<plot>Subgénero de juegos deportivos centrados en los Juegos Olímpicos</plot>
	</category>
	<category>
		<label>Dart</label>
		<thumb>Km4uBUj.jpg</thumb>
		<banner>7J4sjhJ.jpg</banner>
		<fanart>G5PYNPY.jpg</fanart>
		<logo>pEKZB56.png</logo>
		<trailer>7NXIgj9CUQ8</trailer>
		<plot>Subgénero de juegos deportivos centrados en los dardos</plot>
	</category>
	<category>
		<label>Pool</label>
		<thumb>Km4uBUj.jpg</thumb>
		<banner>7J4sjhJ.jpg</banner>
		<fanart>G5PYNPY.jpg</fanart>
		<logo>pEKZB56.png</logo>
		<trailer>7NXIgj9CUQ8</trailer>
		<plot>Sub genre of sports games focusing on Pool or Snooker</plot>
	</category>
	<category>
		<label>Pool and Dart</label>
		<thumb>Km4uBUj.jpg</thumb>
		<banner>7J4sjhJ.jpg</banner>
		<fanart>G5PYNPY.jpg</fanart>
		<logo>pEKZB56.png</logo>
		<trailer>7NXIgj9CUQ8</trailer>
		<plot>Subgénero de juegos deportivos centrados en los Dardos, Billar, o Snooker</plot>
	</category>
	<category>
		<label>Rugby</label>
		<thumb>YYmzZlU.jpg</thumb>
		<banner>HQngsD0.jpg</banner>
		<fanart>G5PYNPY.jpg</fanart>
		<logo>8f6Zd2l.png</logo>
		<trailer>7NXIgj9CUQ8</trailer>
		<plot>Subgénero de los juegos deportivos centrados en Rugby</plot>
	</category>
	<category>
		<label>Skateboarding</label>
		<thumb>0SoEIUX.jpg</thumb>
		<banner>rNZJqul.jpg</banner>
		<fanart>G5PYNPY.jpg</fanart>
		<logo>WuOjrle.png</logo>
		<trailer>7NXIgj9CUQ8</trailer>
		<plot>Subgénero de los juegos deportivos centrados en el Skateboard</plot>
	</category>
	<category>
		<label>Skating</label>
		<thumb>fzUxGhX.jpg</thumb>
		<banner>uDftIyH.jpg</banner>
		<fanart>G5PYNPY.jpg</fanart>
		<logo>9i131gN.png</logo>
		<trailer>7NXIgj9CUQ8</trailer>
		<plot>Subgénero de juegos deportivos centrados en el patinaje</plot>
	</category>
	<category>
		<label>Skiing</label>
		<thumb>EXK3RsH.jpg</thumb>
		<banner>LBcbntN.jpg</banner>
		<fanart>G5PYNPY.jpg</fanart>
		<logo>DsK0EnT.png</logo>
		<trailer>7NXIgj9CUQ8</trailer>
		<plot>Subgénero de los juegos deportivos centrados en el esquí</plot>
	</category>
	<category>
		<label>Snowboarding</label>
		<thumb>GgNwDV9.jpg</thumb>
		<banner>kkQMSpw.jpg</banner>
		<fanart>G5PYNPY.jpg</fanart>
		<logo>737s65Z.png</logo>
		<trailer>7NXIgj9CUQ8</trailer>
		<plot>Subgénero de juegos deportivos centrados en el abordaje de nieve</plot>
	</category>
	<category>
		<label>Soccer</label>
		<thumb>gpYgL9r.jpg</thumb>
		<banner>8Wo5cGZ.jpg</banner>
		<fanart>G5PYNPY.jpg</fanart>
		<logo>UnMbG4N.png</logo>
		<trailer>7NXIgj9CUQ8</trailer>
		<plot>Subgénero de los juegos deportivos centrados en el fútbol</plot>
	</category>
	<category>
		<label>Surfing</label>
		<thumb>uYb33PF.jpg</thumb>
		<banner>4xGNB2n.jpg</banner>
		<fanart>G5PYNPY.jpg</fanart>
		<logo>hoETqkA.png</logo>
		<trailer>7NXIgj9CUQ8</trailer>
		<plot>Subgénero de los juegos deportivos centrados en el Surf</plot>
	</category>
	<category>
		<label>Tennis</label>
		<thumb>84exMV2.jpg</thumb>
		<banner>fYS1abc.jpg</banner>
		<fanart>G5PYNPY.jpg</fanart>
		<logo>symMBu0.png</logo>
		<trailer>7NXIgj9CUQ8</trailer>
		<plot>Subgénero de juegos deportivos centrados en el tenis</plot>
	</category>
	<category>
		<label>Track and Field</label>
		<thumb>OgYXy9h.jpg</thumb>
		<banner>xxMycrc.jpg</banner>
		<fanart>G5PYNPY.jpg</fanart>
		<logo>7edOz8i.png</logo>
		<trailer>7NXIgj9CUQ8</trailer>
		<plot>Subgénero de los juegos deportivos centrados en el Atletismo</plot>
	</category>
	<category>
		<label>Volleyball</label>
		<thumb>otZlWhU.jpg</thumb>
		<banner>3OCVwUa.jpg</banner>
		<fanart>G5PYNPY.jpg</fanart>
		<logo>tjZzqej.png</logo>
		<trailer>7NXIgj9CUQ8</trailer>
		<plot>Subgénero de los juegos deportivos centrados en Volleybol</plot>
	</category>
	<category>
		<label>Wakeboarding</label>
		<thumb>Lu9XVdc.jpg</thumb>
		<banner>F2PBBwP.jpg</banner>
		<fanart>G5PYNPY.jpg</fanart>
		<logo>UkB1Wkr.png</logo>
		<trailer>7NXIgj9CUQ8</trailer>
		<plot>Subgénero de los juegos deportivos centrados en el Wakeboarding</plot>
	</category>
	<category>
		<label>Wrestling</label>
		<thumb>WH3nFcw.jpg</thumb>
		<banner>9DEonWA.jpg</banner>
		<fanart>G5PYNPY.jpg</fanart>
		<logo>dY9coxB.png</logo>
		<trailer>7NXIgj9CUQ8</trailer>
		<plot>Subgénero de juegos deportivos centrados en la lucha.  También incluye la lucha profesional (a menudo acortada a la lucha pro o simplemente la lucha) se puede describir como un arte escénico que combina atletismo con performance teatral.</plot>
	</category>
	<category>
		<label>Strategy</label>
		<thumb>9N5miVc.jpg</thumb>
		<banner>o2b3Wc5.jpg</banner>
		<fanart>G5PYNPY.jpg</fanart>
		<logo>GHfukAj.png</logo>
		<trailer>7NXIgj9CUQ8</trailer>
		<plot>El videojuego de estrategia es un videojuego que se centra en el pensamiento hábil y la planificación para lograr la victoria.  Hace hincapié en los retos estratégicos, tácticos y, a veces, logísticos. Muchos juegos también ofrecen desafíos económicos y exploración. Generalmente se clasifican en cuatro subtipos, dependiendo de si el juego se gira o en tiempo real, y si el juego se centra en la estrategia o la táctica.</plot>
	</category>
	<category>
		<label>Tabletop</label>
		<thumb>4je8OaC.jpg</thumb>
		<banner>w8eyBTV.jpg</banner>
		<fanart>G5PYNPY.jpg</fanart>
		<logo>8F3iPbD.png</logo>
		<trailer>7NXIgj9CUQ8</trailer>
		<plot>Un juego de mesa es típicamente un tipo de juego de estrategia en el que los jugadores toman turnos cuando juegan. Esto se distingue de la estrategia en tiempo real, en la que todos los actores juegan simultáneamente.  Los videojuegos de Tabletop suelen tener equivalentes al juego de mesa.</plot>
	</category>
	<category>
		<label>Turn-Based</label>
		<thumb>WVG5Rh7.jpg</thumb>
		<banner>Zhxwt1W.jpg</banner>
		<fanart>G5PYNPY.jpg</fanart>
		<logo>MKIiQui.png</logo>
		<trailer>7NXIgj9CUQ8</trailer>
		<plot>Los videojuegos basados en el cambio se centran en el pensamiento hábil y en la planificación para lograr la victoria.  Hace hincapié en los retos estratégicos, tácticos y a veces logísticos que se plantean contra un oponente humano o informático a medida que juegas giros a lo largo del juego.</plot>
	</category>
	<category>
		<label>Turn Based</label>
		<thumb>WVG5Rh7.jpg</thumb>
		<banner>Zhxwt1W.jpg</banner>
		<fanart>G5PYNPY.jpg</fanart>
		<logo>MKIiQui.png</logo>
		<trailer>7NXIgj9CUQ8</trailer>
		<plot>Los videojuegos basados en el cambio se centran en el pensamiento hábil y en la planificación para lograr la victoria.  Hace hincapié en los retos estratégicos, tácticos y a veces logísticos que se plantean contra un oponente humano o informático a medida que juegas giros a lo largo del juego.</plot>
	</category>
	<category>
		<label>Vector</label>
		<thumb>xHOvPYl.jpg</thumb>
		<banner>RHP2v53.jpg</banner>
		<fanart>G5PYNPY.jpg</fanart>
		<logo>8dwY6Nu.png</logo>
		<trailer>7NXIgj9CUQ8</trailer>
		<plot>Los gráficos vectoriales son el uso de primitivos geométricos como puntos, líneas, curvas, y formas o polígonos - todos ellos basados en expresiones matemáticas - para representar imágenes en gráficos informáticos.</plot>
	</category>
	<category>
		<label>Vector Graphics</label>
		<thumb>xHOvPYl.jpg</thumb>
		<banner>RHP2v53.jpg</banner>
		<fanart>G5PYNPY.jpg</fanart>
		<logo>8dwY6Nu.png</logo>
		<trailer>7NXIgj9CUQ8</trailer>
		<plot>Los gráficos vectoriales son el uso de primitivos geométricos como puntos, líneas, curvas, y formas o polígonos - todos ellos basados en expresiones matemáticas - para representar imágenes en gráficos informáticos.</plot>
	</category>
	<category>
		<label>Virtual Life</label>
		<thumb>X32K9wB.jpg</thumb>
		<banner>v4YyBeR.jpg</banner>
		<fanart>G5PYNPY.jpg</fanart>
		<logo>NI2S8Wu.png</logo>
		<trailer>7NXIgj9CUQ8</trailer>
		<plot>Los juegos de simulación de vida (o juegos de vida virtual) son un subgénero de simulaciones de videojuegos en los que el jugador vive o controla una o más formas de vida artificiales.  Un juego de simulación de vida puede extenderse alrededor de individuos y relaciones, o podría ser una simulación de un ecosistema.</plot>
	</category>
	<category>
		<label>Water</label>
		<thumb>nv1deM8.jpg</thumb>
		<banner>PQxmPio.jpg</banner>
		<fanart>G5PYNPY.jpg</fanart>
		<logo>Cb27QR3.png</logo>
		<trailer>7NXIgj9CUQ8</trailer>
		<plot>Subgénero de juegos deportivos que se centran en deportes acuáticos como la natación, el toobing, etc.</plot>
	</category>
	<category>
		<label>Desconocido</label>
		<thumb>fYMsybe.jpg</thumb>
		<banner>pc540fV.jpg</banner>
		<fanart>G5PYNPY.jpg</fanart>
		<logo>nQfTbZq.png</logo>
		<plot>Estos juegos tienen un género desconocido o ningún género fue identificado</plot>
		<trailer>7NXIgj9CUQ8</trailer>
	</category>
	<category>
		<label>default</label>
		<thumb>fYMsybe.jpg</thumb>
		<banner>pc540fV.jpg</banner>
		<fanart>G5PYNPY.jpg</fanart>
		<logo>nQfTbZq.png</logo>
		<plot/>
		<trailer>7NXIgj9CUQ8</trailer>
	</category>
</categories>
