<?xml version="1.0" encoding="utf-8"?>
<categories>
	<category>
		<label>1G1R</label>
		<thumb>uIDzuff.jpg</thumb>
		<banner>qJRa1Mc.jpg</banner>
		<fanart>G5PYNPY.jpg</fanart>
		<logo>77pGn19.png</logo>
		<plot>Las listas de juego de 1G1R incluyen sólo un juego único para cada título dentro de un juego más grande[CR]Los conjuntos de juegos normalmente incluyen todos los títulos únicos, y entonces prefieren las versiones USA>Europe>Inglés>Foreign>Non-Demo/Non-Beta/Non-Revision (en ese orden) para los títulos que tienen varias versiones presentes.[CR]Como ejemplo un juego que contiene "Mario (USA)", "Mario (USA) (Rev A)", y "Mario (Japón)" sólo listaría el primer juego en un juego de 1G1R.</plot>
		<trailer>EFhii04Piww</trailer>
	</category>
	<category>
		<label>All Killer No Filler</label>
		<thumb>g4TJbZU.jpg</thumb>
		<banner>Ff0oHDL.jpg</banner>
		<fanart>G5PYNPY.jpg</fanart>
		<logo>CCLp2v5.png</logo>
		<plot>Todos los jugadores de Killer No Filler están interesados en la calidad por encima de la cantidad.[CR]Sí su objetivo pero confío en el juicio de las personas con pasión por un género.[CR]No se trata de listar todos los juegos.  That would put us right back up to scrolling through thousands of games, most of which suck.[CR]Arcade games only, plain old joystick controls only.</plot>
		<trailer>EFhii04Piww</trailer>
	</category>
	<category>
		<label>Griffin518s Mejor de Arcade</label>
		<thumb>66YzGnK.jpg</thumb>
		<banner>rfCYCbf.jpg</banner>
		<fanart>G5PYNPY.jpg</fanart>
		<logo>Auk2SQD.png</logo>
		<plot>La lista Griffin518s fue desarrollada para un armario de 2 jugadores con orientación estándar, palos de joyas de 8 vías y seis botones por jugador. No hay rastreo ni spinner en el panel de control. Así que se dice esto, a continuación se tienen en cuenta los requisitos:[CR]Los mejores juegos de arcade de trabajo en 350 (totalmente eólicos, por supuesto)[CR]Basado en la base de datos oficial de MAME[CR]Yo en los Estados Unidos y creo que las pantallas de carga de los Estados Unidos son frescas, así que Ive incluye la mayoría de los clones de EEUU en lugar de los padres (excepto donde la versión padre es muy preferida)[CR]Los clones de dos jugadores de más de 3 jugadores están incluidos en lugar de los padres (ej: TMNT y X-Men)[CR]Sin manejar, spinner, marca, trackball, analog, o realmente juegos de control personalizados (disculpas a muchos grandes juegos).</plot>
		<trailer>EFhii04Piww</trailer>
	</category>
	<category>
		<label>Analógico del administrador de Arcade Clásicos Lite</label>
		<thumb>sy8ZLYB.jpg</thumb>
		<banner>3PwbvWL.jpg</banner>
		<fanart>G5PYNPY.jpg</fanart>
		<logo>os8vmdb.png</logo>
		<plot>Alrededor de 50 juegos clásicos que se pueden jugar con un moderno gamepad analógico (Playstation, Xbox)</plot>
		<trailer>EFhii04Piww</trailer>
	</category>
	<category>
		<label>Administrador de Arcade Classics Lite Sin Analógico</label>
		<thumb>52AVbBE.jpg</thumb>
		<banner>Rtr04X9.jpg</banner>
		<fanart>G5PYNPY.jpg</fanart>
		<logo>peohyXV.png</logo>
		<plot>Alrededor de 50 juegos clásicos que se pueden jugar con un moderno gamepad analógico (Playstation, Xbox)</plot>
		<trailer>EFhii04Piww</trailer>
	</category>
	<category>
		<label>Analógico de Clásicos de Administrador de Arcade</label>
		<thumb>Ej167Ar.jpg</thumb>
		<banner>HDdX4RJ.jpg</banner>
		<fanart>G5PYNPY.jpg</fanart>
		<logo>WsVC5ZW.png</logo>
		<plot>Alrededor de 200 a 300 juegos que se pueden jugar con un moderno gamepad analógico (Playstation, Xbox)</plot>
		<trailer>EFhii04Piww</trailer>
	</category>
	<category>
		<label>Gestor de Arcade Clásicos No Analógico</label>
		<thumb>jN5MfFh.jpg</thumb>
		<banner>Xt2mupC.jpg</banner>
		<fanart>G5PYNPY.jpg</fanart>
		<logo>E4VTHlM.png</logo>
		<plot>Alrededor de 200 a 300 juegos que se pueden jugar con un antiguo gamepad o un stick de arcada</plot>
		<trailer>EFhii04Piww</trailer>
	</category>
	<category>
		<label>Arcade Manager Lite Analógico</label>
		<thumb>sy8ZLYB.jpg</thumb>
		<banner>3PwbvWL.jpg</banner>
		<fanart>G5PYNPY.jpg</fanart>
		<logo>os8vmdb.png</logo>
		<plot>Todos los juegos de trabajo, excluyendo clones y juegos de consola, que se pueden jugar con un moderno gamepad analógico (Playstation, Xbox)</plot>
		<trailer>EFhii04Piww</trailer>
	</category>
	<category>
		<label>Arcade Manager Lite Sin analógico</label>
		<thumb>52AVbBE.jpg</thumb>
		<banner>Rtr04X9.jpg</banner>
		<fanart>G5PYNPY.jpg</fanart>
		<logo>peohyXV.png</logo>
		<plot>Todos los juegos de trabajo, excluyendo los clones y juegos de consola, que se pueden jugar con un antiguo bload de juegos o un palo de arcada</plot>
		<trailer>EFhii04Piww</trailer>
	</category>
	<category>
		<label>Controles alternativos del administrador de Arcade</label>
		<thumb>bP4PnkF.jpg</thumb>
		<banner>w9mVDYt.jpg</banner>
		<fanart>G5PYNPY.jpg</fanart>
		<logo>RZ5VWs0.png</logo>
		<plot>Todos los juegos con controladores alternativos: lightgun, 2 o 3 joysticks, etc.</plot>
		<trailer>EFhii04Piww</trailer>
	</category>
	<category>
		<label>Controles analógicos del administrador de Arcade</label>
		<thumb>Jetn3C6.jpg</thumb>
		<banner>POrxZ4a.jpg</banner>
		<fanart>G5PYNPY.jpg</fanart>
		<logo>rLR0ZuX.png</logo>
		<plot>Todos los juegos que tienen controladores analógicos: rueda, marcador, trackball, etc.</plot>
		<trailer>EFhii04Piww</trailer>
	</category>
	<category>
		<label>Controles del administrador de Arcade</label>
		<thumb>wCnrZV4.jpg</thumb>
		<banner>oZSA3wS.jpg</banner>
		<fanart>G5PYNPY.jpg</fanart>
		<logo>FjpezvH.png</logo>
		<plot>Todos los juegos que pueden ser controlados con un pad analógico moderno</plot>
		<trailer>EFhii04Piww</trailer>
	</category>
	<category>
		<label>Controles de control de control de administrador de arcade</label>
		<thumb>p0IUv5i.jpg</thumb>
		<banner>SQmi8zW.jpg</banner>
		<fanart>G5PYNPY.jpg</fanart>
		<logo>HOIipge.png</logo>
		<plot>Todos los juegos que pueden ser controlados con un palo de arcade</plot>
		<trailer>EFhii04Piww</trailer>
	</category>
	<category>
		<label>Sólo consolas del administrador de Arcade</label>
		<thumb>J1k32DB.jpg</thumb>
		<banner>90RhlMp.jpg</banner>
		<fanart>G5PYNPY.jpg</fanart>
		<logo>bS3jF54.png</logo>
		<plot>Todas las consolas y juegos derivados de la consola: NeoGeo, Playchoice 10, Nintendo vs, etc.</plot>
		<trailer>EFhii04Piww</trailer>
	</category>
	<category>
		<label>Solo buenos clones de Arcade Manager</label>
		<thumb>3ZCKr5P.jpg</thumb>
		<banner>fBMFbvs.jpg</banner>
		<fanart>G5PYNPY.jpg</fanart>
		<logo>P0hqSGv.png</logo>
		<plot>Clones que funcionan mientras el padre no lo hace</plot>
		<trailer>EFhii04Piww</trailer>
	</category>
	<category>
		<label>Gestor de Arcade Alto Rendimiento</label>
		<thumb>MNUflh2.jpg</thumb>
		<banner>Kef8cjs.jpg</banner>
		<fanart>G5PYNPY.jpg</fanart>
		<logo>H7uHwRn.png</logo>
		<plot>Todos los juegos son demasiado modernos para funcionar en un Raspberry Pi (básicamente todos los juegos 3D)</plot>
		<trailer>EFhii04Piww</trailer>
	</category>
	<category>
		<label>Calidad AntoPISA 0-10</label>
		<thumb>QQbIEeq.jpg</thumb>
		<banner>0P8mMTl.jpg</banner>
		<fanart>G5PYNPY.jpg</fanart>
		<logo>ZG9nB9L.png</logo>
		<plot>Todos los juegos marcados como calidad 0-10 por AntoPISA</plot>
		<trailer>EFhii04Piww</trailer>
	</category>
	<category>
		<label>Calidad AntoPISA 10-20</label>
		<thumb>pmcddBa.jpg</thumb>
		<banner>5MNemsQ.jpg</banner>
		<fanart>G5PYNPY.jpg</fanart>
		<logo>xydabIA.png</logo>
		<plot>Todos los juegos marcados como calidad 10-20 por AntoPISA</plot>
		<trailer>EFhii04Piww</trailer>
	</category>
	<category>
		<label>Calidad AntoPISA 20-30</label>
		<thumb>A4iF3iq.jpg</thumb>
		<banner>vkIZvxa.jpg</banner>
		<fanart>G5PYNPY.jpg</fanart>
		<logo>PfFUxX8.png</logo>
		<plot>Todos los juegos marcados como calidad 20-30 por AntoPISA</plot>
		<trailer>EFhii04Piww</trailer>
	</category>
	<category>
		<label>Calidad AntoPISA 30-40</label>
		<thumb>TPLmW8p.jpg</thumb>
		<banner>TJqQOxm.jpg</banner>
		<fanart>G5PYNPY.jpg</fanart>
		<logo>Pagcx0q.png</logo>
		<plot>Todos los juegos marcados como calidad 30-40 por AntoPISA</plot>
		<trailer>EFhii04Piww</trailer>
	</category>
	<category>
		<label>Calidad AntoPISA 40-50</label>
		<thumb>iiqO238.jpg</thumb>
		<banner>sU65TZt.jpg</banner>
		<fanart>G5PYNPY.jpg</fanart>
		<logo>JIR4Yj3.png</logo>
		<plot>Todos los juegos marcados como calidad 40-50 por AntoPISA</plot>
		<trailer>EFhii04Piww</trailer>
	</category>
	<category>
		<label>Calidad AntoPISA 50-60</label>
		<thumb>xci5VZT.jpg</thumb>
		<banner>vItiuch.jpg</banner>
		<fanart>G5PYNPY.jpg</fanart>
		<logo>4nAFVsh.png</logo>
		<plot>Todos los juegos marcados como calidad 50-60 por AntoPISA</plot>
		<trailer>EFhii04Piww</trailer>
	</category>
	<category>
		<label>Calidad AntoPISA 60-70</label>
		<thumb>6VBL40V.jpg</thumb>
		<banner>qL2fG59.jpg</banner>
		<fanart>G5PYNPY.jpg</fanart>
		<logo>mhtAE4p.png</logo>
		<plot>Todos los juegos marcados como calidad 60-70 por AntoPISA</plot>
		<trailer>EFhii04Piww</trailer>
	</category>
	<category>
		<label>Calidad AntoPISA 70-80</label>
		<thumb>DVSWrmT.jpg</thumb>
		<banner>0UANBK6.jpg</banner>
		<fanart>G5PYNPY.jpg</fanart>
		<logo>GgWTj4N.png</logo>
		<plot>Todos los juegos marcados como calidad 70-80 por AntoPISA</plot>
		<trailer>EFhii04Piww</trailer>
	</category>
	<category>
		<label>Calidad AntoPISA 80-90</label>
		<thumb>3HK55r3.jpg</thumb>
		<banner>LpVIPLN.jpg</banner>
		<fanart>G5PYNPY.jpg</fanart>
		<logo>qCIPfH7.png</logo>
		<plot>Todos los juegos marcados como calidad 80-90 por AntoPISA</plot>
		<trailer>EFhii04Piww</trailer>
	</category>
	<category>
		<label>Calidad AntoPISA 90-100</label>
		<thumb>Jb8UYej.jpg</thumb>
		<banner>TJJnxdo.jpg</banner>
		<fanart>G5PYNPY.jpg</fanart>
		<logo>RloiiFL.png</logo>
		<plot>Todos los juegos marcados como calidad 90-100 por AntoPISA</plot>
		<trailer>EFhii04Piww</trailer>
	</category>
	<category>
		<label>Padres</label>
		<thumb>3MhX9vn.jpg</thumb>
		<banner>rKs0z79.jpg</banner>
		<fanart>G5PYNPY.jpg</fanart>
		<logo>hK47YeD.png</logo>
		<plot>Juegos de arcada identificados como el padre.  En un conjunto de juegos determinado, generalmente (pero no necesariamente) la revisión mundial más reciente de un juego, será designada como el padre.</plot>
		<trailer>EFhii04Piww</trailer>
	</category>
	<category>
		<label>Clonar</label>
		<thumb>6o22sqR.jpg</thumb>
		<banner>7hV2ng9.jpg</banner>
		<fanart>G5PYNPY.jpg</fanart>
		<logo>UhPIYu4.png</logo>
		<plot>Juegos de arcada identificados como el clon.  En un conjunto de juegos determinado, generalmente (pero no necesariamente) la revisión mundial más reciente de un juego, será designada como el padre.  Todos los conjuntos que usan principalmente las mismas fichas (p. ej. Japonés Puckman y EE.UU. Pac-Man) serán clones que contendrán sólo los datos cambiados en comparación con el conjunto padre.</plot>
		<trailer>EFhii04Piww</trailer>
	</category>
	<category>
		<label>Neo Geo</label>
		<thumb>3zfe25L.jpg</thumb>
		<banner>dzhGDLm.jpg</banner>
		<fanart>TMP2YTu.jpg</fanart>
		<logo>EOj2JKD.png</logo>
		<trailer>uCT5Q49O_x8</trailer>
		<plot>Neo Geo es una familia de hardware de videojuegos desarrollado por SNK. En el mercado de 1990 a 2004, la marca se originó con el lanzamiento de un sistema de arcade, el Neo Geo MVS y su contraparte de la consola casera, el Neo Geo AES. Tanto el sistema arcade como la consola eran poderosos por el momento y el AES permite una perfecta compatibilidad de juegos lanzados para el MVS.  El alto precio tanto para la consola AES como para sus juegos le impidió competir directamente con sus contemporáneos, el Sega Genesis, Super NES, y TurboGrafx-16. Sin embargo, la arcada MVS tuvo mucho éxito en las tiendas de Japón y Norteamérica.</plot>
	</category>
	<category>
		<label>CPS 1</label>
		<thumb>vkLGKge.jpg</thumb>
		<banner>EtdURJ8.jpg</banner>
		<fanart>SFUjxqt.jpg</fanart>
		<logo>palxcYl.png</logo>
		<trailer>kOuPzhZ3MTg</trailer>
		<plot>El CP System o CPS-1 es una placa de sistema de arcada desarrollada por Capcom que ejecutaba software de juego almacenado en cartuchos de ROM extraíbles. Más de dos docenas de títulos de arcade fueron publicados para CPS-1.</plot>
	</category>
	<category>
		<label>CPS 2</label>
		<thumb>r22pCQi.jpg</thumb>
		<banner>gHm1Xry.jpg</banner>
		<fanart>FSRYYSE.jpg</fanart>
		<logo>g3VNSBi.png</logo>
		<trailer>Lw4x2mq7c3Y</trailer>
		<plot>El CP System o CPS-2 es una placa de sistema de arcada desarrollada por Capcom que ejecutaba software de juego almacenado en cartuchos de ROM extraíbles. Fue el sucesor de su anterior hardware arcade CP System y Capcom Power System y fue exitoso por el hardware CP System III en 1996, El CPS-2 sobreviviría en más de cuatro años. El sistema arcade tuvo nuevas versiones hasta finales de 2003, terminando con Hyper Street Fighter II.</plot>
	</category>
	<category>
		<label>Desconocido</label>
		<thumb>fYMsybe.jpg</thumb>
		<banner>pc540fV.jpg</banner>
		<fanart>G5PYNPY.jpg</fanart>
		<logo>nQfTbZq.png</logo>
		<plot>Estos juegos tienen un grupo personalizado desconocido o no se ha identificado ningún grupo personalizado</plot>
		<trailer>EFhii04Piww</trailer>
	</category>
	<category>
		<label>Default</label>
		<thumb>fYMsybe.jpg</thumb>
		<banner>pc540fV.jpg</banner>
		<fanart>G5PYNPY.jpg</fanart>
		<logo>nQfTbZq.png</logo>
		<plot/>
		<trailer>EFhii04Piww</trailer>
	</category>
</categories>
