<?xml version="1.0" encoding="utf-8"?>
<categories>
	<category>
		<label>Asia</label>
		<thumb>4BEXkEa.jpg</thumb>
		<banner>2KtCsJX.jpg</banner>
		<fanart>G5PYNPY.jpg</fanart>
		<logo>GFWT4P7.png</logo>
		<plot>Juegos de Asia</plot>
		<trailer>uL7ZsYbnV-8</trailer>
	</category>
	<category>
		<label>Australia</label>
		<thumb>ahOVn0c.jpg</thumb>
		<banner>V2FlxTx.jpg</banner>
		<fanart>G5PYNPY.jpg</fanart>
		<logo>xGkVpEF.png</logo>
		<plot>Juegos de Australia</plot>
		<trailer>uL7ZsYbnV-8</trailer>
	</category>
	<category>
		<label>Brazil</label>
		<thumb>CD0HNe1.jpg</thumb>
		<banner>bgsOLny.jpg</banner>
		<fanart>G5PYNPY.jpg</fanart>
		<logo>0DI3s24.png</logo>
		<plot>Juegos de Brasil</plot>
		<trailer>uL7ZsYbnV-8</trailer>
	</category>
	<category>
		<label>Canada</label>
		<thumb>JqlZDa5.jpg</thumb>
		<banner>4YN66wS.jpg</banner>
		<fanart>G5PYNPY.jpg</fanart>
		<logo>9BMZupy.png</logo>
		<plot>Juegos de Canadá</plot>
		<trailer>uL7ZsYbnV-8</trailer>
	</category>
	<category>
		<label>China</label>
		<thumb>ZnMEKhB.jpg</thumb>
		<banner>9xBKvbo.jpg</banner>
		<fanart>G5PYNPY.jpg</fanart>
		<logo>rzcwwZ1.png</logo>
		<plot>Juegos de China</plot>
		<trailer>uL7ZsYbnV-8</trailer>
	</category>
	<category>
		<label>Europe</label>
		<thumb>Py2OgTr.jpg</thumb>
		<banner>7dq3H7b.jpg</banner>
		<fanart>G5PYNPY.jpg</fanart>
		<logo>DEAPonY.png</logo>
		<plot>Juegos lanzados para su uso en Europa</plot>
		<trailer>uL7ZsYbnV-8</trailer>
	</category>
	<category>
		<label>France</label>
		<thumb>RynaxMg.jpg</thumb>
		<banner>UMKHoEI.jpg</banner>
		<fanart>G5PYNPY.jpg</fanart>
		<logo>GtNU6rZ.png</logo>
		<plot>Juegos de Francia</plot>
		<trailer>uL7ZsYbnV-8</trailer>
	</category>
	<category>
		<label>Germany</label>
		<thumb>LbeCw8x.jpg</thumb>
		<banner>ovi7BcW.jpg</banner>
		<fanart>G5PYNPY.jpg</fanart>
		<logo>xPWrduP.png</logo>
		<plot>Juegos de Alemania</plot>
		<trailer>uL7ZsYbnV-8</trailer>
	</category>
	<category>
		<label>Hong Kong</label>
		<thumb>fWMj9p0.jpg</thumb>
		<banner>vxETlGK.jpg</banner>
		<fanart>G5PYNPY.jpg</fanart>
		<logo>Waygvix.png</logo>
		<plot>Juegos de Hong Kong</plot>
		<trailer>uL7ZsYbnV-8</trailer>
	</category>
	<category>
		<label>Italy</label>
		<thumb>HEomflo.jpg</thumb>
		<banner>UMKHoEI.jpg</banner>
		<fanart>G5PYNPY.jpg</fanart>
		<logo>pxjanql.png</logo>
		<plot>Juegos de Italia</plot>
		<trailer>uL7ZsYbnV-8</trailer>
	</category>
	<category>
		<label>Japan</label>
		<thumb>1Csu692.jpg</thumb>
		<banner>SnhBFw5.jpg</banner>
		<fanart>G5PYNPY.jpg</fanart>
		<logo>EPiaq3Q.png</logo>
		<plot>Juegos de Japón</plot>
		<trailer>uL7ZsYbnV-8</trailer>
	</category>
	<category>
		<label>Jpn</label>
		<thumb>1Csu692.jpg</thumb>
		<banner>SnhBFw5.jpg</banner>
		<fanart>G5PYNPY.jpg</fanart>
		<logo>EPiaq3Q.png</logo>
		<plot>Juegos de Japón</plot>
		<trailer>uL7ZsYbnV-8</trailer>
	</category>
	<category>
		<label>Korea</label>
		<thumb>AsxjuDY.jpg</thumb>
		<banner>piTsBxv.jpg</banner>
		<fanart>G5PYNPY.jpg</fanart>
		<logo>IE2vt37.png</logo>
		<plot>Juegos de Corea</plot>
		<trailer>uL7ZsYbnV-8</trailer>
	</category>
	<category>
		<label>Netherlands</label>
		<thumb>ftsrOvr.jpg</thumb>
		<banner>QnPVpEw.jpg</banner>
		<fanart>G5PYNPY.jpg</fanart>
		<logo>CCbOvhF.png</logo>
		<plot>Juegos de Holanda</plot>
		<trailer>uL7ZsYbnV-8</trailer>
	</category>
	<category>
		<label>New Zealand</label>
		<thumb>Gv2o4ub.jpg</thumb>
		<banner>oi8J3en.jpg</banner>
		<fanart>G5PYNPY.jpg</fanart>
		<logo>iB4ZKmL.png</logo>
		<plot>Juegos de Nueva Zelanda</plot>
		<trailer>uL7ZsYbnV-8</trailer>
	</category>
	<category>
		<label>North America</label>
		<thumb>JjsoyiP.jpg</thumb>
		<banner>JaibXMe.jpg</banner>
		<fanart>G5PYNPY.jpg</fanart>
		<logo>lj2NZZz.png</logo>
		<plot>Juegos publicados para uso en Norteamérica</plot>
		<trailer>uL7ZsYbnV-8</trailer>
	</category>
	<category>
		<label>Spain</label>
		<thumb>qsnY0GX.jpg</thumb>
		<banner>GxjnPg3.jpg</banner>
		<fanart>G5PYNPY.jpg</fanart>
		<logo>ColRzl0.png</logo>
		<plot>Juegos de España</plot>
		<trailer>uL7ZsYbnV-8</trailer>
	</category>
	<category>
		<label>Sweden</label>
		<thumb>LofsFxy.jpg</thumb>
		<banner>UJtDqlu.jpg</banner>
		<fanart>G5PYNPY.jpg</fanart>
		<logo>ZWDRCor.png</logo>
		<plot>Juegos de Suecia</plot>
		<trailer>uL7ZsYbnV-8</trailer>
	</category>
	<category>
		<label>Taiwan</label>
		<thumb>dnzhDyP.jpg</thumb>
		<banner>JLYVCnV.jpg</banner>
		<fanart>G5PYNPY.jpg</fanart>
		<logo>s5HmM4s.png</logo>
		<plot>Juegos de Taiwán</plot>
		<trailer>uL7ZsYbnV-8</trailer>
	</category>
	<category>
		<label>United Kingdom</label>
		<thumb>u5MOKZV.jpg</thumb>
		<banner>r7zZ097.jpg</banner>
		<fanart>G5PYNPY.jpg</fanart>
		<logo>vgCO7dt.png</logo>
		<plot>Juegos del Reino Unido</plot>
		<trailer>uL7ZsYbnV-8</trailer>
	</category>
	<category>
		<label>UK</label>
		<thumb>u5MOKZV.jpg</thumb>
		<banner>r7zZ097.jpg</banner>
		<fanart>G5PYNPY.jpg</fanart>
		<logo>vgCO7dt.png</logo>
		<plot>Juegos del Reino Unido</plot>
		<trailer>uL7ZsYbnV-8</trailer>
	</category>
	<category>
		<label>United States</label>
		<thumb>hsVteKY.jpg</thumb>
		<banner>fCLzoaf.jpg</banner>
		<fanart>G5PYNPY.jpg</fanart>
		<logo>5PJTqIX.png</logo>
		<plot>Juegos de Estados Unidos</plot>
		<trailer>uL7ZsYbnV-8</trailer>
	</category>
	<category>
		<label>USA</label>
		<thumb>hsVteKY.jpg</thumb>
		<banner>fCLzoaf.jpg</banner>
		<fanart>G5PYNPY.jpg</fanart>
		<logo>5PJTqIX.png</logo>
		<plot>Juegos de los Estados Unidos</plot>
		<trailer>uL7ZsYbnV-8</trailer>
	</category>
	<category>
		<label>US</label>
		<thumb>hsVteKY.jpg</thumb>
		<banner>fCLzoaf.jpg</banner>
		<fanart>G5PYNPY.jpg</fanart>
		<logo>5PJTqIX.png</logo>
		<plot>Juegos de los Estados Unidos</plot>
		<trailer>uL7ZsYbnV-8</trailer>
	</category>
	<category>
		<label>World</label>
		<thumb>oalY5fB.jpg</thumb>
		<banner>rphbTHv.jpg</banner>
		<fanart>G5PYNPY.jpg</fanart>
		<logo>KvNtYph.png</logo>
		<plot>Juegos para su uso en todos los países</plot>
		<trailer>uL7ZsYbnV-8</trailer>
	</category>
	<category>
		<label>Da</label>
		<thumb>7TJtUHK.jpg</thumb>
		<banner>6TgHOgz.jpg</banner>
		<fanart>G5PYNPY.jpg</fanart>
		<logo>PN4U1WU.png</logo>
		<plot>Juegos de idioma danés</plot>
		<trailer>uL7ZsYbnV-8</trailer>
	</category>
	<category>
		<label>De</label>
		<thumb>js23Cbg.jpg</thumb>
		<banner>Bn7fl0E.jpg</banner>
		<fanart>G5PYNPY.jpg</fanart>
		<logo>uGR8BKF.png</logo>
		<plot>Juegos de lenguaje Alemán</plot>
		<trailer>uL7ZsYbnV-8</trailer>
	</category>
	<category>
		<label>En</label>
		<thumb>TrvTlLF.jpg</thumb>
		<banner>D5S3Ai1.jpg</banner>
		<fanart>G5PYNPY.jpg</fanart>
		<logo>cFcUsta.png</logo>
		<plot>Juegos de idioma inglés</plot>
		<trailer>uL7ZsYbnV-8</trailer>
	</category>
	<category>
		<label>Es</label>
		<thumb>Q0EOfuh.jpg</thumb>
		<banner>diFYIX3.jpg</banner>
		<fanart>G5PYNPY.jpg</fanart>
		<logo>PhdFmvc.png</logo>
		<plot>Juegos de idioma español</plot>
		<trailer>uL7ZsYbnV-8</trailer>
	</category>
	<category>
		<label>Fr</label>
		<thumb>zqhguhb.jpg</thumb>
		<banner>uDCMP6G.jpg</banner>
		<fanart>G5PYNPY.jpg</fanart>
		<logo>IxVxRca.png</logo>
		<plot>Juegos de idioma francés</plot>
		<trailer>uL7ZsYbnV-8</trailer>
	</category>
	<category>
		<label>It</label>
		<thumb>sYHqubh.jpg</thumb>
		<banner>7PvUNMu.jpg</banner>
		<fanart>G5PYNPY.jpg</fanart>
		<logo>lzG6Hbz.png</logo>
		<plot>Juegos de idioma italiano</plot>
		<trailer>uL7ZsYbnV-8</trailer>
	</category>
	<category>
		<label>Ja</label>
		<thumb>ObWlIbe.jpg</thumb>
		<banner>kvG4wJl.jpg</banner>
		<fanart>G5PYNPY.jpg</fanart>
		<logo>MjiWjwA.png</logo>
		<plot>Juegos de idioma japonés</plot>
		<trailer>uL7ZsYbnV-8</trailer>
	</category>
	<category>
		<label>Ko</label>
		<thumb>DGyeWuK.jpg</thumb>
		<banner>LvWN0CS.jpg</banner>
		<fanart>G5PYNPY.jpg</fanart>
		<logo>tbe3aFD.png</logo>
		<plot>Juegos de idioma coreano</plot>
		<trailer>uL7ZsYbnV-8</trailer>
	</category>
	<category>
		<label>Nl</label>
		<thumb>NuQFefc.jpg</thumb>
		<banner>u6UW3dO.jpg</banner>
		<fanart>G5PYNPY.jpg</fanart>
		<logo>eXwhpzg.png</logo>
		<plot>Juegos de idioma holandés</plot>
		<trailer>uL7ZsYbnV-8</trailer>
	</category>
	<category>
		<label>Pt</label>
		<thumb>KVyUqNd.jpg</thumb>
		<banner>7QsXQhm.jpg</banner>
		<fanart>G5PYNPY.jpg</fanart>
		<logo>pHhGZG1.png</logo>
		<plot>Juegos de idioma portugués</plot>
		<trailer>uL7ZsYbnV-8</trailer>
	</category>
	<category>
		<label>Ru</label>
		<thumb>KUlu9Am.jpg</thumb>
		<banner>fnNktDt.jpg</banner>
		<fanart>G5PYNPY.jpg</fanart>
		<logo>e3gYq8K.png</logo>
		<plot>Juegos de idioma ruso</plot>
		<trailer>uL7ZsYbnV-8</trailer>
	</category>
	<category>
		<label>Sv</label>
		<thumb>82hyQvg.jpg</thumb>
		<banner>y5TdBgs.jpg</banner>
		<fanart>G5PYNPY.jpg</fanart>
		<logo>J44g7En.png</logo>
		<plot>Juegos de idioma sueco</plot>
		<trailer>uL7ZsYbnV-8</trailer>
	</category>
	<category>
		<label>Zh</label>
		<thumb>Uq0VJs9.jpg</thumb>
		<banner>MdhuFYK.jpg</banner>
		<fanart>G5PYNPY.jpg</fanart>
		<logo>veiUSRC.png</logo>
		<plot>Juegos de idioma chino</plot>
		<trailer>uL7ZsYbnV-8</trailer>
	</category>
	<category>
		<label>Danish</label>
		<thumb>7TJtUHK.jpg</thumb>
		<banner>6TgHOgz.jpg</banner>
		<fanart>G5PYNPY.jpg</fanart>
		<logo>PN4U1WU.png</logo>
		<plot>Juegos de idioma danés</plot>
		<trailer>uL7ZsYbnV-8</trailer>
	</category>
	<category>
		<label>German</label>
		<thumb>js23Cbg.jpg</thumb>
		<banner>Bn7fl0E.jpg</banner>
		<fanart>G5PYNPY.jpg</fanart>
		<logo>uGR8BKF.png</logo>
		<plot>Juegos de idioma Alemán</plot>
		<trailer>uL7ZsYbnV-8</trailer>
	</category>
	<category>
		<label>English</label>
		<thumb>TrvTlLF.jpg</thumb>
		<banner>D5S3Ai1.jpg</banner>
		<fanart>G5PYNPY.jpg</fanart>
		<logo>cFcUsta.png</logo>
		<plot>Juegos de idioma inglés</plot>
		<trailer>uL7ZsYbnV-8</trailer>
	</category>
	<category>
		<label>Spanish</label>
		<thumb>Q0EOfuh.jpg</thumb>
		<banner>diFYIX3.jpg</banner>
		<fanart>G5PYNPY.jpg</fanart>
		<logo>PhdFmvc.png</logo>
		<plot>Juegos de idioma español</plot>
		<trailer>uL7ZsYbnV-8</trailer>
	</category>
	<category>
		<label>French</label>
		<thumb>zqhguhb.jpg</thumb>
		<banner>uDCMP6G.jpg</banner>
		<fanart>G5PYNPY.jpg</fanart>
		<logo>IxVxRca.png</logo>
		<plot>Juegos de idioma francés</plot>
		<trailer>uL7ZsYbnV-8</trailer>
	</category>
	<category>
		<label>Italian</label>
		<thumb>sYHqubh.jpg</thumb>
		<banner>7PvUNMu.jpg</banner>
		<fanart>G5PYNPY.jpg</fanart>
		<logo>lzG6Hbz.png</logo>
		<plot>Juegos de idioma italiano</plot>
		<trailer>uL7ZsYbnV-8</trailer>
	</category>
	<category>
		<label>Japanese</label>
		<thumb>ObWlIbe.jpg</thumb>
		<banner>kvG4wJl.jpg</banner>
		<fanart>G5PYNPY.jpg</fanart>
		<logo>MjiWjwA.png</logo>
		<plot>Juegos de idioma japonés</plot>
		<trailer>uL7ZsYbnV-8</trailer>
	</category>
	<category>
		<label>Korean</label>
		<thumb>DGyeWuK.jpg</thumb>
		<banner>LvWN0CS.jpg</banner>
		<fanart>G5PYNPY.jpg</fanart>
		<logo>tbe3aFD.png</logo>
		<plot>Juegos de idioma coreano</plot>
		<trailer>uL7ZsYbnV-8</trailer>
	</category>
	<category>
		<label>Dutch</label>
		<thumb>NuQFefc.jpg</thumb>
		<banner>u6UW3dO.jpg</banner>
		<fanart>G5PYNPY.jpg</fanart>
		<logo>eXwhpzg.png</logo>
		<plot>Juegos de idioma holandés</plot>
		<trailer>uL7ZsYbnV-8</trailer>
	</category>
	<category>
		<label>Portuguese</label>
		<thumb>KVyUqNd.jpg</thumb>
		<banner>7QsXQhm.jpg</banner>
		<fanart>G5PYNPY.jpg</fanart>
		<logo>pHhGZG1.png</logo>
		<plot>Juegos de idioma portugués</plot>
		<trailer>uL7ZsYbnV-8</trailer>
	</category>
	<category>
		<label>Russian</label>
		<thumb>KUlu9Am.jpg</thumb>
		<banner>fnNktDt.jpg</banner>
		<fanart>G5PYNPY.jpg</fanart>
		<logo>e3gYq8K.png</logo>
		<plot>Juegos de idioma ruso</plot>
		<trailer>uL7ZsYbnV-8</trailer>
	</category>
	<category>
		<label>Swedish</label>
		<thumb>82hyQvg.jpg</thumb>
		<banner>y5TdBgs.jpg</banner>
		<fanart>G5PYNPY.jpg</fanart>
		<logo>J44g7En.png</logo>
		<plot>Juegos de idioma sueco</plot>
		<trailer>uL7ZsYbnV-8</trailer>
	</category>
	<category>
		<label>Chinese</label>
		<thumb>Uq0VJs9.jpg</thumb>
		<banner>MdhuFYK.jpg</banner>
		<fanart>G5PYNPY.jpg</fanart>
		<logo>veiUSRC.png</logo>
		<plot>Juegos de idioma chino</plot>
		<trailer>uL7ZsYbnV-8</trailer>
	</category>
	<category>
		<label>Beta</label>
		<thumb>6BF5J6w.jpg</thumb>
		<banner>JL2Ttbr.jpg</banner>
		<fanart>G5PYNPY.jpg</fanart>
		<logo>ymgcCvD.png</logo>
		<plot>Juegos de prototipo</plot>
		<trailer>uL7ZsYbnV-8</trailer>
	</category>
	<category>
		<label>Proto</label>
		<thumb>6BF5J6w.jpg</thumb>
		<banner>JL2Ttbr.jpg</banner>
		<fanart>G5PYNPY.jpg</fanart>
		<logo>ymgcCvD.png</logo>
		<plot>Juegos de prototipo</plot>
		<trailer>uL7ZsYbnV-8</trailer>
	</category>
	<category>
		<label>Prototype</label>
		<thumb>6BF5J6w.jpg</thumb>
		<banner>JL2Ttbr.jpg</banner>
		<fanart>G5PYNPY.jpg</fanart>
		<logo>ymgcCvD.png</logo>
		<plot>Juegos de prototipo</plot>
		<trailer>uL7ZsYbnV-8</trailer>
	</category>
	<category>
		<label>Set 1</label>
		<thumb>QsgJ3iA.jpg</thumb>
		<banner>hDr1LmE.jpg</banner>
		<fanart>G5PYNPY.jpg</fanart>
		<logo>ytEsBP8.png</logo>
		<plot>Juegos categorizados en conjuntos</plot>
		<trailer>uL7ZsYbnV-8</trailer>
	</category>
	<category>
		<label>Set 2</label>
		<thumb>QsgJ3iA.jpg</thumb>
		<banner>hDr1LmE.jpg</banner>
		<fanart>G5PYNPY.jpg</fanart>
		<logo>ytEsBP8.png</logo>
		<plot>Juegos categorizados en conjuntos</plot>
		<trailer>uL7ZsYbnV-8</trailer>
	</category>
	<category>
		<label>Set 3</label>
		<thumb>QsgJ3iA.jpg</thumb>
		<banner>hDr1LmE.jpg</banner>
		<fanart>G5PYNPY.jpg</fanart>
		<logo>ytEsBP8.png</logo>
		<plot>Juegos categorizados en conjuntos</plot>
		<trailer>uL7ZsYbnV-8</trailer>
	</category>
	<category>
		<label>Set 4</label>
		<thumb>QsgJ3iA.jpg</thumb>
		<banner>hDr1LmE.jpg</banner>
		<fanart>G5PYNPY.jpg</fanart>
		<logo>ytEsBP8.png</logo>
		<plot>Juegos categorizados en conjuntos</plot>
		<trailer>uL7ZsYbnV-8</trailer>
	</category>
	<category>
		<label>US Set 1</label>
		<thumb>QsgJ3iA.jpg</thumb>
		<banner>hDr1LmE.jpg</banner>
		<fanart>G5PYNPY.jpg</fanart>
		<logo>ytEsBP8.png</logo>
		<plot>Juegos categorizados en conjuntos</plot>
		<trailer>uL7ZsYbnV-8</trailer>
	</category>
	<category>
		<label>US Set 2</label>
		<thumb>QsgJ3iA.jpg</thumb>
		<banner>hDr1LmE.jpg</banner>
		<fanart>G5PYNPY.jpg</fanart>
		<logo>ytEsBP8.png</logo>
		<plot>Juegos categorizados en conjuntos</plot>
		<trailer>uL7ZsYbnV-8</trailer>
	</category>
	<category>
		<label>Japan Set 1</label>
		<thumb>QsgJ3iA.jpg</thumb>
		<banner>hDr1LmE.jpg</banner>
		<fanart>G5PYNPY.jpg</fanart>
		<logo>ytEsBP8.png</logo>
		<plot>Juegos categorizados en conjuntos</plot>
		<trailer>uL7ZsYbnV-8</trailer>
	</category>
	<category>
		<label>Japan Set 2</label>
		<thumb>QsgJ3iA.jpg</thumb>
		<banner>hDr1LmE.jpg</banner>
		<fanart>G5PYNPY.jpg</fanart>
		<logo>ytEsBP8.png</logo>
		<plot>Juegos categorizados en conjuntos</plot>
		<trailer>uL7ZsYbnV-8</trailer>
	</category>
	<category>
		<label>v1</label>
		<thumb>UjiFRFI.jpg</thumb>
		<banner>FxlahYn.jpg</banner>
		<fanart>G5PYNPY.jpg</fanart>
		<logo>uBuNDXQ.png</logo>
		<plot>Juegos categorizados con revisiones</plot>
		<trailer>uL7ZsYbnV-8</trailer>
	</category>
	<category>
		<label>v2</label>
		<thumb>UjiFRFI.jpg</thumb>
		<banner>FxlahYn.jpg</banner>
		<fanart>G5PYNPY.jpg</fanart>
		<logo>uBuNDXQ.png</logo>
		<plot>Juegos categorizados con revisiones</plot>
		<trailer>uL7ZsYbnV-8</trailer>
	</category>
	<category>
		<label>v3</label>
		<thumb>UjiFRFI.jpg</thumb>
		<banner>FxlahYn.jpg</banner>
		<fanart>G5PYNPY.jpg</fanart>
		<logo>uBuNDXQ.png</logo>
		<plot>Juegos categorizados con revisiones</plot>
		<trailer>uL7ZsYbnV-8</trailer>
	</category>
	<category>
		<label>v4</label>
		<thumb>UjiFRFI.jpg</thumb>
		<banner>FxlahYn.jpg</banner>
		<fanart>G5PYNPY.jpg</fanart>
		<logo>uBuNDXQ.png</logo>
		<plot>Juegos categorizados con revisiones</plot>
		<trailer>uL7ZsYbnV-8</trailer>
	</category>
	<category>
		<label>v1.0</label>
		<thumb>UjiFRFI.jpg</thumb>
		<banner>FxlahYn.jpg</banner>
		<fanart>G5PYNPY.jpg</fanart>
		<logo>uBuNDXQ.png</logo>
		<plot>Juegos categorizados con revisiones</plot>
		<trailer>uL7ZsYbnV-8</trailer>
	</category>
	<category>
		<label>v1.01</label>
		<thumb>UjiFRFI.jpg</thumb>
		<banner>FxlahYn.jpg</banner>
		<fanart>G5PYNPY.jpg</fanart>
		<logo>uBuNDXQ.png</logo>
		<plot>Juegos categorizados con revisiones</plot>
		<trailer>uL7ZsYbnV-8</trailer>
	</category>
	<category>
		<label>v1.02</label>
		<thumb>UjiFRFI.jpg</thumb>
		<banner>FxlahYn.jpg</banner>
		<fanart>G5PYNPY.jpg</fanart>
		<logo>uBuNDXQ.png</logo>
		<plot>Juegos categorizados con revisiones</plot>
		<trailer>uL7ZsYbnV-8</trailer>
	</category>
	<category>
		<label>v1.03</label>
		<thumb>UjiFRFI.jpg</thumb>
		<banner>FxlahYn.jpg</banner>
		<fanart>G5PYNPY.jpg</fanart>
		<logo>uBuNDXQ.png</logo>
		<plot>Juegos categorizados con revisiones</plot>
		<trailer>uL7ZsYbnV-8</trailer>
	</category>
	<category>
		<label>v1.04</label>
		<thumb>UjiFRFI.jpg</thumb>
		<banner>FxlahYn.jpg</banner>
		<fanart>G5PYNPY.jpg</fanart>
		<logo>uBuNDXQ.png</logo>
		<plot>Juegos categorizados con revisiones</plot>
		<trailer>uL7ZsYbnV-8</trailer>
	</category>
	<category>
		<label>v1.1</label>
		<thumb>UjiFRFI.jpg</thumb>
		<banner>FxlahYn.jpg</banner>
		<fanart>G5PYNPY.jpg</fanart>
		<logo>uBuNDXQ.png</logo>
		<plot>Juegos categorizados con revisiones</plot>
		<trailer>uL7ZsYbnV-8</trailer>
	</category>
	<category>
		<label>v1.2</label>
		<thumb>UjiFRFI.jpg</thumb>
		<banner>FxlahYn.jpg</banner>
		<fanart>G5PYNPY.jpg</fanart>
		<logo>uBuNDXQ.png</logo>
		<plot>Juegos categorizados con revisiones</plot>
		<trailer>uL7ZsYbnV-8</trailer>
	</category>
	<category>
		<label>v2.0</label>
		<thumb>UjiFRFI.jpg</thumb>
		<banner>FxlahYn.jpg</banner>
		<fanart>G5PYNPY.jpg</fanart>
		<logo>uBuNDXQ.png</logo>
		<plot>Juegos categorizados con revisiones</plot>
		<trailer>uL7ZsYbnV-8</trailer>
	</category>
	<category>
		<label>v2.00</label>
		<thumb>UjiFRFI.jpg</thumb>
		<banner>FxlahYn.jpg</banner>
		<fanart>G5PYNPY.jpg</fanart>
		<logo>uBuNDXQ.png</logo>
		<plot>Juegos categorizados con revisiones</plot>
		<trailer>uL7ZsYbnV-8</trailer>
	</category>
	<category>
		<label>Rev 1</label>
		<thumb>UjiFRFI.jpg</thumb>
		<banner>FxlahYn.jpg</banner>
		<fanart>G5PYNPY.jpg</fanart>
		<logo>uBuNDXQ.png</logo>
		<plot>Juegos categorizados con revisiones</plot>
		<trailer>uL7ZsYbnV-8</trailer>
	</category>
	<category>
		<label>Rev 2</label>
		<thumb>UjiFRFI.jpg</thumb>
		<banner>FxlahYn.jpg</banner>
		<fanart>G5PYNPY.jpg</fanart>
		<logo>uBuNDXQ.png</logo>
		<plot>Juegos categorizados con revisiones</plot>
		<trailer>uL7ZsYbnV-8</trailer>
	</category>
	<category>
		<label>Rev 3</label>
		<thumb>UjiFRFI.jpg</thumb>
		<banner>FxlahYn.jpg</banner>
		<fanart>G5PYNPY.jpg</fanart>
		<logo>uBuNDXQ.png</logo>
		<plot>Juegos categorizados con revisiones</plot>
		<trailer>uL7ZsYbnV-8</trailer>
	</category>
	<category>
		<label>Rev 4</label>
		<thumb>UjiFRFI.jpg</thumb>
		<banner>FxlahYn.jpg</banner>
		<fanart>G5PYNPY.jpg</fanart>
		<logo>uBuNDXQ.png</logo>
		<plot>Juegos categorizados con revisiones</plot>
		<trailer>uL7ZsYbnV-8</trailer>
	</category>
	<category>
		<label>Rev 5</label>
		<thumb>UjiFRFI.jpg</thumb>
		<banner>FxlahYn.jpg</banner>
		<fanart>G5PYNPY.jpg</fanart>
		<logo>uBuNDXQ.png</logo>
		<plot>Juegos categorizados con revisiones</plot>
		<trailer>uL7ZsYbnV-8</trailer>
	</category>
	<category>
		<label>Rev A</label>
		<thumb>UjiFRFI.jpg</thumb>
		<banner>FxlahYn.jpg</banner>
		<fanart>G5PYNPY.jpg</fanart>
		<logo>uBuNDXQ.png</logo>
		<plot>Juegos categorizados con revisiones</plot>
		<trailer>uL7ZsYbnV-8</trailer>
	</category>
	<category>
		<label>Rev B</label>
		<thumb>UjiFRFI.jpg</thumb>
		<banner>FxlahYn.jpg</banner>
		<fanart>G5PYNPY.jpg</fanart>
		<logo>uBuNDXQ.png</logo>
		<plot>Juegos categorizados con revisiones</plot>
		<trailer>uL7ZsYbnV-8</trailer>
	</category>
	<category>
		<label>Rev C</label>
		<thumb>UjiFRFI.jpg</thumb>
		<banner>FxlahYn.jpg</banner>
		<fanart>G5PYNPY.jpg</fanart>
		<logo>uBuNDXQ.png</logo>
		<plot>Juegos categorizados con revisiones</plot>
		<trailer>uL7ZsYbnV-8</trailer>
	</category>
	<category>
		<label>Bootleg</label>
		<thumb>hLFzTu7.jpg</thumb>
		<banner>G3eZeWu.jpg</banner>
		<fanart>G5PYNPY.jpg</fanart>
		<logo>DW9VEPP.png</logo>
		<plot>Juegos clasificados como arranque</plot>
		<trailer>uL7ZsYbnV-8</trailer>
	</category>
	<category>
		<label>Bootleg?</label>
		<thumb>hLFzTu7.jpg</thumb>
		<banner>G3eZeWu.jpg</banner>
		<fanart>G5PYNPY.jpg</fanart>
		<logo>DW9VEPP.png</logo>
		<plot>Juegos clasificados como arranque</plot>
		<trailer>uL7ZsYbnV-8</trailer>
	</category>
	<category>
		<label>Boot</label>
		<thumb>hLFzTu7.jpg</thumb>
		<banner>G3eZeWu.jpg</banner>
		<fanart>G5PYNPY.jpg</fanart>
		<logo>DW9VEPP.png</logo>
		<plot>Juegos clasificados como arranque</plot>
		<trailer>uL7ZsYbnV-8</trailer>
	</category>
	<category>
		<label>Bootleg Set 1</label>
		<thumb>hLFzTu7.jpg</thumb>
		<banner>G3eZeWu.jpg</banner>
		<fanart>G5PYNPY.jpg</fanart>
		<logo>DW9VEPP.png</logo>
		<plot>Juegos clasificados como arranque</plot>
		<trailer>uL7ZsYbnV-8</trailer>
	</category>
	<category>
		<label>Bootleg Set 2</label>
		<thumb>hLFzTu7.jpg</thumb>
		<banner>G3eZeWu.jpg</banner>
		<fanart>G5PYNPY.jpg</fanart>
		<logo>DW9VEPP.png</logo>
		<plot>Juegos clasificados como arranque</plot>
		<trailer>uL7ZsYbnV-8</trailer>
	</category>
	<category>
		<label>Unl</label>
		<thumb>wCPzN5e.jpg</thumb>
		<banner>DkJm1sz.jpg</banner>
		<fanart>G5PYNPY.jpg</fanart>
		<logo>p2HjhZN.png</logo>
		<plot>Juegos clasificados como sin licencia</plot>
		<trailer>uL7ZsYbnV-8</trailer>
	</category>
	<category>
		<label>SGB Enhanced</label>
		<thumb>5NgQvuQ.jpg</thumb>
		<banner>dTpx2fz.jpg</banner>
		<fanart>G5PYNPY.jpg</fanart>
		<logo>5hN56lk.png</logo>
		<plot>Juegos categorizados con mejoras</plot>
		<trailer>uL7ZsYbnV-8</trailer>
	</category>
	<category>
		<label>NDSi Enhanced</label>
		<thumb>5NgQvuQ.jpg</thumb>
		<banner>dTpx2fz.jpg</banner>
		<fanart>G5PYNPY.jpg</fanart>
		<logo>5hN56lk.png</logo>
		<plot>Juegos categorizados con mejoras</plot>
		<trailer>uL7ZsYbnV-8</trailer>
	</category>
	<category>
		<label>Desconocido</label>
		<thumb>fYMsybe.jpg</thumb>
		<banner>pc540fV.jpg</banner>
		<fanart>G5PYNPY.jpg</fanart>
		<logo>nQfTbZq.png</logo>
		<plot>Estos juegos tienen un género desconocido o ningún género fue identificado</plot>
		<trailer>JccIZwsCl-8</trailer>
	</category>
	<category>
		<label>default</label>
		<thumb>fYMsybe.jpg</thumb>
		<banner>pc540fV.jpg</banner>
		<fanart>G5PYNPY.jpg</fanart>
		<logo>nQfTbZq.png</logo>
		<plot/>
		<trailer>JccIZwsCl-8</trailer>
	</category>
</categories>
