<?xml version="1.0" encoding="UTF-8" standalone="yes"?>
<addon	id="script.module.defusedxml"
		name="defusedxml"
		version="0.6.0"
		provider-name="Christian Heimes">
	<requires>
		<import addon="xbmc.python" version="2.25.0"/>
	</requires>
	<extension
		point="xbmc.python.module"
		library="lib" />
	<extension
		point="xbmc.addon.metadata">
		<summary lang="en_GB">defusedxml -- defusing XML bombs and other exploits</summary>
		<description lang="en_GB">Packed for KODI from https://github.com/tiran/defusedxml</description>
		<summary lang="es_ES">defusedxml -- defusing XML bombas y otras hazañas</summary>
		<description lang="es_ES">Empaquetado para KODI desde https://github.com/tiran/defusedxml</description>
		<platform>all</platform>
		<license>PSF</license>
		<website>https://pypi.org/project/defusedxml/</website>
		<source>https://github.com/tiran/defusedxml</source>
		<assets>
			<icon>icon.png</icon>
		</assets>
	</extension>
</addon>
