<?xml version="1.0" encoding="UTF-8" standalone="yes"?>
<addon id="game.controller.keyboard"
        name="IMB Model M Keyboard"
        version="1.1.5"
        provider-name="Team Kodi">
    <extension point="kodi.game.controller" library="resources/layout.xml"/>
    <extension point="xbmc.addon.metadata">
        <summary lang="en_GB">IMB Model M keyboard</summary>
        <description lang="en_GB">The IMB Model M keyboard, introduced in 1984, is regarded as a timeless and durable piece of hardware.</description>
        <disclaimer lang="en_GB">Image credit: Wikipedia (wikipedia.org)</disclaimer>
		<summary lang = "es_ES"> Teclado IMB Modelo M </summary>
        <description lang = "es_ES"> El teclado IMB Modelo M, presentado en 1984, se considera una pieza de hardware intemporal y duradera. </description>
        <disclaimer lang = "es_ES"> Crédito de imagen: Wikipedia (wikipedia.org) </disclaimer>
        <platform>all</platform>
        <assets>
            <icon>resources/icon.png</icon>
        </assets>
    </extension>
</addon>
