<?xml version="1.0" encoding="UTF-8" standalone="yes"?>
<addon id="game.controller.atari.xges.xg1"
        name="Atari XG-1 Lightgun"
        version="1.0.7"
        provider-name="Team Kodi">
    <extension point="kodi.game.controller" library="resources/layout.xml"/>
    <extension point="xbmc.addon.metadata">
        <summary lang="en_GB">Atari XG-1 lightgun</summary>
        <description lang="en_GB">The Atari XG-1 is the light gun that came bundled with the Atari XEGS, a game console released in 1987. Many users complained of the horrible accuracy of the device.</description>
        <disclaimer lang="en_GB">Image credit: Wikipedia (wikipedia.org)</disclaimer>
		<summary lang = "es_ES"> pistola de luz Atari XG-1 </summary>
        <description lang = "es_ES"> La Atari XG-1 es la pistola ligera que viene incluida con la Atari XEGS, una consola de juegos lanzada en 1987. Muchos usuarios se quejaron de la horrible precisión del dispositivo. </description>
        <disclaimer lang = "es_ES"> Crédito de imagen: Wikipedia (wikipedia.org) </disclaimer>
        <platform>all</platform>
        <assets>
            <icon>resources/icon.png</icon>
        </assets>
    </extension>
</addon>
