<?xml version="1.0" encoding="UTF-8" standalone="yes"?>
<layout label="30000" image="layout.png">
  <category name="keys" label="35167">
    <!-- International key mappings -->
    <key name="1" symbol="1" label="30001"/>
    <key name="2" symbol="2" label="30002"/>
    <key name="3" symbol="3" label="30003"/>
    <key name="4" symbol="4" label="30004"/>
    <key name="5" symbol="5" label="30005"/>
    <key name="6" symbol="6" label="30006"/>
    <key name="7" symbol="7" label="30007"/>
    <key name="8" symbol="8" label="30008"/>
    <key name="9" symbol="9" label="30009"/>
    <key name="0" symbol="0" label="30010"/>
    <key name="a" symbol="a" label="30011"/>
    <key name="b" symbol="b" label="30012"/>
    <key name="c" symbol="c" label="30013"/>
    <key name="d" symbol="d" label="30014"/>
    <key name="e" symbol="e" label="30015"/>
    <key name="f" symbol="f" label="30016"/>
    <key name="g" symbol="g" label="30017"/>
    <key name="h" symbol="h" label="30018"/>
    <key name="i" symbol="i" label="30019"/>
    <key name="j" symbol="j" label="30020"/>
    <key name="k" symbol="k" label="30021"/>
    <key name="l" symbol="l" label="30022"/>
    <key name="m" symbol="m" label="30023"/>
    <key name="n" symbol="n" label="30024"/>
    <key name="o" symbol="o" label="30025"/>
    <key name="p" symbol="p" label="30026"/>
    <key name="q" symbol="q" label="30027"/>
    <key name="r" symbol="r" label="30028"/>
    <key name="s" symbol="s" label="30029"/>
    <key name="t" symbol="t" label="30030"/>
    <key name="u" symbol="u" label="30031"/>
    <key name="v" symbol="v" label="30032"/>
    <key name="w" symbol="w" label="30033"/>
    <key name="x" symbol="x" label="30034"/>
    <key name="y" symbol="y" label="30035"/>
    <key name="z" symbol="z" label="30036"/>
    <key name="space" symbol="space" label="30037"/>
    <key name="comma" symbol="comma" label="30038"/>
    <key name="period" symbol="period" label="30039"/>
    <key name="semicolon" symbol="semicolon" label="30040"/>
    <key name="minus" symbol="minus" label="30041"/>
    <key name="equals" symbol="equals" label="30042"/>
    <key name="at" symbol="at" label="30043"/>
    <key name="openbracket" symbol="leftbracket" label="30044"/>
    <key name="tab" symbol="tab" label="30045"/>
    <key name="return" symbol="return" label="30046"/>
    <key name="backspace" symbol="backspace" label="30047"/>
    <key name="esc" symbol="escape" label="30048"/>
    <key name="up" symbol="up" label="30049"/>
    <key name="right" symbol="right" label="30050"/>
    <key name="down" symbol="down" label="30051"/>
    <key name="left" symbol="left" label="30052"/>
    <key name="num0" symbol="kp0" label="30053"/>
    <key name="num1" symbol="kp1" label="30054"/>
    <key name="num2" symbol="kp2" label="30055"/>
    <key name="num3" symbol="kp3" label="30056"/>
    <key name="num4" symbol="kp4" label="30057"/>
    <key name="num5" symbol="kp5" label="30058"/>
    <key name="num6" symbol="kp6" label="30059"/>
    <key name="num7" symbol="kp7" label="30060"/>
    <key name="num8" symbol="kp8" label="30061"/>
    <key name="num9" symbol="kp9" label="30062"/>
    <key name="numperiod" symbol="kpperiod" label="30063"/>
    <key name="shift" symbol="leftshift" label="30064"/>
    <key name="ctrl" symbol="leftctrl" label="30065"/>
    <key name="capslock" symbol="capslock" label="30066"/>
    <key name="numenter" symbol="kpenter" label="30067"/>
    <key name="delete" symbol="delete" label="30068"/>
    <key name="end" symbol="end" label="30069"/>
    <key name="pageup" symbol="pageup" label="30070"/>
    <key name="pagedown" symbol="pagedown" label="30071"/>
    <key name="ins" symbol="insert" label="30072"/>
    <key name="home" symbol="home" label="30073"/>
    <key name="copy" symbol="leftalt" label="30074"/>
  </category>
</layout>
