<?xml version="1.0" encoding="UTF-8" standalone="yes"?>
<addon id="script.module.bottle" name="Bottle" version="0.12.17" provider-name="Marcel Hellkamp">
  <requires>
    <import addon="xbmc.python" version="2.20.0"/>
  </requires>
  <extension point="xbmc.python.module" library="lib"/>
  <extension point="kodi.addon.metadata">
    <summary lang="en_GB">Fast and simple WSGI-framework for small web-applications</summary>
    <description lang="en_GB">Bottle is a fast and simple micro-framework for small web applications. It offers request dispatching (Routes) with url parameter support, templates, a built-in HTTP Server and adapters for many third party WSGI/HTTP-server and template engines - all in a single file and with no dependencies other than the Python Standard Library.</description>
    <summary lang="es_ES">Marco WSGI rápido y simple para pequeñas aplicaciones web</summary>
    <description lang="es_ES">Bottle es un micro marco rápido y simple para pequeñas aplicaciones web. Ofrece despacho de solicitudes (rutas) con soporte de parámetros de url, plantillas, un servidor HTTP incorporado y adaptadores para muchos motores de plantillas y servidores WSGI / HTTP de terceros, todo en un solo archivo y sin dependencias distintas de la biblioteca estándar de Python .</description>
	<license>MIT</license>
    <source>https://github.com/bottlepy/bottle</source>
    <website>http://bottlepy.org</website>
  </extension>
</addon>
