<?xml version="1.0" encoding="UTF-8" standalone="yes"?>
<addon id="script.cloud.masqelec" name="Cloud masQelec" version="0.0.1" provider-name="Cloud masQelec">
    <extension point="xbmc.python.script" library="addon.py">
        <provides></provides>
    </extension>
    <extension point="xbmc.addon.metadata">
        <summary>Cloud masQelec</summary>
	    <description>Cloud masQelec mantiene actualizada tu biblioteca</description>
        <platform>all</platform>
	    <assets>
		    <icon>icon.png</icon>
	    </assets>
    </extension>
</addon>
