<?xml version="1.0" encoding="UTF-8" standalone="yes"?>
<addon id="game.controller.saturn.mouse"
        name="Sega Shuttle Mouse"
        version="1.0.8"
        provider-name="Team Kodi">
    <extension point="kodi.game.controller" library="resources/layout.xml"/>
    <extension point="xbmc.addon.metadata">
        <summary lang="en_GB">Sega Shuttle Mouse</summary>
        <description lang="en_GB">The Shuttle Mouse, released in 1994, is an official mouse peripheral for the Sega Saturn. It was designed to be used with simulation-oriented games</description>
        <summary lang = "es_ES"> Sega Shuttle Mouse </summary>
        <description lang = "es_ES"> El Shuttle Mouse, lanzado en 1994, es un periférico oficial para el Sega Saturn. Fue diseñado para ser utilizado con juegos orientados a la simulación </description>
		<platform>all</platform>
        <assets>
            <icon>resources/icon.png</icon>
        </assets>
    </extension>
</addon>
