<?xml version="1.0" encoding="UTF-8"?>
<addon id="inputstream.rtmp" version="2.0.9.2" name="RTMP Input" provider-name="spiff">
  <requires>
    <import addon="kodi.binary.global.main" version="1.0.14"/>
    <import addon="kodi.binary.instance.inputstream" version="2.0.8"/>
  </requires>
  <extension point="kodi.inputstream" name="rtmp" protocols="rtmp|rtmpt|rtmpe|rtmpte|rtmps" library_linux="inputstream.rtmp.so.2.0.9"/>
  <extension point="xbmc.addon.metadata">
    <summary lang="en">Client for RTMP streams</summary>
    <description lang="en">The Real Time Messaging Protocol (RTMP) is a proprietary network protocol developed by Adobe Inc. to transmit audio, video and other data over the Internet from a media server to a flash player.

This addon implements RTMP streaming support for Kodi and installed add-ons.
</description>
    <platform/>
    <license>GPL-2.0</license>
    <source>https://github.com/xbmc/inputstream.rtmp</source>
    <assets>
      <icon>icon.png</icon>
    </assets>
  </extension>
</addon>
