<?xml version="1.0" encoding="UTF-8" standalone="yes"?>
<addon id="plugin.googledrive" name="Google Drive" version="1.3.4" provider-name="Carlos Guzman (cguZZman)">
	<requires>
		<import addon="xbmc.python" version="2.25.0" />
		<import addon="script.module.clouddrive.common" version="1.2.12"/>
	</requires>
	<extension point="xbmc.python.pluginsource" library="addon.py">
		<provides></provides>
	</extension>
	<extension point="xbmc.service" library="service.py" start="login" />
	<extension point="xbmc.addon.metadata">
		<language>en es</language>
		<platform>all</platform>
		<summary lang="en_GB">Google Drive for KODI</summary>
		<description lang="en_GB">
Play all your media from Google Drive including Videos, Music and Pictures (including Google Photos).
 - Unlimited number of accounts.
 - Team Drives support
 - Google Photos support
 - Search over your drive.
 - Auto-Refreshed slideshow.
 - Export your videos to your library (.strm files)
 - Use Google Drive as a source
 - This program is not affiliated with or sponsored by Google.
		</description>
<summary lang="es_ES">Google Drive para KODI</summary>
		<description lang="es_ES">
Reproduzca todos sus medios de Google Drive, incluidos videos, música e imágenes (incluidas Google Photos).
 - Número ilimitado de cuentas.
 - Soporte de Team Drives
 - Soporte de Google Photos
 - Busca en tu disco.
 - Presentación de diapositivas con actualización automática.
 - Exporte sus videos a su biblioteca (archivos .strm)
 - Use Google Drive como fuente
 - Este programa no está afiliado ni patrocinado por Google.
		</description>
		<summary lang="he_IL">כונן Google Drive של מיקרוסופט עבור קודי</summary>
		<description lang="he_IL">
הפעל את כל המדיה שלך מ- Google Drive כולל וידאו, מוסיקה ותמונות.
  - מספר בלתי מוגבל של חשבונות.
  - חיפוש ומציאת הכונן שלך.
  - ריענון מצגת אוטומטית.
  - ייצוא קטעי הווידאו לספרייה שלך (קבצי .strm)
  - שימוש ב-Google Drive כמקור
  - תוכנית זו אינה קשורה או ממומנת על ידי Google.
		</description>
		<license>GPL-3.0-or-later</license>
		<source>https://github.com/cguZZman/plugin.googledrive</source>
		<forum>https://github.com/cguZZman/plugin.googledrive/issues</forum>
		<website>https://addons.kodi.tv/show/plugin.googledrive</website>
		<assets>
			<icon>icon.png</icon>
			<fanart>fanart.jpg</fanart>
		</assets>
		<news>
v1.3.4 released Mar 3, 2020:
- NFO export
		</news>
		<disclaimer lang="en_GB">
This cloud drive addon uses a third-party authentication mechanism commonly known as OAuth 2.0.
If you want to know more about OAuth 2.0 you can visit the following pages:
- https://oauth.net/2/
- https://developers.google.com/identity/protocols/OAuth2
- https://docs.microsoft.com/en-us/onedrive/developer/rest-api/getting-started/msa-oauth

Kodi and myself take no responsibility or liability.

The authentication server URL is specified in Settings / Advanced / Sign-in Server. The Sign-in Server implements the OAuth 2.0 protocol.
The complete source code of the Sign-in Server can be download here: https://github.com/cguZZman/drive-login
You can clone the project and host it in your own server. 
		</disclaimer>
		<disclaimer lang="es_ES">
Este complemento de unidad en la nube utiliza un mecanismo de autenticación de terceros comúnmente conocido como OAuth 2.0.
Si desea saber más sobre OAuth 2.0, puede visitar las siguientes páginas:
- https://oauth.net/2/
- https://developers.google.com/identity/protocols/OAuth2
- https://docs.microsoft.com/en-us/onedrive/developer/rest-api/getting-started/msa-oauth

Kodi y yo no nos hacemos responsables.

La URL del servidor de autenticación se especifica en Configuración / Avanzado / Servidor de inicio de sesión. El servidor de inicio de sesión implementa el protocolo OAuth 2.0.
El código fuente completo del servidor de inicio de sesión se puede descargar aquí: https://github.com/cguZZman/drive-login
Puede clonar el proyecto y alojarlo en su propio servidor. 
		</disclaimer>
	</extension>
</addon>
