<?xml version="1.0" encoding="UTF-8" standalone="yes"?>
<addon id="game.controller.psp"
        name="PSP"
        version="1.0.9"
        provider-name="Team Kodi">
    <extension point="kodi.game.controller" library="resources/layout.xml"/>
    <extension point="xbmc.addon.metadata">
        <summary lang="en_GB">PSP</summary>
        <description lang="en_GB">The PlayStation Portable (PSP) was released by Sony in 2004. It was praised for its high-end GPU and bright 4.3 inch screen. The PSP was succeeded by the PSP Go in 2009, and then the PlayStation Vita in 2011.</description>
        <disclaimer lang="en_GB">Image credit: OpenEmu (openemu.org)</disclaimer>
		<summary lang = "es_ES"> PSP </summary>
        <description lang = "es_ES"> Sony lanzó la PlayStation Portable (PSP) en 2004. Fue elogiada por su GPU de alta gama y su brillante pantalla de 4,3 pulgadas. El PSP fue sucedido por el PSP Go en 2009, y luego la PlayStation Vita en 2011. </description>
        <disclaimer lang = "es_ES"> Crédito de imagen: OpenEmu (openemu.org) </disclaimer>
        <platform>all</platform>
        <assets>
            <icon>resources/icon.png</icon>
        </assets>
    </extension>
</addon>
