{
    "Save": "Guardar",
    "Video": "Video",
    "Add": "Agregar",
    "Game": "Juego",
    "MediaType": "Tipo de medio",
    "ExternalPlayers": "Reproductores externos",
    "ExternalPlayer": "Reproductor externo",
    "PlayerPath": "Trayectoria al reproductor",
    "ArgumentsHelp": "Colocar cada argumento en una l\u00ednea separada",
    "TokenPath": "{path} = trayectoria al archivo de medios",
    "EnableFor": "Habilitar para:",
    "VideoFiles": "Archivos de video",
    "InternetStreams": "transmisiones desde Internet",
    "CommandLineArguments": "Argumentos de la l\u00ednea de comandos",
    "TokenStartPosMs": "{ms} = posici\u00f3n de inicio ms",
    "AdditionalFilters": "Filtros adicionales:",
    "GameSystem": "Sistema de Juegos:"
}