{
    "Save": "Salvesta",
    "Video": "Video",
    "Add": "Lisa",
    "Game": "M\u00e4ng",
    "MediaType": "Meediat\u00fc\u00fcp",
    "ExternalPlayers": "V\u00e4lised pleierid",
    "ExternalPlayer": "V\u00e4line pleier",
    "PlayerPath": "Pleieri asukoht",
    "ArgumentsHelp": "Aseta iga argument eraldi reale.",
    "TokenPath": "{path} = meediafaili asukoht",
    "EnableFor": "Luba:",
    "VideoFiles": "Videofailid",
    "InternetStreams": "Internetivood",
    "CommandLineArguments": "K\u00e4surea argumendid",
    "TokenStartPosMs": "{ms} = l\u00e4htepositsioon ms",
    "AdditionalFilters": "Lisafiltrid:",
    "GameSystem": "M\u00e4ngus\u00fcsteem:"
}