{
    "Save": "Enregistrer",
    "Video": "Vid\u00e9o",
    "Add": "Ajouter",
    "Game": "Jeu",
    "MediaType": "Type de m\u00e9dia",
    "ExternalPlayers": "Lecteurs externes",
    "ExternalPlayer": "Lecteur externe",
    "PlayerPath": "Chemin du lecteur",
    "ArgumentsHelp": "Placer un argument par ligne.",
    "TokenPath": "{path} = chemin vers le fichier multim\u00e9dia",
    "EnableFor": "Activer pour\u00a0:",
    "VideoFiles": "Fichiers vid\u00e9os",
    "InternetStreams": "Flux internet",
    "CommandLineArguments": "Arguments de la ligne de commande",
    "TokenStartPosMs": "{ms} = position de d\u00e9part en ms",
    "AdditionalFilters": "Filtres additionnels\u00a0:",
    "GameSystem": "Plateforme de jeu\u00a0:"
}