{
    "Save": "\uc800\uc7a5",
    "Video": "\ube44\ub514\uc624",
    "Add": "\ucd94\uac00",
    "Game": "\uac8c\uc784",
    "MediaType": "\ubbf8\ub514\uc5b4 \ud615\uc2dd",
    "ExternalPlayers": "\uc678\ubd80 \ud50c\ub808\uc774\uc5b4",
    "ExternalPlayer": "\uc678\ubd80 \ud50c\ub808\uc774\uc5b4",
    "PlayerPath": "\ud50c\ub808\uc774\uc5b4 \uacbd\ub85c",
    "ArgumentsHelp": "\uac01 \uc778\uc218\ub97c \ubcc4\ub3c4\uc758 \uc904\uc5d0 \ubc30\uce58\ud558\uc2ed\uc2dc\uc624.",
    "TokenPath": "{path} = \ubbf8\ub514\uc5b4 \ud30c\uc77c \uacbd\ub85c",
    "EnableFor": "\ud65c\uc131:",
    "VideoFiles": "\ube44\ub514\uc624 \ud30c\uc77c",
    "InternetStreams": "\uc778\ud130\ub137 \uc2a4\ud2b8\ub9bc",
    "CommandLineArguments": "\uba85\ub839 \uc904 \uc778\uc218",
    "TokenStartPosMs": "{ms} = \uc2dc\uc791 \uc9c0\uc810 ms",
    "AdditionalFilters": "\ud544\ud130 \ucd94\uac00:",
    "GameSystem": "\uac8c\uc784 \uc2dc\uc2a4\ud15c:"
}