<?xml version="1.0" encoding="UTF-8" standalone="yes"?>
<addon id="game.controller.joystick.4button"
        name="PC Joystick (4-Button)"
        version="1.0.9"
        provider-name="Team Kodi">
    <extension point="kodi.game.controller" library="resources/layout.xml"/>
    <extension point="xbmc.addon.metadata">
        <summary lang="en_GB">PC Joystick (4-Button)</summary>
        <description lang="en_GB">The 4-button joystick was compatible with the Game Port, a device port found on IBM PCs throughout the 1980s and 1990s.</description>
        <summary lang = "es_ES"> PC Joystick (4 botones) </summary>
        <description lang = "es_ES"> El joystick de 4 botones era compatible con Game Port, un puerto de dispositivo que se encontró en las PC de IBM durante los años 80 y 90. </description>
		<platform>all</platform>
        <assets>
            <icon>resources/icon.png</icon>
        </assets>
    </extension>
</addon>
