<?xml version="1.0" encoding="UTF-8" standalone="yes"?>
<addon id="game.controller.msx.joystick"
        name="MSX Joystick"
        version="1.0.3"
        provider-name="Team Lima-Dev">
    <extension point="kodi.game.controller" library="resources/layout.xml"/>
    <extension point="xbmc.addon.metadata">
        <summary lang="en_GB">MSX Joystick</summary>
        <description lang="en_GB">The MSX joystick featured A and B buttons and four-way directional control.</description>
        <disclaimer lang="en_GB">Image credit: Laurens Holst (www.grauw.nl)</disclaimer>
		<summary lang = "es_ES"> MSX Joystick </summary>
        <description lang = "es_ES"> El joystick MSX presentaba botones A y B y control direccional de cuatro direcciones. </description>
        <disclaimer lang = "es_ES"> Crédito de imagen: Laurens Holst (www.grauw.nl) </disclaimer>
        <platform>all</platform>
        <assets>
            <icon>resources/icon.png</icon>
        </assets>
    </extension>
</addon>
