<?xml version="1.0"?><root xmlns="urn:schemas-upnp-org:device-1-0" configId="0"><specVersion><major>1</major><minor>1</minor></specVersion><device><deviceType>urn:ses-com:device:SatIPServer:1</deviceType><friendlyName>minisatip</friendlyName><manufacturer>cata</manufacturer><manufacturerURL>http://github.com/catalinii/minisatip</manufacturerURL><modelDescription>minisatip for Linux</modelDescription><modelName>minisatip</modelName><modelNumber>1.1</modelNumber><modelURL></modelURL><serialNumber>1</serialNumber><UDN>uuid:$uuid$</UDN><iconList><icon><mimetype>image/png</mimetype><width>48</width><height>48</height><depth>24</depth><url>/sm.png</url></icon><icon><mimetype>image/png</mimetype><width>120</width><height>120</height><depth>24</depth><url>/lr.png</url></icon><icon><mimetype>image/jpeg</mimetype><width>48</width><height>48</height><depth>24</depth><url>/sm.jpg</url></icon><icon><mimetype>image/jpeg</mimetype><width>120</width><height>120</height><depth>24</depth><url>/lr.jpg</url></icon></iconList><presentationURL>http://$http_host$/</presentationURL>
<satip:X_SATIPCAP xmlns:satip="urn:ses-com:satip">DVBS2-$tuner_s2$,DVBT-$tuner_t$,DVBC-$tuner_c$,DVBC2-$tuner_c2$,DVBT2-$tuner_t2$</satip:X_SATIPCAP></device></root>