<?xml version="1.0" encoding="UTF-8" standalone="yes"?>
<addon id="script.module.addon.signals"
    name="Addon Signals"
    version="0.0.6"
    provider-name="Rick Phillips (ruuk)">
    <requires>
        <import addon="xbmc.python" version="2.14.0" />
    </requires>
    <extension point="xbmc.python.module" library="lib" />
    <extension point="xbmc.addon.metadata">
        <summary lang="en">Inter-addon signalling</summary>
		<summary lang="es">Inter-addon señalización</summary>
		<description lang="en">Provides signal/slot mechanism for inter-addon communication</description>
		<description lang="es">Proporciona un mecanismo de signal/slot para la comunicación entre complementos</description>
        <platform>all</platform>
        <license>LGPL-2.1-only</license>
        <source>https://github.com/ruuk/script.module.addon.signals</source>
        <assets>
            <icon>icon.png</icon>
        </assets>
    </extension>
</addon>
