<window>
  <defaultcontrol always="true">5</defaultcontrol>
  <allowoverlay>no</allowoverlay>
  <views>2</views>
  <controls>
    <include>CommonSettingsBackground</include>
    <include>CommonMediaPlayingBackground</include>
    <control type="group">
      <posx>90</posx>
      <posy>50</posy>
      <animation type="WindowOpen" reversible="false">
        <effect type="zoom" start="80" end="100" center="640,360" easing="out" tween="back" time="300" />
        <effect type="fade" start="0" end="100" time="300" />
      </animation>
      <animation type="WindowClose" reversible="false">
        <effect type="zoom" start="100" end="80" center="640,360" easing="in" tween="back" time="300" />
        <effect type="fade" start="100" end="0" time="300" />
      </animation>
      <control type="image">
        <posx>0</posx>
        <posy>0</posy>
        <width>1100</width>
        <height>640</height>
        <texture border="20">DialogBack.png</texture>
      </control>
      <control type="image">
        <description>LOGO</description>
        <posx>30</posx>
        <posy>15</posy>
        <width>220</width>
        <height>80</height>
        <aspectratio>keep</aspectratio>
        <texture>Confluence_Logo.png</texture>
      </control>
      <control type="image">
        <posx>268</posx>
        <posy>10</posy>
        <width>790</width>
        <height>618</height>
        <texture border="5">black-back2.png</texture>
      </control>
      <control type="image">
        <posx>268</posx>
        <posy>10</posy>
        <width>804</width>
        <height>70</height>
        <aspectratio>stretch</aspectratio>
        <texture>GlassTitleBar.png</texture>
      </control>
      <control type="label" id ="8">
        <description>header label</description>
        <posx>300</posx>
        <posy>20</posy>
        <width>740</width>
        <height>30</height>
        <font>font16caps</font>
        <label>$ADDON[pvr.vdr.vnsi 30009]</label>
        <align>left</align>
        <aligny>center</aligny>
        <textcolor>white</textcolor>
        <shadowcolor>black</shadowcolor>
      </control>
      <control type="button" id ="5">
        <description>Start/Stop Channel search</description>
        <posx>10</posx>
        <posy>90</posy>
        <width>260</width>
        <height>60</height>
        <textoffsety>13</textoffsety>
        <label>$ADDON[pvr.vdr.vnsi 30010]</label>
        <font>font13_title</font>
        <align>right</align>
        <aligny>center</aligny>
        <texturenofocus border="5">MenuItemNF.png</texturenofocus>
        <texturefocus border="5">MenuItemFO.png</texturefocus>
        <onleft>2</onleft>
        <onright>10</onright>
        <onup>6</onup>
        <ondown>6</ondown>
      </control>
      <control type="button" id ="6">
        <description>Cancel</description>
        <posx>10</posx>
        <posy>150</posy>
        <width>260</width>
        <height>60</height>
        <textoffsety>13</textoffsety>
        <label>$ADDON[pvr.vdr.vnsi 30024]</label>
        <font>font13_title</font>
        <align>right</align>
        <aligny>center</aligny>
        <texturenofocus border="5">MenuItemNF.png</texturenofocus>
        <texturefocus border="5">MenuItemFO.png</texturefocus>
        <onleft>10</onleft>
        <onright>10</onright>
        <onup>5</onup>
        <ondown>5</ondown>
        <visible>IsEmpty(Window.Property(Scanning))</visible>
      </control>
      <control type="group">
        <visible>IsEmpty(Window.Property(Scanning))</visible>
        <control type="spincontrolex" id="10">
          <description>Source Type</description>
          <posx>268</posx>
          <posy>80</posy>
          <width>790</width>
          <height>40</height>
          <font>font13</font>
          <textcolor>grey2</textcolor>
          <focusedcolor>white</focusedcolor>
          <texturefocus border="0,2,0,2">MenuItemFO.png</texturefocus>
          <texturenofocus border="0,2,0,2">MenuItemNF.png</texturenofocus>
          <aligny>center</aligny>
          <label>$ADDON[pvr.vdr.vnsi 30011]</label>
          <onright>5</onright>
          <onleft>5</onleft>
          <onup>22</onup>
          <ondown>11</ondown>
        </control>
        <control type="radiobutton" id="11">
          <description>Default RadioButton</description>
          <posx>268</posx>
          <posy>120</posy>
          <width>790</width>
          <height>40</height>
          <font>font13</font>
          <textcolor>grey2</textcolor>
          <focusedcolor>white</focusedcolor>
          <texturefocus border="0,2,0,2">MenuItemFO.png</texturefocus>
          <texturenofocus border="0,2,0,2">MenuItemNF.png</texturenofocus>
          <label>$ADDON[pvr.vdr.vnsi 30012]</label>
          <onright>5</onright>
          <onleft>5</onleft>
          <onup>10</onup>
          <ondown>12</ondown>
          <animation effect="slide" start="0,0" end="0,-40" time="100" condition="!Control.IsVisible(10)">Conditional</animation>
        </control>
        <control type="radiobutton" id="12">
          <description>Default RadioButton</description>
          <posx>268</posx>
          <posy>160</posy>
          <width>790</width>
          <height>40</height>
          <font>font13</font>
          <textcolor>grey2</textcolor>
          <focusedcolor>white</focusedcolor>
          <texturefocus border="0,2,0,2">MenuItemFO.png</texturefocus>
          <texturenofocus border="0,2,0,2">MenuItemNF.png</texturenofocus>
          <label>$ADDON[pvr.vdr.vnsi 30013]</label>
          <onright>5</onright>
          <onleft>5</onleft>
          <onup>11</onup>
          <ondown>13</ondown>
          <animation effect="slide" start="0,0" end="0,-40" time="100" condition="!Control.IsVisible(10)">Conditional</animation>
          <animation effect="slide" start="0,0" end="0,-40" time="100" condition="!Control.IsVisible(11)">Conditional</animation>
        </control>
        <control type="radiobutton" id="13">
          <description>Default RadioButton</description>
          <posx>268</posx>
          <posy>200</posy>
          <width>790</width>
          <height>40</height>
          <font>font13</font>
          <textcolor>grey2</textcolor>
          <focusedcolor>white</focusedcolor>
          <texturefocus border="0,2,0,2">MenuItemFO.png</texturefocus>
          <texturenofocus border="0,2,0,2">MenuItemNF.png</texturenofocus>
          <label>$ADDON[pvr.vdr.vnsi 30014]</label>
          <onright>5</onright>
          <onleft>5</onleft>
          <onup>12</onup>
          <ondown>14</ondown>
          <animation effect="slide" start="0,0" end="0,-40" time="100" condition="!Control.IsVisible(10)">Conditional</animation>
          <animation effect="slide" start="0,0" end="0,-40" time="100" condition="!Control.IsVisible(11)">Conditional</animation>
          <animation effect="slide" start="0,0" end="0,-40" time="100" condition="!Control.IsVisible(12)">Conditional</animation>
        </control>
        <control type="radiobutton" id="14">
          <description>Default RadioButton</description>
          <posx>268</posx>
          <posy>240</posy>
          <width>790</width>
          <height>40</height>
          <font>font13</font>
          <textcolor>grey2</textcolor>
          <focusedcolor>white</focusedcolor>
          <texturefocus border="0,2,0,2">MenuItemFO.png</texturefocus>
          <texturenofocus border="0,2,0,2">MenuItemNF.png</texturenofocus>
          <label>$ADDON[pvr.vdr.vnsi 30015]</label>
          <onright>5</onright>
          <onleft>5</onleft>
          <onup>13</onup>
          <ondown>15</ondown>
          <animation effect="slide" start="0,0" end="0,-40" time="100" condition="!Control.IsVisible(10)">Conditional</animation>
          <animation effect="slide" start="0,0" end="0,-40" time="100" condition="!Control.IsVisible(11)">Conditional</animation>
          <animation effect="slide" start="0,0" end="0,-40" time="100" condition="!Control.IsVisible(12)">Conditional</animation>
          <animation effect="slide" start="0,0" end="0,-40" time="100" condition="!Control.IsVisible(13)">Conditional</animation>
        </control>
        <control type="radiobutton" id="15">
          <description>Default RadioButton</description>
          <posx>268</posx>
          <posy>280</posy>
          <width>790</width>
          <height>40</height>
          <font>font13</font>
          <textcolor>grey2</textcolor>
          <focusedcolor>white</focusedcolor>
          <texturefocus border="0,2,0,2">MenuItemFO.png</texturefocus>
          <texturenofocus border="0,2,0,2">MenuItemNF.png</texturenofocus>
          <label>$ADDON[pvr.vdr.vnsi 30016]</label>
          <onright>5</onright>
          <onleft>5</onleft>
          <onup>14</onup>
          <ondown>16</ondown>
          <animation effect="slide" start="0,0" end="0,-40" time="100" condition="!Control.IsVisible(10)">Conditional</animation>
          <animation effect="slide" start="0,0" end="0,-40" time="100" condition="!Control.IsVisible(11)">Conditional</animation>
          <animation effect="slide" start="0,0" end="0,-40" time="100" condition="!Control.IsVisible(12)">Conditional</animation>
          <animation effect="slide" start="0,0" end="0,-40" time="100" condition="!Control.IsVisible(13)">Conditional</animation>
          <animation effect="slide" start="0,0" end="0,-40" time="100" condition="!Control.IsVisible(14)">Conditional</animation>
        </control>
        <control type="spincontrolex" id="16">
          <description>Country selection</description>
          <posx>268</posx>
          <posy>320</posy>
          <width>790</width>
          <height>40</height>
          <font>font13</font>
          <textcolor>grey2</textcolor>
          <focusedcolor>white</focusedcolor>
          <texturefocus border="0,2,0,2">MenuItemFO.png</texturefocus>
          <texturenofocus border="0,2,0,2">MenuItemNF.png</texturenofocus>
          <aligny>center</aligny>
          <label>$ADDON[pvr.vdr.vnsi 30017]</label>
          <onright>5</onright>
          <onleft>5</onleft>
          <onup>15</onup>
          <ondown>17</ondown>
          <animation effect="slide" start="0,0" end="0,-40" time="100" condition="!Control.IsVisible(10)">Conditional</animation>
          <animation effect="slide" start="0,0" end="0,-40" time="100" condition="!Control.IsVisible(11)">Conditional</animation>
          <animation effect="slide" start="0,0" end="0,-40" time="100" condition="!Control.IsVisible(12)">Conditional</animation>
          <animation effect="slide" start="0,0" end="0,-40" time="100" condition="!Control.IsVisible(13)">Conditional</animation>
          <animation effect="slide" start="0,0" end="0,-40" time="100" condition="!Control.IsVisible(14)">Conditional</animation>
          <animation effect="slide" start="0,0" end="0,-40" time="100" condition="!Control.IsVisible(15)">Conditional</animation>
        </control>
        <control type="spincontrolex" id="17">
          <description>Satellite selection</description>
          <posx>268</posx>
          <posy>360</posy>
          <width>790</width>
          <height>40</height>
          <font>font13</font>
          <textcolor>grey2</textcolor>
          <focusedcolor>white</focusedcolor>
          <texturefocus border="0,2,0,2">MenuItemFO.png</texturefocus>
          <texturenofocus border="0,2,0,2">MenuItemNF.png</texturenofocus>
          <aligny>center</aligny>
          <label>$ADDON[pvr.vdr.vnsi 30022]</label>
          <onright>5</onright>
          <onleft>5</onleft>
          <onup>16</onup>
          <ondown>18</ondown>
          <animation effect="slide" start="0,0" end="0,-40" time="100" condition="!Control.IsVisible(10)">Conditional</animation>
          <animation effect="slide" start="0,0" end="0,-40" time="100" condition="!Control.IsVisible(11)">Conditional</animation>
          <animation effect="slide" start="0,0" end="0,-40" time="100" condition="!Control.IsVisible(12)">Conditional</animation>
          <animation effect="slide" start="0,0" end="0,-40" time="100" condition="!Control.IsVisible(13)">Conditional</animation>
          <animation effect="slide" start="0,0" end="0,-40" time="100" condition="!Control.IsVisible(14)">Conditional</animation>
          <animation effect="slide" start="0,0" end="0,-40" time="100" condition="!Control.IsVisible(15)">Conditional</animation>
          <animation effect="slide" start="0,0" end="0,-40" time="100" condition="!Control.IsVisible(16)">Conditional</animation>
        </control>
        <control type="spincontrolex" id="18">
          <description>DVB-C Inversion</description>
          <posx>268</posx>
          <posy>400</posy>
          <width>790</width>
          <height>40</height>
          <font>font13</font>
          <textcolor>grey2</textcolor>
          <focusedcolor>white</focusedcolor>
          <texturefocus border="0,2,0,2">MenuItemFO.png</texturefocus>
          <texturenofocus border="0,2,0,2">MenuItemNF.png</texturenofocus>
          <aligny>center</aligny>
          <label>$ADDON[pvr.vdr.vnsi 30018]</label>
          <onright>5</onright>
          <onleft>5</onleft>
          <onup>17</onup>
          <ondown>29</ondown>
          <animation effect="slide" start="0,0" end="0,-40" time="100" condition="!Control.IsVisible(10)">Conditional</animation>
          <animation effect="slide" start="0,0" end="0,-40" time="100" condition="!Control.IsVisible(11)">Conditional</animation>
          <animation effect="slide" start="0,0" end="0,-40" time="100" condition="!Control.IsVisible(12)">Conditional</animation>
          <animation effect="slide" start="0,0" end="0,-40" time="100" condition="!Control.IsVisible(13)">Conditional</animation>
          <animation effect="slide" start="0,0" end="0,-40" time="100" condition="!Control.IsVisible(14)">Conditional</animation>
          <animation effect="slide" start="0,0" end="0,-40" time="100" condition="!Control.IsVisible(15)">Conditional</animation>
          <animation effect="slide" start="0,0" end="0,-40" time="100" condition="!Control.IsVisible(16)">Conditional</animation>
          <animation effect="slide" start="0,0" end="0,-40" time="100" condition="!Control.IsVisible(17)">Conditional</animation>
        </control>
        <control type="spincontrolex" id="29">
          <description>DVB-C Symbolrate</description>
          <posx>268</posx>
          <posy>440</posy>
          <width>790</width>
          <height>40</height>
          <font>font13</font>
          <textcolor>grey2</textcolor>
          <focusedcolor>white</focusedcolor>
          <texturefocus border="0,2,0,2">MenuItemFO.png</texturefocus>
          <texturenofocus border="0,2,0,2">MenuItemNF.png</texturenofocus>
          <aligny>center</aligny>
          <label>$ADDON[pvr.vdr.vnsi 30019]</label>
          <onright>5</onright>
          <onleft>5</onleft>
          <onup>18</onup>
          <ondown>20</ondown>
          <animation effect="slide" start="0,0" end="0,-40" time="100" condition="!Control.IsVisible(10)">Conditional</animation>
          <animation effect="slide" start="0,0" end="0,-40" time="100" condition="!Control.IsVisible(11)">Conditional</animation>
          <animation effect="slide" start="0,0" end="0,-40" time="100" condition="!Control.IsVisible(12)">Conditional</animation>
          <animation effect="slide" start="0,0" end="0,-40" time="100" condition="!Control.IsVisible(13)">Conditional</animation>
          <animation effect="slide" start="0,0" end="0,-40" time="100" condition="!Control.IsVisible(14)">Conditional</animation>
          <animation effect="slide" start="0,0" end="0,-40" time="100" condition="!Control.IsVisible(15)">Conditional</animation>
          <animation effect="slide" start="0,0" end="0,-40" time="100" condition="!Control.IsVisible(16)">Conditional</animation>
          <animation effect="slide" start="0,0" end="0,-40" time="100" condition="!Control.IsVisible(17)">Conditional</animation>
          <animation effect="slide" start="0,0" end="0,-40" time="100" condition="!Control.IsVisible(18)">Conditional</animation>
        </control>
        <control type="spincontrolex" id="20">
          <description>DVB-C QAM</description>
          <posx>268</posx>
          <posy>480</posy>
          <width>790</width>
          <height>40</height>
          <font>font13</font>
          <textcolor>grey2</textcolor>
          <focusedcolor>white</focusedcolor>
          <texturefocus border="0,2,0,2">MenuItemFO.png</texturefocus>
          <texturenofocus border="0,2,0,2">MenuItemNF.png</texturenofocus>
          <aligny>center</aligny>
          <label>$ADDON[pvr.vdr.vnsi 30020]</label>
          <onright>5</onright>
          <onleft>5</onleft>
          <onup>29</onup>
          <ondown>21</ondown>
          <animation effect="slide" start="0,0" end="0,-40" time="100" condition="!Control.IsVisible(10)">Conditional</animation>
          <animation effect="slide" start="0,0" end="0,-40" time="100" condition="!Control.IsVisible(11)">Conditional</animation>
          <animation effect="slide" start="0,0" end="0,-40" time="100" condition="!Control.IsVisible(12)">Conditional</animation>
          <animation effect="slide" start="0,0" end="0,-40" time="100" condition="!Control.IsVisible(13)">Conditional</animation>
          <animation effect="slide" start="0,0" end="0,-40" time="100" condition="!Control.IsVisible(14)">Conditional</animation>
          <animation effect="slide" start="0,0" end="0,-40" time="100" condition="!Control.IsVisible(15)">Conditional</animation>
          <animation effect="slide" start="0,0" end="0,-40" time="100" condition="!Control.IsVisible(16)">Conditional</animation>
          <animation effect="slide" start="0,0" end="0,-40" time="100" condition="!Control.IsVisible(17)">Conditional</animation>
          <animation effect="slide" start="0,0" end="0,-40" time="100" condition="!Control.IsVisible(18)">Conditional</animation>
          <animation effect="slide" start="0,0" end="0,-40" time="100" condition="!Control.IsVisible(29)">Conditional</animation>
        </control>
        <control type="spincontrolex" id="21">
          <description>DVB-T Inversion</description>
          <posx>268</posx>
          <posy>520</posy>
          <width>790</width>
          <height>40</height>
          <font>font13</font>
          <textcolor>grey2</textcolor>
          <focusedcolor>white</focusedcolor>
          <texturefocus border="0,2,0,2">MenuItemFO.png</texturefocus>
          <texturenofocus border="0,2,0,2">MenuItemNF.png</texturenofocus>
          <aligny>center</aligny>
          <label>$ADDON[pvr.vdr.vnsi 30021]</label>
          <onright>5</onright>
          <onleft>5</onleft>
          <onup>20</onup>
          <ondown>22</ondown>
          <animation effect="slide" start="0,0" end="0,-40" time="100" condition="!Control.IsVisible(10)">Conditional</animation>
          <animation effect="slide" start="0,0" end="0,-40" time="100" condition="!Control.IsVisible(11)">Conditional</animation>
          <animation effect="slide" start="0,0" end="0,-40" time="100" condition="!Control.IsVisible(12)">Conditional</animation>
          <animation effect="slide" start="0,0" end="0,-40" time="100" condition="!Control.IsVisible(13)">Conditional</animation>
          <animation effect="slide" start="0,0" end="0,-40" time="100" condition="!Control.IsVisible(14)">Conditional</animation>
          <animation effect="slide" start="0,0" end="0,-40" time="100" condition="!Control.IsVisible(15)">Conditional</animation>
          <animation effect="slide" start="0,0" end="0,-40" time="100" condition="!Control.IsVisible(16)">Conditional</animation>
          <animation effect="slide" start="0,0" end="0,-40" time="100" condition="!Control.IsVisible(17)">Conditional</animation>
          <animation effect="slide" start="0,0" end="0,-40" time="100" condition="!Control.IsVisible(18)">Conditional</animation>
          <animation effect="slide" start="0,0" end="0,-40" time="100" condition="!Control.IsVisible(29)">Conditional</animation>
          <animation effect="slide" start="0,0" end="0,-40" time="100" condition="!Control.IsVisible(20)">Conditional</animation>
        </control>
        <control type="spincontrolex" id="22">
          <description>ATSC Type</description>
          <posx>268</posx>
          <posy>560</posy>
          <width>790</width>
          <height>40</height>
          <font>font13</font>
          <textcolor>grey2</textcolor>
          <focusedcolor>white</focusedcolor>
          <texturefocus border="0,2,0,2">MenuItemFO.png</texturefocus>
          <texturenofocus border="0,2,0,2">MenuItemNF.png</texturenofocus>
          <aligny>center</aligny>
          <label>$ADDON[pvr.vdr.vnsi 30023]</label>
          <onright>5</onright>
          <onleft>5</onleft>
          <onup>21</onup>
          <ondown>10</ondown>
          <animation effect="slide" start="0,0" end="0,-40" time="100" condition="!Control.IsVisible(10)">Conditional</animation>
          <animation effect="slide" start="0,0" end="0,-40" time="100" condition="!Control.IsVisible(11)">Conditional</animation>
          <animation effect="slide" start="0,0" end="0,-40" time="100" condition="!Control.IsVisible(12)">Conditional</animation>
          <animation effect="slide" start="0,0" end="0,-40" time="100" condition="!Control.IsVisible(13)">Conditional</animation>
          <animation effect="slide" start="0,0" end="0,-40" time="100" condition="!Control.IsVisible(14)">Conditional</animation>
          <animation effect="slide" start="0,0" end="0,-40" time="100" condition="!Control.IsVisible(15)">Conditional</animation>
          <animation effect="slide" start="0,0" end="0,-40" time="100" condition="!Control.IsVisible(16)">Conditional</animation>
          <animation effect="slide" start="0,0" end="0,-40" time="100" condition="!Control.IsVisible(17)">Conditional</animation>
          <animation effect="slide" start="0,0" end="0,-40" time="100" condition="!Control.IsVisible(18)">Conditional</animation>
          <animation effect="slide" start="0,0" end="0,-40" time="100" condition="!Control.IsVisible(29)">Conditional</animation>
          <animation effect="slide" start="0,0" end="0,-40" time="100" condition="!Control.IsVisible(20)">Conditional</animation>
          <animation effect="slide" start="0,0" end="0,-40" time="100" condition="!Control.IsVisible(21)">Conditional</animation>
        </control>
      </control>
      <control type="group">
        <visible>!IsEmpty(Window.Property(Scanning))</visible>
        <control type="progress" id ="32">
          <description>Progressbar</description>
          <posx>275</posx>
          <posy>60</posy>
          <width>780</width>
          <height>14</height>
        </control>
        <control type="label">
          <description>type label</description>
          <posx>275</posx>
          <posy>85</posy>
          <width>250</width>
          <height>30</height>
          <font>font13</font>
          <label>$ADDON[pvr.vdr.vnsi 30026]</label>
          <align>left</align>
          <aligny>center</aligny>
          <textcolor>grey</textcolor>
          <shadowcolor>black</shadowcolor>
        </control>
        <control type="label" id ="30">
          <description>type value</description>
          <posx>1040</posx>
          <posy>85</posy>
          <width>500</width>
          <height>30</height>
          <font>font13</font>
          <label>-</label>
          <align>right</align>
          <aligny>center</aligny>
          <textcolor>white</textcolor>
          <shadowcolor>black</shadowcolor>
        </control>
        <control type="label">
          <description>device label</description>
          <posx>275</posx>
          <posy>115</posy>
          <width>250</width>
          <height>30</height>
          <font>font13</font>
          <label>$ADDON[pvr.vdr.vnsi 30027]</label>
          <align>left</align>
          <aligny>center</aligny>
          <textcolor>white</textcolor>
          <shadowcolor>black</shadowcolor>
        </control>
        <control type="label" id ="31">
          <description>device value</description>
          <posx>1040</posx>
          <posy>115</posy>
          <width>500</width>
          <height>30</height>
          <font>font13</font>
          <label>-</label>
          <align>right</align>
          <aligny>center</aligny>
          <textcolor>white</textcolor>
          <shadowcolor>black</shadowcolor>
        </control>
        <control type="label">
          <description>transponder label</description>
          <posx>275</posx>
          <posy>145</posy>
          <width>250</width>
          <height>30</height>
          <font>font13</font>
          <label>$ADDON[pvr.vdr.vnsi 30034]</label>
          <align>left</align>
          <aligny>center</aligny>
          <textcolor>white</textcolor>
          <shadowcolor>black</shadowcolor>
        </control>
        <control type="label" id ="33">
          <description>transponder value</description>
          <posx>1040</posx>
          <posy>145</posy>
          <width>500</width>
          <height>30</height>
          <font>font13</font>
          <label>-</label>
          <align>right</align>
          <aligny>center</aligny>
          <textcolor>white</textcolor>
          <shadowcolor>black</shadowcolor>
        </control>
        <control type="progress" id ="35">
          <description>Progressbar</description>
          <posx>30</posx>
          <posy>160</posy>
          <width>220</width>
          <height>50</height>
        </control>
        <control type="label" id ="34">
          <description>Signal label</description>
          <posx>40</posx>
          <posy>168</posy>
          <width>250</width>
          <height>30</height>
          <font>font13</font>
          <label>-</label>
          <align>left</align>
          <aligny>center</aligny>
          <textcolor>white</textcolor>
          <shadowcolor>black</shadowcolor>
        </control>
        <control type="image">
          <posx>215</posx>
          <posy>170</posy>
          <width>30</width>
          <height>30</height>
          <aspectratio>stretch</aspectratio>
          <texture>amt-overlay-watched.png</texture>
          <visible>!IsEmpty(Window.Property(Locked))</visible>
        </control>
        <control type="list" id="2">
          <posx>290</posx>
          <posy>180</posy>
          <width>750</width>
          <height>400</height>
          <onup>2</onup>
          <ondown>2</ondown>
          <onleft>10</onleft>
          <onright>60</onright>
          <pagecontrol>60</pagecontrol>
          <scrolltime>200</scrolltime>
          <itemlayout height="40" width="750">
            <control type="image">
              <posx>0</posx>
              <posy>0</posy>
              <width>750</width>
              <height>40</height>
              <aspectratio>stretch</aspectratio>
              <texture border="5">MenuItemNF.png</texture>
            </control>
            <control type="image">
              <posx>710</posx>
              <posy>5</posy>
              <width>40</width>
              <height>30</height>
              <aspectratio>stretch</aspectratio>
              <texture>OverlayLocked.png</texture>
              <visible>!IsEmpty(ListItem.Property(IsEncrypted))</visible>
            </control>
            <control type="image">
              <posx>690</posx>
              <posy>7</posy>
              <width>60</width>
              <height>25</height>
              <aspectratio>stretch</aspectratio>
              <texture>OverlayHD.png</texture>
              <animation effect="slide" start="0,0" end="-45,0" time="100" condition="!IsEmpty(ListItem.Property(IsEncrypted))">Conditional</animation>
              <visible>!IsEmpty(ListItem.Property(IsHD))</visible>
            </control>
            <control type="image">
              <posx>0</posx>
              <posy>2</posy>
              <width>36</width>
              <height>36</height>
              <aspectratio>stretch</aspectratio>
              <texture>DefaultVideoCover.png</texture>
              <visible>IsEmpty(ListItem.Property(IsRadio))</visible>
            </control>
            <control type="image">
              <posx>0</posx>
              <posy>2</posy>
              <width>36</width>
              <height>36</height>
              <aspectratio>stretch</aspectratio>
              <texture>DefaultAlbumCover.png</texture>
              <visible>!IsEmpty(ListItem.Property(IsRadio))</visible>
            </control>
            <control type="label">
              <posx>45</posx>
              <posy>0</posy>
              <width>500</width>
              <height>40</height>
              <font>font14</font>
              <align>left</align>
              <aligny>center</aligny>
              <textcolor>grey2</textcolor>
              <selectedcolor>selected</selectedcolor>
              <info>ListItem.Label</info>
            </control>
          </itemlayout>
          <focusedlayout height="40" width="750">
            <control type="image">
              <posx>0</posx>
              <posy>0</posy>
              <width>750</width>
              <height>40</height>
              <aspectratio>stretch</aspectratio>
              <texture border="5">MenuItemNF.png</texture>
              <visible>!Control.HasFocus(2)</visible>
              <include>VisibleFadeEffect</include>
            </control>
            <control type="image">
              <posx>0</posx>
              <posy>0</posy>
              <width>750</width>
              <height>40</height>
              <aspectratio>stretch</aspectratio>
              <texture border="5">MenuItemFO.png</texture>
              <visible>Control.HasFocus(2)</visible>
              <include>VisibleFadeEffect</include>
            </control>
            <control type="image">
              <posx>710</posx>
              <posy>5</posy>
              <width>40</width>
              <height>30</height>
              <aspectratio>stretch</aspectratio>
              <texture>OverlayLocked.png</texture>
              <visible>!IsEmpty(ListItem.Property(IsEncrypted))</visible>
            </control>
            <control type="image">
              <posx>690</posx>
              <posy>7</posy>
              <width>60</width>
              <height>25</height>
              <aspectratio>stretch</aspectratio>
              <texture>OverlayHD.png</texture>
              <animation effect="slide" start="0,0" end="-45,0" time="100" condition="!IsEmpty(ListItem.Property(IsEncrypted))">Conditional</animation>
              <visible>!IsEmpty(ListItem.Property(IsHD))</visible>
            </control>
            <control type="image">
              <posx>0</posx>
              <posy>2</posy>
              <width>36</width>
              <height>36</height>
              <aspectratio>stretch</aspectratio>
              <texture>DefaultVideoCover.png</texture>
              <visible>IsEmpty(ListItem.Property(IsRadio))</visible>
            </control>
            <control type="image">
              <posx>0</posx>
              <posy>2</posy>
              <width>36</width>
              <height>36</height>
              <aspectratio>stretch</aspectratio>
              <texture>DefaultAlbumCover.png</texture>
              <visible>!IsEmpty(ListItem.Property(IsRadio))</visible>
            </control>
            <control type="label">
              <posx>45</posx>
              <posy>0</posy>
              <width>500</width>
              <height>40</height>
              <font>font14</font>
              <align>left</align>
              <aligny>center</aligny>
              <textcolor>grey2</textcolor>
              <selectedcolor>selected</selectedcolor>
              <info>ListItem.Label</info>
            </control>
          </focusedlayout>
        </control>
        <control type="scrollbar" id="60">
          <posx>1060</posx>
          <posy>180</posy>
          <width>25</width>
          <height>410</height>
          <texturesliderbackground border="0,14,0,14">ScrollBarV.png</texturesliderbackground>
          <texturesliderbar border="0,14,0,14">ScrollBarV_bar.png</texturesliderbar>
          <texturesliderbarfocus border="0,14,0,14">ScrollBarV_bar_focus.png</texturesliderbarfocus>
          <textureslidernib>ScrollBarNib.png</textureslidernib>
          <textureslidernibfocus>ScrollBarNib.png</textureslidernibfocus>
          <onleft>2</onleft>
          <onright>10</onright>
          <showonepage>true</showonepage>
          <orientation>vertical</orientation>
        </control>
        <control type="label">
          <description>Page Count Label</description>
          <posx>1040</posx>
          <posy>600</posy>
          <width>500</width>
          <height>20</height>
          <font>font12</font>
          <textcolor>grey</textcolor>
          <scroll>false</scroll>
          <align>right</align>
          <aligny>center</aligny>
          <label>([COLOR=blue]$INFO[Container(2).NumItems][/COLOR]) $LOCALIZE[19019] - $LOCALIZE[31024] ([COLOR=blue]$INFO[Container(2).CurrentPage]/$INFO[Container(2).NumPages][/COLOR])</label>
        </control>
        <control type="label" id="36">
          <description>Status Label</description>
          <posx>275</posx>
          <posy>590</posy>
          <width>500</width>
          <height>20</height>
          <font>font14</font>
          <textcolor>yellow</textcolor>
          <scroll>false</scroll>
          <align>left</align>
          <aligny>center</aligny>
          <label>-</label>
        </control>
      </control>
    </control>
    <include>BehindDialogFadeOut</include>
    <control type="group">
      <posx>60</posx>
      <posy>0</posy>
      <animation effect="slide" end="-310,0" time="400" tween="quadratic" easing="out">WindowClose</animation>
      <animation effect="slide" start="-310,0" time="400" tween="quadratic" easing="out">WindowOpen</animation>
      <control type="image">
        <posx>0</posx>
        <posy>0</posy>
        <width>250</width>
        <height>35</height>
        <texture border="0,0,32,0">header.png</texture>
      </control>
      <control type="label">
        <include>WindowTitleCommons</include>
        <posx>220</posx>
        <label>$ADDON[pvr.vdr.vnsi 30008]</label>
      </control>
    </control>
    <include>WindowTitleHomeButton</include>
    <include>Clock</include>
  </controls>
</window>
