<?xml version="1.0" encoding="UTF-8" standalone="yes"?>
<addon id="game.controller.colecovision"
        name="ColecoVision Controller"
        version="1.0.8"
        provider-name="Team Kodi">
    <extension point="kodi.game.controller" library="resources/layout.xml"/>
    <extension point="xbmc.addon.metadata">
        <summary lang="en_GB">ColecoVision controller</summary>
        <description lang="en_GB">The ColecoVision is Coleco Industries' second-generation game console, released in 1982. IGN named it the 12th-best console, citing its accuracy in bringing arcade games to the home.</description>
        <disclaimer lang="en_GB">Image credit: OpenEmu (openemu.org)</disclaimer>
		<summary lang = "es_ES"> Controlador ColecoVision </summary>
        <description lang = "es_ES"> La ColecoVision es la consola de juegos de segunda generación de Coleco Industries, lanzada en 1982. IGN la nombró la 12ª mejor consola, citando su precisión para llevar los juegos de arcade a casa. </description>
        <disclaimer lang = "es_ES"> Crédito de imagen: OpenEmu (openemu.org) </disclaimer>
        <platform>all</platform>
        <assets>
            <icon>resources/icon.png</icon>
        </assets>
    </extension>
</addon>
