<?xml version="1.0" encoding="UTF-8" standalone="yes"?>
<addon id="game.controller.ws"
        name="WonderSwan"
        version="1.0.8"
        provider-name="Team Kodi">
    <extension point="kodi.game.controller" library="resources/layout.xml"/>
    <extension point="xbmc.addon.metadata">
        <summary lang="en_GB">WonderSwan</summary>
        <description lang="en_GB">The WonderSwan is a 16-bit handheld console released in 1999 by Bandai. It is playable both vertically and horizontally, and was praised for its long battery life and unique library of games.</description>
        <disclaimer lang="en_GB">Image credit: OpenEmu (openemu.org)</disclaimer>
		<summary lang = "es_ES"> WonderSwan </summary>
        <description lang = "es_ES"> La WonderSwan es una consola portátil de 16 bits lanzada en 1999 por Bandai. Es jugable tanto vertical como horizontalmente, y fue elogiado por su larga duración de la batería y su biblioteca única de juegos. </description>
        <disclaimer lang = "es_ES"> Crédito de imagen: OpenEmu (openemu.org) </disclaimer>
        <platform>all</platform>
        <assets>
            <icon>resources/icon.png</icon>
        </assets>
    </extension>
</addon>
