<?xml version="1.0" encoding="UTF-8" standalone="yes"?>
<addon id="game.controller.mouse"
        name="Computer Mouse"
        version="1.0.9"
        provider-name="Team Kodi">
    <extension point="kodi.game.controller" library="resources/layout.xml"/>
    <extension point="xbmc.addon.metadata">
        <summary lang="en_GB">Computer Mouse</summary>
        <description lang="en_GB">A standard mouse with two buttons and a middle wheel.</description>
		<summary lang = "es_ES"> Ratón de la computadora </summary>
        <description lang = "es_ES"> Un ratón estándar con dos botones y una rueda central. </description>
        <platform>all</platform>
        <assets>
            <icon>resources/icon.png</icon>
        </assets>
    </extension>
</addon>
