{
  "id": "streamhide",
  "name": "Streamhide",

  "active": true,

  "find_videos": {
    "ignore_urls": [],
    "patterns": [
      {
        "pattern": "(https://streamhide.to/.*?https://playhide.online/(?:e|d|w)/[A-z0-9]+)",
        "url": "\\1"
      },
      {
        "pattern": "(https://streamhide.to/.*?https://streamhide.to/(?:e|d|w)/[A-z0-9]+)",
        "url": "\\1"
      },
      {
        "pattern": "(https://streamhide.to/(?:e|d|w)/[A-z0-9]+)",
        "url": "https://streamhide.to/e/\\1"
      },
      {
        "pattern": "(https://playhide.online/(?:e|d|w)/[A-z0-9]+)",
        "url": "https://streamhide.to/e/\\1"
      },
      {
        "pattern": "(https://guccihide.com/(?:e|d|w)/[A-z0-9]+)",
        "url": "https://streamhide.to/e/\\1"
      },
      {
        "pattern": "(https://moviesm4u.com/(?:e|d|w)/[A-z0-9]+)",
        "url": "https://streamhide.to/e/\\1"
      }
    ]
  }

}
