{
  "id": "uqload",
  "name": "Uqload",
 
  "active": true,

  "find_videos": {
    "ignore_urls": [],
    "patterns": [
      {
        "pattern": "uqload.com/(?:embed-|)([A-z0-9]+)",
        "url": "https://uqload.com/embed-\\1.html"
      },
      {
        "pattern": "uqload.com/(?:embed-|)([A-z0-9]+).html",
        "url": "https://uqload.com/embed-\\"
      },
      {
        "pattern": "uqload.org/(?:embed-|)([A-z0-9]+)",
        "url": "https://uqload.com/embed-\\1.html"
      },
      {
        "pattern": "uqload.org/(?:embed-|)([A-z0-9]+).html",
        "url": "https://uqload.com/embed-\\1.html"
      },
      {
        "pattern": "uqload.co/(?:embed-|)([A-z0-9]+)",
        "url": "https://uqload.com/embed-\\1.html"
      },
      {
        "pattern": "uqload.co/(?:embed-|)([A-z0-9]+).html",
        "url": "https://uqload.com/embed-\\1.html"
      }
    ]
  }

}