{
    "Save": "Sauvegarder",
    "Video": "Vid\u00e9o",
    "Add": "Ajouter",
    "Game": "Jeu",
    "MediaType": "Type de m\u00e9dia",
    "ExternalPlayers": "Lecteurs externes",
    "ExternalPlayer": "Lecteur externe",
    "PlayerPath": "Chemin du lecteur",
    "ArgumentsHelp": "Placez chaque argument sur une ligne s\u00e9par\u00e9e.",
    "TokenPath": "{path} = chemin au fichier multim\u00e9dia",
    "EnableFor": "Activer pour:",
    "VideoFiles": "Fichiers vid\u00e9o",
    "InternetStreams": "Flux Internet",
    "CommandLineArguments": "Arguments de ligne de commande",
    "TokenStartPosMs": "{ms} = position de d\u00e9part ms",
    "AdditionalFilters": "Filtre additionnels:",
    "GameSystem": "Syst\u00e8me de jeu:"
}