{
    "Save": "\u05e9\u05de\u05d9\u05e8\u05d4",
    "Video": "\u05d5\u05d9\u05d3\u05d0\u05d5",
    "Add": "\u05d4\u05d5\u05e1\u05e4\u05d4",
    "Game": "\u05de\u05e9\u05d7\u05e7",
    "MediaType": "\u05e1\u05d5\u05d2 \u05de\u05d3\u05d9\u05d4",
    "ExternalPlayers": "\u05e0\u05d2\u05e0\u05d9\u05dd \u05d7\u05d9\u05e6\u05d5\u05e0\u05d9\u05d9\u05dd",
    "ExternalPlayer": "\u05e0\u05d2\u05df \u05d7\u05d9\u05e6\u05d5\u05e0\u05d9",
    "PlayerPath": "\u05e0\u05ea\u05d9\u05d1 \u05d4\u05e0\u05d2\u05df",
    "ArgumentsHelp": "\u05de\u05e7\u05dd \u05db\u05dc \u05de\u05e9\u05ea\u05e0\u05d4 \u05d1\u05e9\u05d5\u05e8\u05d4 \u05e0\u05e4\u05e8\u05d3\u05ea",
    "TokenPath": "{path} = \u05e0\u05ea\u05d9\u05d1 \u05dc\u05e7\u05d5\u05d1\u05e5 \u05de\u05d3\u05d9\u05d4",
    "EnableFor": "\u05d0\u05e4\u05e9\u05e8 \u05e2\u05d1\u05d5\u05e8:",
    "VideoFiles": "\u05e7\u05d1\u05e6\u05d9 \u05d5\u05d9\u05d3\u05d0\u05d5",
    "InternetStreams": "\u05d6\u05e8\u05de\u05d9 \u05d0\u05d9\u05e0\u05d8\u05e8\u05e0\u05d8",
    "CommandLineArguments": "\u05de\u05e9\u05ea\u05e0\u05d9 \u05e9\u05d5\u05e8\u05ea \u05e4\u05e7\u05d5\u05d3\u05d4",
    "TokenStartPosMs": "{ms} = \u05e0\u05e7\u05d5\u05d3\u05ea \u05d4\u05ea\u05d7\u05dc\u05d4 \u05d1\u05de\u05d9\u05dc\u05d9\u05e9\u05e0\u05d9\u05d5\u05ea (\u05d0\u05dc\u05e4\u05d9\u05ea \u05d4\u05e9\u05e0\u05d9\u05d9\u05d4)",
    "AdditionalFilters": "\u05de\u05e1\u05e0\u05e0\u05d9\u05dd \u05e0\u05d5\u05e1\u05e4\u05d9\u05dd:",
    "GameSystem": "\u05e7\u05d5\u05e0\u05e1\u05d5\u05dc\u05ea \u05de\u05e9\u05d7\u05e7\u05d9\u05dd:"
}