{
    "Save": "\u4fdd\u5b58",
    "Video": "\u30d3\u30c7\u30aa",
    "Add": "\u8ffd\u52a0",
    "Game": "\u30b2\u30fc\u30e0",
    "MediaType": "\u30e1\u30c7\u30a3\u30a2\u306e\u7a2e\u985e",
    "ExternalPlayers": "\u5916\u90e8\u30d7\u30ec\u30fc\u30e4",
    "ExternalPlayer": "\u5916\u90e8\u30d7\u30ec\u30fc\u30e4",
    "PlayerPath": "\u30d7\u30ec\u30fc\u30e4\u306e\u30d1\u30b9",
    "ArgumentsHelp": "\u5404\u5f15\u6570\u306f\u5225\u3005\u306e\u884c\u306b\u8a18\u8f09\u3057\u3066\u304f\u3060\u3055\u3044\u3002",
    "TokenPath": "{path} = \u30e1\u30c7\u30a3\u30a2\u30d5\u30a1\u30a4\u30eb\u3078\u306e\u30d1\u30b9",
    "EnableFor": "\u6709\u52b9\u306b\u3059\u308b:",
    "VideoFiles": "\u30d3\u30c7\u30aa\u30d5\u30a1\u30a4\u30eb",
    "InternetStreams": "\u30a4\u30f3\u30bf\u30fc\u30cd\u30c3\u30c8\u30b9\u30c8\u30ea\u30fc\u30e0",
    "CommandLineArguments": "\u30b3\u30de\u30f3\u30c9\u30e9\u30a4\u30f3\u5f15\u6570",
    "TokenStartPosMs": "{ms} = \u958b\u59cb\u4f4d\u7f6e(ms)",
    "AdditionalFilters": "\u8ffd\u52a0\u30d5\u30a3\u30eb\u30bf:",
    "GameSystem": "\u30b2\u30fc\u30e0\u30b7\u30b9\u30c6\u30e0:"
}