<?xml version="1.0" encoding="UTF-8" standalone="yes"?>
<addon id="game.controller.atari.2600"
        name="Atari 2600 Joystick"
        version="1.1.2"
        provider-name="Team Kodi">
    <extension point="kodi.game.controller" library="resources/layout.xml"/>
    <extension point="xbmc.addon.metadata">
        <summary lang="en_GB">Atari 2600 joystick</summary>
        <description lang="en_GB">The Atari CX40 joystick appeared on the Atari 2600 in 1977, and was considered such a great improvement over other controllers that it was the primary input device for most games.</description>
        <disclaimer lang="en_GB">Image credit: OpenEmu (openemu.org)</disclaimer>
		<summary lang = "es_ES"> Joystick Atari 2600 </summary>
        <description lang = "es_ES"> El joystick Atari CX40 apareció en el Atari 2600 en 1977, y se consideró una mejora tan grande sobre otros controladores que era el dispositivo de entrada principal para la mayoría de los juegos. </description>
        <disclaimer lang = "es_ES"> Crédito de imagen: OpenEmu (openemu.org) </disclaimer>
        <platform>all</platform>
        <assets>
            <icon>resources/icon.png</icon>
        </assets>
    </extension>
</addon>
