<?xml version="1.0" encoding="UTF-8" standalone="yes"?>
<addon id="script.module.pysocks" name="PySocks" version="1.6.8" provider-name="anorov">
  <requires>
    <import addon="xbmc.python" version="2.25.0"/>
    <import addon="script.module.win_inet_pton" version="1.1.0" optional="true"/>
  </requires>
  <extension point="xbmc.python.module" library="lib"/>
  <extension point="xbmc.addon.metadata">
    <summary lang="en_GB">A SOCKS proxy client and wrapper for Python</summary>
    <description lang="en_GB">PySocks lets you send traffic through SOCKS and HTTP proxy servers. It is a modern fork of SocksiPy with bug fixes and extra features.</description>
    <summary lang="es_ES">Un cliente proxy SOCKS y un contenedor para Python</summary>
    <description lang="es_ES">PySocks le permite enviar tráfico a través de SOCKS y servidores proxy HTTP. Es una bifurcación moderna de SocksiPy con correcciones de errores y características adicionales.</description>
    <platform>all</platform>
    <news>
## [1.6.8] - 2017-12-21
- Remove support for EOL Python 3.3

## [1.6.7] - 2017-03-22
- Make SocksiPy legacy functions kwarg-compatible. See issue [#71](https://github.com/Anorov/PySocks/pull/71).
- Use setuptools in setup.py to support wheel. See issue [#73](https://github.com/Anorov/PySocks/pull/73).
- Test and logging enhancements

## [1.6.6] - 2017-01-29
- Full test suite finally added
- Travis CI enabled for project
    </news>
    <language></language>
    <license>BSD</license>
    <forum></forum>
    <website>https://github.com/Anorov/PySocks</website>
    <source>https://github.com/dagwieers/script.module.pysocks</source>
    <email>dag@wieers.com</email>
    <assets>
      <icon>icon.png</icon>
    </assets>
  </extension>
</addon>
