<?xml version="1.0" encoding="UTF-8" standalone="yes"?>
<addon id="repository.coreelec"
		name="CoreELEC Add-ons"
		version="9.2"
		provider-name="CoreELEC">
	<extension point="xbmc.addon.repository"
		name="CoreELEC Add-ons">
		<info>https://addons.coreelec.org/9.2/Amlogic/arm/addons.xml.gz</info>
		<checksum verify="sha256">https://addons.coreelec.org/9.2/Amlogic/arm/addons.xml.gz?sha256</checksum>
		<datadir zip="true">https://addons.coreelec.org/9.2/Amlogic/arm</datadir>
	</extension>
	<extension point="xbmc.addon.metadata">
		<summary>CoreELEC Add-ons</summary>
		<description>The CoreELEC add-on repository contains Kodi PVR Clients and Servers, Screensavers, Visualisations, and more. Add-ons in this repository are maintained and supported by CoreELEC staff and YOU the community. If you find a broken or non-working add-on please report it via the forums, or help by submitting fixes via GitHub.</description>
		<platform>all</platform>
	</extension>
</addon>
