<?xml version="1.0" encoding="UTF-8"?>
<addon id="game.libretro.beetle-vb" name="Nintendo - Virtual Boy (Beetle VB)" version="0.9.36.8.1" provider-name="Libretro">
  <requires>
    <import addon="game.libretro" version="1.0.0"/>
  </requires>
  <extension point="kodi.gameclient" library_linux="game.libretro.beetle-vb.so">
    <platforms>GB</platforms>
    <extensions>vb|vboy|bin</extensions>
    <supports_vfs>true</supports_vfs>
    <supports_standalone>false</supports_standalone>
  </extension>
  <extension point="xbmc.addon.metadata">
    <summary lang="en_GB">Nintendo - Virtual Boy (Beetle VB) v0.9.36.1</summary>
    <summary lang="es_ES">Nintendo - Virtual Boy (Beetle VB) v0.9.36.1</summary>
    <description lang="en_GB">Beetle Virtual Boy, a Nintendo Virtual Boy emulator for Libretro.

Supported files: .vb, .vboy, .bin</description>
    <description lang="es_ES">Beetle Virtual Boy, un emulador de Nintendo Virtual Boy para Libretro.

Archivos soportados: .vb, .vboy, .bin</description>
    <license>GPLv2</license>
    <platform/>
    <source>https://github.com/kodi-game/game.libretro.beetle-vb</source>
    <assets>
      <icon>resources/icon.png</icon>
      <fanart>resources/fanart.png</fanart>
    </assets>
  </extension>
</addon>
