<?xml version="1.0" encoding="UTF-8" standalone="yes"?>
<addon id="game.controller.saturn.multitap"
        name="Sega Saturn 6 Player Adaptor"
        version="1.0.9"
        provider-name="Team Kodi">
    <extension point="kodi.game.controller" library="resources/layout.xml"/>
    <extension point="xbmc.addon.metadata">
        <summary lang="en_GB">Sega Saturn 6 Player Adaptor</summary>
        <description lang="en_GB">A multitap increases the number of controller ports, similar to a USB hub. Released in 1995, the Saturn 6 Player Adaptor allowed up to 10 players in some games, such as Saturn Bomberman.</description>
        <disclaimer lang="en_GB">Image credit: Wikipedia (wikipedia.org)</disclaimer>
		<summary lang = "es_ES"> Adaptador de reproductor Sega Saturn 6 </summary>
        <description lang = "es_ES"> Un multitap aumenta el número de puertos del controlador, de forma similar a un concentrador USB. Lanzado en 1995, el Adaptador de jugador Saturn 6 permitía hasta 10 jugadores en algunos juegos, como Saturn Bomberman. </description>
        <disclaimer lang = "es_ES"> Crédito de imagen: Wikipedia (wikipedia.org) </disclaimer>
        <platform>all</platform>
        <assets>
            <icon>resources/icon.png</icon>
        </assets>
    </extension>
</addon>
