<?xml version="1.0" encoding="UTF-8"?>
<logicaltopology maxplayers="4">
  <port id="1">
    <accepts controller="game.controller.nes"/>
    <accepts controller="game.controller.nes.four.square">
      <port id="1">
        <accepts controller="game.controller.nes"/>
      </port>
      <port id="2">
        <accepts controller="game.controller.nes"/>
      </port>
      <port id="3">
        <accepts controller="game.controller.nes"/>
      </port>
      <port id="4">
        <accepts controller="game.controller.nes"/>
      </port>
    </accepts>
  </port>
  <port id="2">
    <accepts controller="game.controller.nes"/>
  </port>
</logicaltopology>
