<?xml version="1.0" encoding="UTF-8" standalone="yes"?>
<addon id="script.module.win_inet_pton" name="win-inet-pton" version="1.1.0" provider-name="hickeroar">
  <requires>
    <import addon="xbmc.python" version="2.25.0"/>
  </requires>
  <extension point="xbmc.python.module" library="lib"/>
  <extension point="xbmc.addon.metadata">
    <summary lang="en_GB">Native python inet_pton implementation on Windows (with ctypes)</summary>
    <description lang="en_GB">Native inet_pton and inet_ntop implementation for Python on Windows (with ctypes).</description>
    <summary lang="es_ES">Implementación nativa de python inet_pton en Windows (con ctypes)</summary>
    <description lang="es_ES">Implementación nativa de inet_pton e inet_ntop para Python en Windows (con ctypes).</description>
    <platform>windows</platform>
    <language></language>
    <license>Public Domain</license>
    <forum></forum>
    <website>https://github.com/hickeroar/win_inet_pton</website>
    <source>https://github.com/dagwieers/script.module.win_inet_pton</source>
    <email>dag@wieers.com</email>
    <assets>
      <icon>icon.png</icon>
    </assets>
  </extension>
</addon>
