<?xml version="1.0" encoding="UTF-8" standalone="yes"?>
<addon id="game.controller.vb"
        name="Nintendo Virtual Boy Controller"
        version="1.0.8"
        provider-name="Team Kodi">
    <extension point="kodi.game.controller" library="resources/layout.xml"/>
    <extension point="xbmc.addon.metadata">
        <summary lang="en_GB">Nintendo Virtual Boy controller</summary>
        <description lang="en_GB">The Virtual Boy is a 32-bit console released by Nintendo in 1995. While Nintendo promised a virtual reality experience, the red monochrome display and bulky table-mounted headset lead to a poor immersive experience.</description>
        <disclaimer lang="en_GB">Image credit: OpenEmu (openemu.org)</disclaimer>
		<summary lang = "es_ES"> Controlador de Nintendo Virtual Boy </summary>
        <description lang = "es_ES"> Virtual Boy es una consola de 32 bits lanzada por Nintendo en 1995. Si bien Nintendo prometió una experiencia de realidad virtual, la pantalla monocromática roja y los auriculares voluminosos montados en la mesa conducen a una experiencia de inmersión deficiente. </description>
        <disclaimer lang = "es_ES"> Crédito de imagen: OpenEmu (openemu.org) </disclaimer>
        <platform>all</platform>
        <assets>
            <icon>resources/icon.png</icon>
        </assets>
    </extension>
</addon>
