<?xml version="1.0" encoding="UTF-8" standalone="yes"?>
<addon id="game.libretro" name="Libretro Compatibility" version="1.1.1.1" provider-name="Team Kodi">
  <backwards-compatibility abi="1.0.0"/>
  <requires>
    <import addon="kodi.binary.global.main" version="1.0.14"/>
    <import addon="kodi.binary.instance.game" version="1.1.0"/>
  </requires>
  <extension point="kodi.gameclient" library_linux="game.libretro.so.1.1.1">
  </extension>
  <extension point="xbmc.addon.metadata">
    <summary lang="en">Libretro compatibility layer for Kodi's Game API</summary>
    <description>This add-on provides a wrapper for libretro cores, allowing them to be loaded as game add-ons.</description>
    <platform/>
    <nofanart>true</nofanart>
  </extension>
</addon>
