<?xml version="1.0" encoding="UTF-8" standalone="yes"?>
<addon id="service.cloud.masqelec" name="Cloud masQelec" version="1.0.1" provider-name="Cloud masQelec">
	<requires>
		<import addon="xbmc.python" version="3.0.0"/>
	</requires>
	<extension point="xbmc.service" library="autoexec.py">
	</extension>
	<extension point="xbmc.addon.metadata">
		<summary lang="es_ES">Cloud masQelec mantiene actualizada tu biblioteca.</summary>
		<description lang="es_ES">Cloud masQelec mantiene actualizada tu biblioteca.</description>
		<platform>all</platform>
		<license>GNU GENERAL PUBLIC LICENSE Version 2</license>
		<assets>
      			<icon>icon.png</icon>
   		</assets>
	</extension>
</addon>
