<?xml version="1.0" encoding="UTF-8"?>
<addon id="game.libretro.mame2003" name="Arcade (MAME 2003)" version="0.78.0.16.1" provider-name="Libretro">
  <requires>
    <import addon="game.libretro" version="1.0.0"/>
  </requires>
  <extension point="kodi.gameclient" library_linux="game.libretro.mame2003.so">
    <platforms/>
    <extensions>zip</extensions>
    <supports_vfs>false</supports_vfs>
    <supports_standalone>false</supports_standalone>
  </extension>
  <extension point="xbmc.addon.metadata">
    <summary lang="en_GB">Arcade (MAME 2003) 0.78</summary>
    <description lang="en_GB">Supported files: .zip</description>
    <license>MAME</license>
    <platform/>
    <source>https://github.com/kodi-game/game.libretro.mame2003</source>
  </extension>
</addon>
