<?xml version="1.0" encoding="UTF-8" standalone="yes"?>
<addon id="game.controller.vectrex"
        name="Vectrex Controller"
        version="1.0.7"
        provider-name="Team Kodi">
    <extension point="kodi.game.controller" library="resources/layout.xml"/>
    <extension point="xbmc.addon.metadata">
        <summary lang="en_GB">Vectrex controller</summary>
        <description lang="en_GB">The Vectrex was released in 1982 by General Consumer Electronics (later purchased by Milton Bradley). The console featured a built-in monochrome monitor capable of displaying vector graphics.</description>
        <disclaimer lang="en_GB">Image credit: OpenEmu (openemu.org)</disclaimer>
		<summary lang = "es_ES"> Controlador Vectrex </summary>
        <description lang = "es_ES"> El Vectrex fue lanzado en 1982 por General Consumer Electronics (más tarde comprado por Milton Bradley). La consola presentaba un monitor monocromo incorporado capaz de mostrar gráficos vectoriales. </description>
        <disclaimer lang = "es_ES"> Crédito de imagen: OpenEmu (openemu.org) </disclaimer>
        <platform>all</platform>
        <assets>
            <icon>resources/icon.png</icon>
        </assets>
    </extension>
</addon>
