{
  "id": "torrentdivx",
  "name": "TorrentDivx",
  "thumbnail": "torrentdivx.png",

  "active": true,

  "searchable": true,
  "search_types": ["movie"],

  "categories": ["movie", "torrent"],
  "language": ["cast", "lat", "vose"],

  "clusters": ["torrents", "news", "languages", "qualityes", "years", "vos"],

  "notes": "Películas y algunas series, con enlaces torrent exclusivamente, por géneros, idiomas y calidades. Puede requerir el uso de proxies en función del país/operadora desde el que se accede."
}
