{
    "LabelLocalIpAddress": "Local IP address:",
    "LabelPrevious": "Anterior",
    "LabelFinish": "Terminar",
    "LabelNext": "Siguiente",
    "LabelYoureDone": "Ha Terminado!",
    "ThisWizardWillGuideYou": "Este asistente lo guiar\u00e1 en el proceso de instalaci\u00f3n. Para comenzar, seleccione su idioma preferido.",
    "HeaderCreateYourFirstUser": "Crear el primer usuario",
    "ButtonQuickStartGuide": "Gu\u00eda de Inicio R\u00e1pido",
    "MoreUsersCanBeAddedLater": "M\u00e1s usuarios pueden agregarse m\u00e1s tarde desde el Panel de Control.",
    "UserProfilesIntro": "Emby incluye soporte interno para perfiles de usuarios, permitiendo que cada usuario tenga sus propios ajustes, estado de reproducci\u00f3n y control parental.",
    "WizardCompleted": "Eso es todo lo que necesitamos por ahora. Emby a empezado a recolectar informaci\u00f3n de su biblioteca. Echale un vistazo a nuestras aplicaciones, y despu\u00e9s presione <b>Finalizar<\/b> para ver el <b>Panel de control<\/b>",
    "HeaderTermsOfService": "T\u00e9rminos del servicio de Emby",
    "MessagePleaseAcceptTermsOfService": "Por favor aceptar los t\u00e9rminos del servicio y pol\u00edtica de privacidad antes de continuar.",
    "OptionIAcceptTermsOfService": "Acepto los t\u00e9rminos de servicio",
    "HeaderGuideDataSetup": "Gu\u00eda de Configuraci\u00f3n",
    "LabelGuideSource": "Ubicaci\u00f3n de la gu\u00eda:",
    "SeeOurHwaGuide": "Mira nuestra {0} gu\u00eda de configuraci\u00f3n de aceleraci\u00f3n por hardware{1}.",
    "HeaderEmbyServerReleaseNotes": "Notas de lanzamiento del servidor Emby",
    "AllowSubtitleDownloading": "Permitir la descarga de subt\u00edtulos",
    "AllowSubtitleManagement": "Permitir la eliminaci\u00f3n de archivos de subt\u00edtulos existentes",
    "NewUserNameHelp": "As\u00ed se mostrar\u00e1 el usuarion en tu servidor.",
    "ChapterMarkers": "Marcadores de capitulo",
    "LabelThumbnailImagesInterval": "Intervalo de im\u00e1genes miniatura",
    "ThumbnailImagesIntervalHelp": "Las miniaturas m\u00e1s frecuentes dar\u00e1n como resultado una mejor experiencia, pero requerir\u00e1n m\u00e1s espacio en el disco y tiempo para crear las im\u00e1genes.",
    "LabelAuthProvider": "Proveedor de autenticaci\u00f3n:",
    "AuthProviderHelp": "Los administradores siempre usan el proveedor por defecto para asegurar que no se bloqueen.",
    "HeaderNewUser": "Nuevo Usuario",
    "HeaderNewApiKey": "Nueva Clave Api",
    "EditServerDisplayName": "Cambiar el nombre del servidor",
    "LabelPinCode": "C\u00f3digo PIN:",
    "ShowAdvancedSettings": "Mostrar opciones avanzadas",
    "ChangingMetadataImageSettingsNewContent": "Los cambios en la configuraci\u00f3n de descarga de metadatos o ilustraciones solo se aplicar\u00e1n al nuevo contenido agregado a su biblioteca. Para aplicar los cambios a los t\u00edtulos existentes, deber\u00e1 actualizar sus metadatos de forma manual.",
    "AllowRemoteAccess": "Permitir conexiones remotas a este servidor Emby",
    "AllowRemoteAccessHelp": "Si no est\u00e1 activado, todas las conexiones remotas ser\u00e1n bloqueadas",
    "Alerts": "Alertas",
    "LabelTrackTitleDisplay": "Visualizaci\u00f3n de t\u00edtulo incrustado:",
    "GenerateUserFriendlyTrackTitles": "Genera t\u00edtulos f\u00e1ciles de usar usando informaci\u00f3n de seguimiento",
    "PreferOriginalTrackTitles": "Preferir t\u00edtulos incrustados",
    "TrackTitleDisplayHelp": "Elija el t\u00edtulo de visualizaci\u00f3n de las pistas de audio y subt\u00edtulos incrustados. No se recomienda la opci\u00f3n de incrustado a menos que est\u00e9 curando manualmente la informaci\u00f3n de la pista incrustada.",
    "EnableTranscodingThrottle": "Habilitar estrangulamiento",
    "EnableTranscodingThrottleHelp": "Emby ajustar\u00e1 din\u00e1micamente la velocidad de transcodificaci\u00f3n para reducir el uso de CPU.",
    "LabelTypeMetadataDownloaders": "{0} descargadores de metadatos:",
    "HeaderTypeImageFetchers": "{0} capturadores de im\u00e1genes",
    "HeaderImageOptions": "Opciones de imagen",
    "OptionBeta": "Beta",
    "HeaderTaskTriggers": "Tareas de activaci\u00f3n",
    "HeaderPaths": "Rutas",
    "CategorySync": "Sincronizar",
    "RegisterWithPayPal": "Registrese con PayPal",
    "LabelSyncTempPath": "Localizaci\u00f3n del archivo temporal:",
    "LabelSyncTempPathHelp": "Especificar una carpeta personalizada para archivos en sincronizaci\u00f3n. Medios convertidos creados durante el proceso de sincronizaci\u00f3n ser\u00e1n guardados aqu\u00ed.",
    "LabelCustomCertificatePath": "Lugar ssl certificado personalizado:",
    "LabelCustomCertificatePathHelp": "Ruta a un archivo PKCS # 12 que contiene un certificado y una clave privada para habilitar el soporte de TLS en un dominio personalizado.",
    "HeaderSetupLibrary": "Configure sus bibliotecas de medios",
    "LabelTimeLimitHours": "Limite de tiempo (horas):",
    "HeaderPreferredMetadataLanguage": "Idioma preferido para metadata",
    "LabelSaveLocalMetadata": "Guardar im\u00e1genes en las carpetas de medios",
    "LabelSaveLocalMetadataHelp": "Guardar im\u00e1genes en las carpetas de medios, permitir\u00e1 colocarlas en un lugar donde se pueden editar f\u00e1cilmente.",
    "TabPassword": "Contrase\u00f1a",
    "TabLibraryAccess": "Acceso a biblioteca",
    "TabAccess": "Acceso",
    "TabImage": "imagen",
    "TabProfile": "Perfil",
    "TabMetadata": "Metadatos",
    "TabImages": "Im\u00e1genes",
    "HeaderDeviceAccess": "Acceso de Equipo",
    "OptionEnableAccessFromAllDevices": "Habilitar acceso desde todos los equipos",
    "OptionEnableAccessToAllChannels": "Habilitar acceso a todos los canales",
    "OptionEnableAccessToAllLibraries": "Habilitar acceso a todas las bibliotecas",
    "DeviceAccessHelp": "Esto solo aplica a equipos que puedan ser singularmente identificados y no prevendr\u00e1 acceso al navegador. Filtrar el acceso de equipos del usuario les prevendr\u00e1 que usen nuevos equipos hasta que sean aprobados aqui.",
    "LabelDisplayMissingEpisodesWithinSeasons": "Mostar episodios no disponibles en temporadas",
    "LabelDisplayMissingEpisodesWithinSeasonsHelp": "Tambi\u00e9n debe habilitarse para bibliotecas de TV en la configuraci\u00f3n de Emby Server.",
    "LabelUnairedMissingEpisodesWithinSeasons": "Mostrar episodios a\u00fan no emitidos en temporadas",
    "ImportMissingEpisodesHelp": "Si est\u00e1 activada, la informaci\u00f3n sobre los episodios que faltan se importar\u00e1 en su base de datos Emby y se mostrar\u00e1 en temporadas y series. Esto puede causar exploraciones de bibliotecas significativamente m\u00e1s largas.",
    "MessageEnablingOptionLongerScans": "Activar esta opci\u00f3n implicar\u00e1 escaneos de la biblioteca m\u00e1s largos.",
    "TabSecurity": "Seguridad",
    "ButtonSave": "Guardar",
    "LabelUrl": "Url:",
    "HeaderCreatePassword": "Crear Contrase\u00f1a",
    "LabelMaxParentalRating": "M\u00e1xima clasificaci\u00f3n permitida",
    "MaxParentalRatingHelp": "El contenido con clasificaci\u00f3n parental superior se ocultar\u00e1 para este usuario.",
    "LibraryAccessHelp": "Seleccione las carpetas de medios para compartir con este usuario. Los administradores podr\u00e1n editar todas las carpetas usando el gestor de metadatos.",
    "ChannelAccessHelp": "Seleccione los canales para compartir con este usuario. Los administradores podr\u00e1n editar todos los canales mediante el gestor de metadatos.",
    "ButtonDeleteImage": "Borrar imagen",
    "LabelSelectUsers": "Seleccionar usuarios:",
    "HeaderUploadNewImage": "Subir nueva imagen",
    "ImageUploadAspectRatioHelp": "Se Recomienda una Proporci\u00f3n de Aspecto 1:1. Solo JPG\/PNG",
    "MessagePleaseEnsureInternetMetadata": "Por favor aseg\u00farese que la descarga de metadatos de internet est\u00e1 habilitada",
    "AlreadyPaidHelp1": "Si ya has pagado por instalar una versi\u00f3n anterior de Media Browser para Android no necesitas pagar otra vez para poder activar esta aplicaci\u00f3n. Haz clic en OK para mandarnos un mensaje a {0} y te la activaremos.",
    "AlreadyPaidHelp2": "\u00bfYa tienes Emby Premiere? Cancela este di\u00e1logo, configura Emby Premiere en el Panel de Control de tu servidor Emby en Ayuda -> Emby Premiere, y se te desbloquear\u00e1 autom\u00e1ticamente.",
    "TabSuggestions": "Sugerencias",
    "TabLatest": "Novedades",
    "TabUpcoming": "Pr\u00f3ximos",
    "TabShows": "Programas",
    "TabEpisodes": "Episodios",
    "TabGenres": "G\u00e9neros",
    "TabNetworks": "redes",
    "HeaderUsers": "Usuarios",
    "TabMyPlugins": "Mis Plugins",
    "TabCatalog": "Cat\u00e1logo",
    "TitlePlugins": "Plugins",
    "HeaderAutomaticUpdates": "Actualizaciones autom\u00e1ticas",
    "HeaderLatestAlbums": "\u00daltimos albums",
    "HeaderLatestSongs": "\u00daltimas canciones",
    "LabelVideoType": "Tipo de video",
    "OptionBluray": "Bluray",
    "OptionDvd": "Dvd",
    "OptionIso": "Iso",
    "Option3D": "3D",
    "Standard": "Est\u00e1ndar",
    "LabelLastResult": "\u00daltimo resultado:",
    "OptionHasSpecialFeatures": "Caracter\u00edsticas especiales",
    "OptionImdbRating": "Valoraci\u00f3n IMDb",
    "OptionParentalRating": "Clasificaci\u00f3n parental",
    "OptionPremiereDate": "Fecha de estreno",
    "TabBasic": "B\u00e1sico",
    "TabAdvanced": "Avanzado",
    "TabGeneral": "General",
    "TitleSupport": "Soporte",
    "TabAbout": "Acerca de",
    "TabSupporterKey": "Clave de Emby Premiere",
    "TabBecomeSupporter": "Consigue Emby Premiere",
    "TabEmbyPremiere": "Emby Premiere",
    "OptionHideUserLocal": "Ocultar \u00e9ste usuario de la p\u00e1gina de acceso en la red local",
    "OptionHideUserRemote": "Ocultar \u00e9ste usuario de la p\u00e1gina de acceso cuando se conecte de manera remota",
    "OptionHideUserFromLoginHelp": "\u00datil para privado o cuentas de administradores escondidos. El usuario tendr\u00e1 que acceder entrando su nombre de usuario y contrase\u00f1a manualmente.",
    "OptionDisableUser": "Deshabilitar este usuario",
    "OptionDisableUserHelp": "Si est\u00e1 deshabilitado, el servidor no aceptar\u00e1 conexiones de este usuario. Si existen conexiones de este usuario, finalizar\u00e1n inmediatamente.",
    "ButtonHelp": "Ayuda",
    "OptionAllowUserToManageServer": "Permite a este usuario administrar el servidor",
    "HeaderFeatureAccess": "Permisos de acceso",
    "OptionAllowMediaPlayback": "Permitir la reproducci\u00f3n de medios",
    "OptionAllowBrowsingLiveTv": "Permitir acceso a la TV en directo",
    "AllLibraries": "Todas las bibliotecas",
    "HeaderAllowMediaDeletionFrom": "Permitir borrar contenido desde",
    "AllowDeletionFromAll": "Permitir borrar contenido desde todas las bibliotecas",
    "OptionAllowManageLiveTv": "Habilitar la administraci\u00f3n de grabaci\u00f3n de TV en directo",
    "OptionAllowRemoteControlOthers": "Habilitar el control remote de otros usuarios",
    "OptionAllowRemoteSharedDevices": "Habilitar el control remote de otros equipos compartidos",
    "OptionAllowRemoteSharedDevicesHelp": "Los equipos DLNA son considerados compartidos hasta que un usuario empiece a controlarlo.",
    "OptionAllowLinkSharing": "Permitir compartir los medios en redes sociales",
    "OptionAllowLinkSharingHelp": "S\u00f3lo se comparten las p\u00e1ginas web con informaci\u00f3n de medios. Los archivos nunca se comparten p\u00fablicamente. Lo compartido expirar\u00e1 despu\u00e9s de {0} d\u00edas.",
    "OptionMissingTmdbId": "Falta Tmdb Id",
    "OptionIsHD": "HD",
    "OptionIsSD": "SD",
    "ButtonSelect": "Seleccionar",
    "HeaderCredits": "Cr\u00e9ditos",
    "PleaseSupportOtherProduces": "Por favor apoye otros productos gratuitos que utilizamos:",
    "VersionNumber": "Versi\u00f3n {0}",
    "TabPaths": "Ruta",
    "TabServer": "Servidor",
    "OptionRelease": "Release Oficial",
    "LabelAllowServerAutoRestart": "Permitir al servidor reiniciarse autom\u00e1ticamente para aplicar las actualizaciones",
    "LabelAllowServerAutoRestartHelp": "El servidor s\u00f3lo se reiniciar\u00e1 durante periodos de reposo, cuando no hayan usuarios activos.",
    "LabelRunServerAtStartup": "Arrancar servidor al iniciar",
    "LabelRunServerAtStartupHelp": "Esto iniciar\u00e1 el \u00edcono de la bandeja Emby al inicio de Windows. Si ha configurado un servicio de Windows, deje esto sin marcar y configure el servicio para que se ejecute al inicio.",
    "ButtonSelectDirectory": "Seleccionar directorio",
    "LabelCachePath": "Ruta del cach\u00e9:",
    "DefaultMetadataLangaugeDescription": "Estos son tus ajustes y se pueden personalizar para cada librer\u00eda.",
    "LabelCachePathHelp": "Especifica una ruta para los archivos del cach\u00e9 del servidor, como las im\u00e1genes. Vac\u00edo para usar la ruta por defecto.",
    "LabelRecordingPath": "Ruta de grabaciones por defecto:",
    "LabelMovieRecordingPath": "Ruta de grabaciones de pel\u00edculas (opcional):",
    "LabelSeriesRecordingPath": "Ruta de grabaciones de series (opcional):",
    "LabelRecordingPathHelp": "Especifica la ubicaci\u00f3n por defecto para guardar las grabaciones. Si lo dejas vac\u00edo se usar\u00e1 la carpeta de datos del servidor.",
    "LabelMetadataPath": "Ruta de Metadata:",
    "LabelMetadataPathHelp": "Especifica una ruta para los p\u00f3steres y metadatos.",
    "LabelTranscodingTempPath": "Ruta temporal de transcodificaci\u00f3n:",
    "LabelTranscodingTempPathHelp": "Esta carpeta contiene achivos en uso por el transcodificador. Especificar una ruta personalizada, o dejarla vac\u00eda para usar la ruta predeterminada en la carpeta de datos del servidor.",
    "TabBasics": "Basicos",
    "TabTV": "TV",
    "TabGames": "Juegos",
    "TabMusic": "M\u00fasica",
    "TabOthers": "Otros",
    "OptionMovies": "Pel\u00edculas",
    "OptionEpisodes": "Episodios",
    "OptionOtherVideos": "Otros v\u00eddeos",
    "ExtractThumbnailImagesHelp": "La creaci\u00f3n de im\u00e1genes en miniatura permitir\u00e1 a las aplicaciones Emby mostrar los men\u00fas de selecci\u00f3n de escenas gr\u00e1ficas. El proceso puede ser lento, requiere gran cantidad de CPU y puede requerir varios gigabytes de espacio. Se ejecuta cuando se descubren los videos, y tambi\u00e9n como una tarea programada cada noche. El horario es configurable en el \u00e1rea de tareas programadas. No se recomienda ejecutar esta tarea durante las horas pico de uso.",
    "TabGuide": "Gu\u00eda",
    "TabChannels": "Canales",
    "TabCollections": "Colecciones",
    "HeaderChannels": "Canales",
    "TabRecordings": "Grabaciones",
    "TabSeries": "Series",
    "TabFavorites": "Favoritos",
    "TabMyLibrary": "Mi biblioteca",
    "TabSettings": "Opciones",
    "ButtonRefreshGuideData": "Actualizar datos de la gu\u00eda",
    "ButtonRefresh": "Refrescar",
    "OptionPriority": "Prioridad",
    "OptionRecordOnAllChannels": "Grabar en cualquier canal",
    "OptionRecordAnytime": "Grabar a cualquier hora",
    "OptionRecordOnlyNewEpisodes": "Grabar s\u00f3lo nuevos episodios",
    "HeaderDays": "D\u00edas",
    "ButtonEdit": "Editar",
    "ButtonRecord": "Grabar",
    "ButtonDelete": "Borrar",
    "ButtonRemove": "Quitar",
    "OptionRecordSeries": "Grabar serie",
    "HeaderDetails": "Detalles",
    "TitleLiveTV": "TV en directo",
    "LabelNumberOfGuideDays": "N\u00famero de d\u00edas de descarga de la gu\u00eda.",
    "LabelNumberOfGuideDaysHelp": "Descargar m\u00e1s d\u00edas de la gu\u00eda ofrece la posibilidad de programar grabaciones con mayor antelaci\u00f3n y ver m\u00e1s listas, pero tambi\u00e9n tarda m\u00e1s en descargarse. Auto elegir\u00e1 en funci\u00f3n del n\u00famero de canales.",
    "OptionAutomatic": "Auto",
    "HeaderServices": "Servicios",
    "LabelCustomizeOptionsPerMediaType": "Personalizar por tipo de medio:",
    "OptionDownloadThumbImage": "Miniatura",
    "OptionDownloadMenuImage": "Men\u00fa",
    "OptionDownloadLogoImage": "Logo",
    "OptionDownloadBoxImage": "Caja",
    "OptionDownloadDiscImage": "Disco",
    "OptionDownloadBannerImage": "Pancarta",
    "OptionDownloadBackImage": "Atr\u00e1s",
    "OptionDownloadArtImage": "Arte",
    "OptionDownloadPrimaryImage": "Principal",
    "HeaderFetchImages": "Buscar im\u00e1genes",
    "TabOther": "Otros",
    "LabelMaxBackdropsPerItem": "M\u00e1ximo n\u00famero de im\u00e1genes de fondo por \u00edtem:",
    "LabelMaxScreenshotsPerItem": "M\u00e1ximo n\u00famero de capturas de pantalla por \u00edtem:",
    "LabelMinBackdropDownloadWidth": "Anchura m\u00ednima de descarga de im\u00e1genes de fondo:",
    "LabelMinScreenshotDownloadWidth": "Anchura m\u00ednima de descarga de capturas de pantalla:",
    "ButtonAddScheduledTaskTrigger": "Agregar Activador",
    "HeaderAddScheduledTaskTrigger": "Agregar Activador",
    "ButtonAdd": "A\u00f1adir",
    "LabelTriggerType": "Tipo de evento:",
    "OptionDaily": "Diario",
    "OptionWeekly": "Semanal",
    "OptionOnInterval": "En un intervalo",
    "OptionOnAppStartup": "Al iniciar la aplicaci\u00f3n",
    "OptionAfterSystemEvent": "Despu\u00e9s de un evento de sistema",
    "LabelDay": "D\u00eda:",
    "LabelTime": "Hora:",
    "LabelEvent": "Evento:",
    "OptionWakeFromSleep": "Despertar",
    "LabelEveryXMinutes": "Cada:",
    "HeaderTvTuners": "Sintonizadores",
    "TabFolders": "Carpetas",
    "LabelSpecialSeasonsDisplayName": "Nombre para mostrar la temporada especial",
    "LabelEnableRealtimeMonitor": "Activar monitoreo en tiempo real",
    "LabelEnableRealtimeMonitorHelp": "Los cambios en los archivos se procesar\u00e1n de inmediato, en los sistemas de archivos admitidos.",
    "HeaderMediaFolders": "Carpetas de medios",
    "HeaderThemeVideos": "V\u00eddeos de tema",
    "HeaderThemeSongs": "Canciones de tema",
    "HeaderSpecialFeatures": "Caracter\u00edsticas especiales",
    "HeaderAdditionalParts": "Partes adicionales",
    "ButtonSplitVersionsApart": "Dividir versiones aparte",
    "ButtonPlayTrailer": "Trailer",
    "LabelMissing": "Falta",
    "OptionSpecialEpisode": "Especiales",
    "OptionMissingEpisode": "Episodios que faltan",
    "OptionUnairedEpisode": "Episodios no emitidos",
    "OptionEpisodeSortName": "Nombre corto del episodio",
    "OptionTvdbRating": "Valoraci\u00f3n tvdb",
    "HeaderAddTitles": "A\u00f1adir T\u00edtulos",
    "TabHome": "Inicio",
    "HeaderLinks": "Enlaces",
    "LinkCommunity": "Comunidad",
    "LinkGithub": "Github",
    "LinkApi": "API",
    "LabelFriendlyServerName": "Nombre informal del servidor:",
    "LabelFriendlyServerNameHelp": "Este nombre se podr\u00e1 utilizar para identificar este servidor. Si se deja en blanco se usar\u00e1 el nombre del ordenador.",
    "LabelPreferredDisplayLanguage": "Idioma de visualizaci\u00f3n preferido:",
    "LabelPreferredDisplayLanguageHelp": "La traducci\u00f3n de Emby es un proyecto en marcha.",
    "LabelReadHowYouCanContribute": "Aprenda c\u00f3mo contribuir.",
    "ButtonSubmit": "Enviar",
    "ButtonCreate": "Crear",
    "LabelCustomCss": "Css personalizado:",
    "LabelCustomCssHelp": "Aplique su propio css modificado a la interfaz de la web.",
    "LabelLocalHttpServerPortNumber": "Numero local de puerto de http:",
    "LabelLocalHttpServerPortNumberHelp": "N\u00famero de puerto al que el servidor de http de Emby debe de ser enlazado.",
    "LabelPublicHttpPort": "N\u00famero de puerto p\u00fablico de http:",
    "LabelPublicHttpPortHelp": "El n\u00famero de puerto p\u00fablico que debe ser enlazado al puerto local http:",
    "LabelPublicHttpsPort": "N\u00famero de puerto p\u00fablico de https:",
    "LabelPublicHttpsPortHelp": "El n\u00famero de puerto p\u00fablico que debe ser enlazado al puerto local https:",
    "RequireHttps": "Requerir HTTPS para conexiones externas",
    "RequireHttpsHelp": "Si est\u00e1 activado, conexiones sobre HTTP ser\u00e1n redireccionadas a HTTPS",
    "LabelHttpsPort": "N\u00famero de puerto local de https:",
    "LabelHttpsPortHelp": "N\u00famero de puerto al que el servidor de tcp de Emby debe de ser enlazado.",
    "LabelEnableAutomaticPortMap": "Habilitar asignaci\u00f3n de puertos autom\u00e1tico",
    "LabelEnableAutomaticPortMapHelp": "UPnP permite la configuraci\u00f3n del router para acceso externo de forma f\u00e1cil y autom\u00e1tica. Esto puede no funcionar en algunos modelos de routers.",
    "LabelExternalDDNS": "Dominio externo:",
    "LabelExternalDDNSHelp": "Si tienes un DNS din\u00e1mico introd\u00facelo aqu\u00ed. Las aplicaciones de Emby lo usar\u00e1n para conectarse remotamente. Este campo es necesario cuando utilices un certificado ssl personalizado. Ejemplo: midominio.com.",
    "LabelMinResumePercentage": "Porcentaje m\u00ednimo para reanudaci\u00f3n:",
    "LabelMaxResumePercentage": "Porcentaje m\u00e1ximo para reanudaci\u00f3n::",
    "LabelMinResumeDuration": "Duraci\u00f3n m\u00ednima de reanudaci\u00f3n (segundos):",
    "LabelMinResumePercentageHelp": "Los t\u00edtulos se asumir\u00e1n como no reproducidos si se paran antes de este momento",
    "LabelMaxResumePercentageHelp": "Los t\u00edtulos se asumir\u00e1n como reproducidos si se paran despu\u00e9s de este momento",
    "LabelMinResumeDurationHelp": "Los t\u00edtulos m\u00e1s cortos de esto no ser\u00e1n reanudables",
    "HeaderName": "Nombre",
    "HeaderDate": "Fecha",
    "HeaderSource": "Origen",
    "HeaderStatus": "Estado",
    "HeaderDestination": "Destino",
    "Subscriptions": "Suscripciones",
    "HeaderProgram": "Programa",
    "HeaderClients": "Clientes",
    "LabelCompleted": "Completado",
    "LabelFailed": "Error",
    "LabelSkipped": "Omitido",
    "LabelSeries": "Series:",
    "LabelEndingEpisodeNumber": "N\u00famero episodio final:",
    "LabelEndingEpisodeNumberHelp": "S\u00f3lo requerido para archivos multi-episodio",
    "HeaderSupportTheTeam": "Apoye al equipo de Emby",
    "HeaderSupportTheTeamHelp": "Ayuda a asegurar el continuo desarrollo de este proyecto mediante la compra de Emby Premiere. Una parte de los ingresos ir\u00e1n destinados a otras herramientas gratuitas de las que dependemos.",
    "DonationNextStep": "Una vez completado, vuelve e introduce la clave de Emby Premiere que has recibido por correo.",
    "LabelSeasonFolderPattern": "Patr\u00f3n de la carpeta para temporadas:",
    "LabelSeasonZeroFolderName": "Nombre de la carpeta para la temporada cero:",
    "HeaderResult": "Resultado",
    "LabelTransferMethod": "M\u00e9todo de transferencia",
    "HeaderLatestNews": "Ultimas noticias",
    "HeaderRunningTasks": "Tareas en ejecuci\u00f3n",
    "HeaderActiveDevices": "Dispositivos activos",
    "HeaderPendingInstallations": "Instalaciones pendientes",
    "ButtonRestartNow": "Reiniciar ahora",
    "ButtonShutdown": "Apagar Emby Server",
    "ButtonUpdateNow": "Actualizar ahora",
    "TabHosting": "Servidor",
    "PleaseUpdateManually": "Por favor cierre el Servidor Emby e instale la \u00faltima versi\u00f3n.",
    "NewServerVersionAvailable": "Una nueva versi\u00f3n de Emby est\u00e1 disponible!",
    "ServerUpToDate": "El Servidor Emby est\u00e1 actualizado",
    "LabelComponentsUpdated": "Los siguientes componentes se han instalado o actualizado:",
    "MessagePleaseRestartServerToFinishUpdating": "Reinicie el servidor para acabar de aplicar las actualizaciones.",
    "LabelDownMixAudioScale": "Audio boost (potenciador de sonido) en downmixing:",
    "LabelDownMixAudioScaleHelp": "Potenciador de audio. Establecer a 1 para preservar el volumen original.",
    "LabelCurrentEmailAddress": "Cuenta de correo actual",
    "LabelCurrentEmailAddressHelp": "La direcci\u00f3n de correo electr\u00f3nico actual a la que se envi\u00f3 la nueva clave.",
    "HeaderForgotKey": "Perd\u00ed mi clave",
    "LabelSupporterEmailAddress": "La direcci\u00f3n de correo que utliz\u00f3 para comprar la clave.",
    "ButtonRetrieveKey": "Recuperar clave",
    "LabelSupporterKey": "Clave de Emby Premiere (pegar desde el correo):",
    "LabelSupporterKeyHelp": "Introduce tu clave de Emby Premiere para empezar a disfrutar de los beneficios.",
    "MessageInvalidKey": "La clave de Emby Premiere falta o no es v\u00e1lida.",
    "ErrorMessageInvalidKey": "Para que se registre cualquier contenido premium, tienes que tener una suscripci\u00f3n activa a Emby Premiere.",
    "HeaderRequireManualLogin": "Requerir entrada de usuario manual para:",
    "HeaderRequireManualLoginHelp": "Cuando est\u00e1 deshabilitado, las apps de Emby presentan una pantalla de inicio de sesi\u00f3n con la selecci\u00f3n de usuarios.",
    "OptionOtherApps": "Otras aplicaciones",
    "OptionMobileApps": "Aplicaciones m\u00f3viles",
    "LabelNotificationEnabled": "Activar esta notificaci\u00f3n",
    "LabelMonitorUsers": "Supervisar la actividad de:",
    "LabelSendNotificationToUsers": "Enviar la notificaci\u00f3n a:",
    "LabelUseNotificationServices": "Usar los siguientes servicios:",
    "CategoryUser": "Usuario",
    "CategorySystem": "Sistema",
    "CategoryApplication": "Aplicaci\u00f3n",
    "CategoryPlugin": "Plugin",
    "LabelAvailableTokens": "Tokens disponibles:",
    "AdditionalNotificationServices": "Visite el cat\u00e1logo de plugins para instalar servicios de notificaci\u00f3n adicionales.",
    "OptionAllUsers": "Todos los usuarios",
    "OptionAdminUsers": "Administradores",
    "OptionCustomUsers": "A medida",
    "ButtonArrowUp": "Arriba",
    "ButtonArrowDown": "Abajo",
    "ButtonArrowLeft": "Izquierda",
    "ButtonArrowRight": "Derecha",
    "ButtonBack": "Atr\u00e1s",
    "ButtonInfo": "Info",
    "ButtonHome": "Inicio",
    "ButtonSearch": "Buscar",
    "ButtonSettings": "Opciones",
    "Audio": "Audio",
    "PlayOnAnotherDevice": "Reproducir en otro dispositivo",
    "LetterButtonAbbreviation": "A",
    "TabControls": "Controles",
    "ButtonSubtitles": "Subt\u00edtulos",
    "ButtonPreviousTrack": "Pista anterior",
    "ButtonNextTrack": "Pista siguiente",
    "ButtonStop": "Detener",
    "ButtonPause": "Pausa",
    "ButtonNext": "Siguiente",
    "ButtonPrevious": "Anterior",
    "LabelGroupMoviesIntoCollections": "Agrupar pel\u00edculas en colecciones",
    "LabelGroupMoviesIntoCollectionsHelp": "Cuando se muestran las listas de pel\u00edculas, las pel\u00edculas pertenecientes a una colecci\u00f3n se mostrar\u00e1n como un elemento agrupado.",
    "HeaderCollections": "Colecciones",
    "LabelMaxBitrate": "Bitrate m\u00e1ximo:",
    "LabelMaxBitrateHelp": "Especificar una tasa de bits m\u00e1xima en entornos de ancho de banda limitado, o si el dispositivo impone su propio l\u00edmite.",
    "LabelMusicStaticBitrate": "Tasa de bits de sincronizaci\u00f3n de la m\u00fasica:",
    "LabelMusicStaticBitrateHelp": "Especificar tasa de bits cuando se sincronice m\u00fasica",
    "LabelDeviceDescription": "Descripci\u00f3n del dispositivo",
    "HeaderDownloadSubtitlesFor": "Descarga subt\u00edtulos para:",
    "LabelSkipIfGraphicalSubsPresent": "Saltar si el v\u00eddeo tiene subt\u00edtulos integrados",
    "LabelSkipIfGraphicalSubsPresentHelp": "Mantener versiones de texto de subt\u00edtulos dar\u00e1 lugar a una entrega m\u00e1s eficiente y a disminuir la probabilidad de transcodificaci\u00f3n de v\u00eddeo.",
    "TabSubtitles": "Subt\u00edtulos",
    "LabelDownloadLanguages": "Idiomas de descarga:",
    "LabelSkipIfAudioTrackPresent": "Omitir si la pista de audio por defecto coincide con el idioma de descarga",
    "LabelSkipIfAudioTrackPresentHelp": "Desactive esta opci\u00f3n para asegurar que todos los v\u00eddeos tienen subt\u00edtulos, sin importar el idioma de audio.",
    "SendMessage": "Enviar mensaje",
    "HeaderSendMessage": "Enviar mensaje",
    "ButtonSend": "Enviar",
    "ViewPlaybackInfo": "Ver info de la reproducci\u00f3n",
    "LabelMessageText": "Mensaje de texto:",
    "LabelMessageTitle": "T\u00edtulo del mensaje:",
    "MessageNoAvailablePlugins": "No hay plugins disponibles.",
    "LabelDisplayPluginsFor": "Mostrar complementos para:",
    "PluginTabAppClassic": "Emby para Windows Media Center",
    "HeaderTypeText": "Entrar texto",
    "LabelTypeText": "Texto",
    "TabDisplay": "Pantalla",
    "TabLanguages": "Idiomas",
    "TabAppSettings": "Ajustes de la App",
    "HeaderHomePage": "P\u00e1gina de inicio",
    "OptionAuto": "Auto",
    "OptionYes": "Si",
    "OptionNo": "No",
    "HeaderOptions": "Opciones",
    "OptionResumablemedia": "Continuar",
    "OptionLatestMedia": "\u00daltimos medios",
    "OptionLatestChannelMedia": "Ultimos elementos de canales",
    "OptionNone": "Nada",
    "HeaderLiveTv": "TV en directo",
    "HeaderSettings": "Ajustes",
    "OptionDefaultSort": "Por defecto",
    "TabNextUp": "Siguiendo",
    "MessageNoMovieSuggestionsAvailable": "No hay sugerencias de pel\u00edculas disponibles. Comience ver y calificar sus pel\u00edculas y vuelva para ver las recomendaciones.",
    "MessageNoCollectionsAvailable": "Las colecciones le permiten disfrutar de agrupaciones personalizadas de pel\u00edculas, series, \u00e1lbumes, libros y juegos. Haga clic en el bot\u00f3n + para empezar a crear colecciones.",
    "MessageNoPlaylistsAvailable": "Las listas de reproducci\u00f3n le permiten crear listas de contenido para jugar consecutivamente a la vez. Para a\u00f1adir elementos a las listas de reproducci\u00f3n, haga clic o toque y mantenga, a continuaci\u00f3n, seleccione Agregar a la lista de reproducci\u00f3n.",
    "MessageNoPlaylistItemsAvailable": "La lista de reproducci\u00f3n est\u00e1 vac\u00eda.",
    "ButtonEditOtherUserPreferences": "Editar este perfil, la imagen y los ajustes personales.",
    "LabelChannelStreamQuality": "Calidad del canal online preferida:",
    "LabelChannelStreamQualityHelp": "En un entorno de bajo ancho de banda, limitar la calidad puede ayudar a asegurar una experiencia de streaming suave.",
    "OptionBestAvailableStreamQuality": "Mejor disponible",
    "ViewTypeMovies": "Pel\u00edculas",
    "ViewTypeTvShows": "TV",
    "ViewTypeGames": "Juegos",
    "ViewTypeMusic": "M\u00fasica",
    "HeaderOtherDisplaySettings": "Configuraci\u00f3n de pantalla",
    "ViewTypeMusicSongs": "Canciones",
    "ViewTypeMusicFavorites": "Favoritos",
    "ViewTypeMusicFavoriteAlbums": "\u00c1lbumes favoritos",
    "ViewTypeMusicFavoriteArtists": "Artistas favoritos",
    "ViewTypeMusicFavoriteSongs": "Canciones favoritas",
    "HeaderMyViews": "Mis vistas",
    "OptionDisplayAdultContent": "Mostrar contenido para adultos",
    "OptionLibraryFolders": "Carpetas de medios",
    "TitleRemoteControl": "Control remoto",
    "OptionDisplayChannelsInline": "Mostrar canales como carpetas de medios",
    "OptionDisplayChannelsInlineHelp": "Si est\u00e1 habilitado, los canales se mostrar\u00e1n directamente junto a otras bibliotecas multimedia. Si est\u00e1 desactivado, se mostrar\u00e1n dentro de una carpeta de canales separada.",
    "LabelDisplayCollectionsView": "Muestra la vista de colecci\u00f3n para ver las colecciones de pel\u00edculass",
    "LabelDisplayCollectionsViewHelp": "Esto crear\u00e1 una vista separada para mostrar las colecciones de pel\u00edculas. Para crear una colecci\u00f3n, haz clic derecho o pulsa y mant\u00e9n en cualquier pel\u00edcula y selecciona \"A\u00f1adir a la colecci\u00f3n\".",
    "TabServices": "Servicios",
    "TabLogs": "Logs",
    "TabBranding": "Branding",
    "HeaderBrandingHelp": "Personalice la apariencia de Emby para que se ajuste a las necesidades de su grupo u organizaci\u00f3n.",
    "LabelLoginDisclaimer": "Aviso en el inicio de sesi\u00f3n:",
    "LabelLoginDisclaimerHelp": "Esto se mostrar\u00e1 en la parte inferior de la p\u00e1gina de inicio de sesi\u00f3n.",
    "OptionList": "Lista",
    "TabDashboard": "Panel de control",
    "TitleServer": "Servidor",
    "LabelCache": "Cach\u00e9:",
    "LabelLogs": "Registros:",
    "LabelMetadata": "Metadatos:",
    "LabelTranscodingTemporaryFiles": "Archivos temporales de transcodificaci\u00f3n:",
    "HeaderBranding": "Branding",
    "HeaderApiKeys": "Keys de Api",
    "HeaderApiKeysHelp": "Las aplicaciones externas requieren de una clave API para comunicarse con el servidor Emby. Las claves se facilitan iniciando sesi\u00f3n con una cuenta de Emby, o otorgando manualmente una clave a la aplicaci\u00f3n.",
    "HeaderApiKey": "Clave Api",
    "HeaderApp": "App",
    "HeaderDevice": "Dispositivo",
    "HeaderUser": "Usuario",
    "HeaderDateIssued": "Fecha de emisi\u00f3n",
    "HeaderHttpHeaders": "Cabeceras Http",
    "TabView": "Vista",
    "TabFilter": "Filtrar",
    "ButtonView": "Vista",
    "LabelView": "Vista:",
    "TabUsers": "Usuarios",
    "HeaderFeatures": "Caracter\u00edsticas",
    "HeaderAdvanced": "Avanzado",
    "HeaderScheduledTasks": "Scheduled Tasks",
    "HeaderResumeSettings": "Reanudar ajustes",
    "TitleUsers": "Usuarios",
    "ButtonClose": "Cerrar",
    "LabelAllLanguages": "Todos los idiomas",
    "OptionAll": "Todos",
    "LabelImage": "Imagen:",
    "HeaderImages": "Im\u00e1genes",
    "HeaderBackdrops": "Im\u00e1genes de fondo",
    "LabelJpgPngOnly": "S\u00f3lo JPG\/PNG",
    "OptionSeason0": "Temporada 0",
    "HeaderFetcherSettings": "Ajustes del capturador",
    "HeaderActivity": "Actividad",
    "PluginInstalledWithName": "{0} ha sido instalado",
    "PluginUpdatedWithName": "{0} ha sido actualizado",
    "PluginUninstalledWithName": "{0} ha sido desinstalado",
    "LabelIpAddressValue": "Direcci\u00f3n IP: {0}",
    "HeaderEmbyServer": "Servidor Emby",
    "MessageServerConfigurationUpdated": "Se ha actualizado la configuraci\u00f3n del servidor",
    "MessageNamedServerConfigurationUpdatedWithValue": "Se ha actualizado la secci\u00f3n {0} de la configuraci\u00f3n del servidor",
    "MessageApplicationUpdated": "Se ha actualizado el servidor Emby",
    "ProviderValue": "Proveedor: {0}",
    "HeaderRecentActivity": "Actividad reciente",
    "HeaderPeople": "Gente",
    "OptionComposers": "Compositores",
    "OptionOthers": "Otros",
    "ViewTypeFolders": "Carpetas",
    "OptionDisplayFolderView": "Mostrar una vista de carpeta para ver las carpetas de medios en plano",
    "OptionDisplayFolderViewHelp": "Si est\u00e1 activado, las aplicaciones de Emby mostrar\u00e1n una categor\u00eda carpetas junto con su biblioteca de medios. Esto es \u00fatil si le gustar\u00eda tener una vista de carpetas plana.",
    "ViewTypeLiveTvRecordingGroups": "Grabaciones",
    "ViewTypeLiveTvChannels": "Canales",
    "HeaderPassword": "Contrase\u00f1a",
    "HeaderViewOrder": "Ver Orden",
    "HeaderPersonInfo": "Info personal",
    "HeaderConfirmDeletion": "Confirmar borrado",
    "LabelAlbumArtist": "Artista del \u00e1lbum",
    "LabelAirDate": "D\u00edas de emisi\u00f3n:",
    "LabelAirTime:": "Tiempo de emisi\u00f3n:",
    "LabelDisplaySpecialsWithinSeasons": "Mostrar episodios especiales con las temporadas que han sido emitidos",
    "ButtonPurchase": "Comprar",
    "HeaderPhotoInfo": "Info foto",
    "HeaderInstall": "Instalar",
    "LabelSelectVersionToInstall": "Seleccionar versi\u00f3n a instalar",
    "LinkLearnMoreAboutSubscription": "Saber m\u00e1s sobre Emby Premiere",
    "MessagePluginRequiresSubscription": "Este plugin necesita una suscripci\u00f3n activa a Emby Premiere despu\u00e9s de los 14 d\u00edas de prueba.",
    "MessagePremiumPluginRequiresMembership": "Este plugin necesitar\u00e1 una suscripci\u00f3n activa a Emby Premiere para poder comprarlo despu\u00e9s del periodo de prueba de 14 d\u00edas.",
    "HeaderDeveloperInfo": "Informaci\u00f3n del desarrollador",
    "HeaderRevisionHistory": "Hist\u00f3rico de revisiones",
    "ButtonViewWebsite": "Ver sitio web",
    "OptionSaveMetadataAsHidden": "Guardar los metadatos e im\u00e1genes como archivos ocultos",
    "LabelExtractThumbnailsDuringLibraryScan": "Crea im\u00e1genes en miniatura durante el escaneo de la biblioteca",
    "LabelExtractThumbnailsDuringLibraryScanHelp": "Si est\u00e1 habilitado, las im\u00e1genes en miniatura se crear\u00e1n cuando los videos se importen durante el escaneo de la biblioteca. Si est\u00e1n deshabilitados, se crear\u00e1n durante la tarea programada de im\u00e1genes en miniatura, lo que permite que el escaneo de la biblioteca se complete m\u00e1s r\u00e1pido.",
    "LabelConnectGuestUserName": "Su direcci\u00f3n de correo electr\u00f3nico o nombre de usuario de Emby Connect:",
    "LabelConnectUserName": "Nombre de usuario o correo electr\u00f3nico de Emby Connect:",
    "LabelConnectUserNameHelp": "Conecta este usuario local a una cuenta de Emby Connect para habilitar el acceso de inicio de sesi\u00f3n f\u00e1cil desde cualquier aplicaci\u00f3n Emby sin tener que conocer la direcci\u00f3n IP del servidor.",
    "ButtonLearnMoreAboutEmbyConnect": "Aprende m\u00e1s sobre Emby Connect",
    "LabelExternalPlayers": "Reproductores externos:",
    "LabelNativeExternalPlayersHelp": "Mostrar videos utilizando reproductores externos.",
    "TabPlayback": "Reproducci\u00f3n",
    "TitlePlayback": "Reproducci\u00f3n",
    "LabelDateAddedBehavior": "Comportamiento de la fecha a\u00f1adida para contenido nuevo:",
    "OptionDateAddedImportTime": "Usar fecha escaneada de la biblioteca",
    "OptionDateAddedFileTime": "Usar fecha de creaci\u00f3n del archivo",
    "LabelDateAddedBehaviorHelp": "Si un valor de metadato est\u00e1 disponible su usar\u00e1 siempre antes que ninguna de esas opciones.",
    "TitleDevices": "Dispositivos",
    "TabCameraUpload": "Subidas de la c\u00e1mara",
    "TabDevices": "Dispositivos",
    "HeaderLibrarySettings": "Ajustes de la biblioteca",
    "HeaderThumbnailImages": "Im\u00e1genes miniatura",
    "HeaderSubtitleDownloads": "Descargas de subt\u00edtulos",
    "HeaderCameraUploadHelp": "Las aplicaciones Emby pueden cargar autom\u00e1ticamente fotos tomadas desde sus dispositivos m\u00f3viles en tu servidor Emby.",
    "LabelCameraUploadPath": "Ruta de subidas desde la c\u00e1mara:",
    "LabelCameraUploadPathHelp": "Seleccione una ruta de carga personalizada. Esto anular\u00e1 cualquier configuraci\u00f3n predeterminada establecida en la secci\u00f3n Carga de la c\u00e1mara. Si se deja en blanco, se usar\u00e1 una carpeta predeterminada. Si usa una ruta personalizada, tambi\u00e9n deber\u00e1 agregarse como una biblioteca en la configuraci\u00f3n de la biblioteca Emby.",
    "DefaultCameraUploadPathHelp": "Seleccione una ruta de carga personalizada. Si se deja en blanco, se usar\u00e1 una carpeta predeterminada. Si usa una ruta personalizada, tambi\u00e9n deber\u00e1 agregarse como una biblioteca en la configuraci\u00f3n de la biblioteca Emby.",
    "LabelCreateCameraUploadSubfolder": "Crear subcarpetas para cada dispositivo",
    "LabelCreateCameraUploadSubfolderHelp": "Carpetas espec\u00edficas pueden ser asignadas a un dispositivo haciendo clic en \u00e9l desde la p\u00e1gina de Dispositivos.",
    "LabelCustomDeviceDisplayName": "Nombre para mostrar:",
    "LabelCustomDeviceDisplayNameHelp": "Proporcione un nombre para mostrar o d\u00e9jelo vac\u00edo para usar el nombre comunicado por el dispositivo.",
    "HeaderInviteUser": "Invitar usuario",
    "LabelConnectGuestUserNameHelp": "Este es el nombre de usuario que tu amigo usa para iniciar sesi\u00f3n en la p\u00e1gina web de Emby, o su direcci\u00f3n de correo.",
    "HeaderInviteUserHelp": "Compartir contenido con tus amigos es mas f\u00e1cil que nunca con Emby Connect.",
    "ButtonSendInvitation": "Enviar Invitaci\u00f3n",
    "HeaderGuests": "Invitados",
    "HeaderPendingInvitations": "Invitaciones pendientes",
    "TabParentalControl": "Control parental",
    "HeaderAccessSchedule": "Horario de acceso",
    "HeaderAccessScheduleHelp": "Crea un horario de acceso para limitar el acceso a determinadas horas.",
    "LabelAccessDay": "D\u00eda de la semana:",
    "LabelAccessStart": "Hora de inicio:",
    "LabelAccessEnd": "Hora de finalizaci\u00f3n:",
    "HeaderSchedule": "Horario",
    "OptionEveryday": "Todos los d\u00edas",
    "OptionWeekdays": "D\u00edas de la semana",
    "OptionWeekends": "Fines de semana",
    "HeaderOptionalLinkEmbyAccount": "Opcional: Asocia tu cuenta de Emby",
    "ButtonTrailer": "Tr\u00e1iler",
    "MessageNoTrailersFound": "No se han encontrado tr\u00e1ilers. Instala el canal de tr\u00e1ilers para mejorar su experiencia a\u00f1adiendo una biblioteca de tr\u00e1ilers  por internet.",
    "HeaderNewUsers": "Nuevos usuarios",
    "TitleNewUser": "Nuevo usuario",
    "ButtonConfigurePassword": "Configurar contrase\u00f1a",
    "HeaderDashboardUserPassword": "Las contrase\u00f1as de los usuarios se gestionan desde los ajustes de perfil de cada usuario.",
    "HeaderLibraryAccess": "Acceso a la biblioteca",
    "HeaderChannelAccess": "Acceso a los canales",
    "HeaderLatestItems": "\u00daltimos \u00edtems",
    "LabelForgotPasswordUsernameHelp": "Introduce tu nombre de usuario, si te acuerdas.",
    "TitlePasswordReset": "Reestablecer contrase\u00f1a",
    "HeaderParentalRatings": "Clasificaci\u00f3n parental",
    "HeaderVideoTypes": "Tipos de v\u00eddeos",
    "HeaderYears": "A\u00f1os",
    "HeaderBlockItemsWithNoRating": "Bloquear art\u00edculos sin valoraciones o si son desconocidas:",
    "LabelBlockContentWithTags": "Bloquear art\u00edculos sin etiquetas:",
    "LabelTagRestrictionMode": "Modo de restricci\u00f3n de etiquetas",
    "BlockItemsWithTheseTags": "Bloquear art\u00edculos con esas etiquetas",
    "AllowItemsWithTheseTags": "permitir \u00fanicamente elementos con estas etiquetas",
    "TabActivity": "Actividad",
    "OptionAllowSyncContent": "Permitir la sincronizaci\u00f3n",
    "OptionAllowContentDownloading": "Permitir la descarga y sincronizaci\u00f3n de medios",
    "LabelNewUserNameHelp": "Los nummobres de usuario pueden contener letras (a-Z), n\u00fameros (0-9), guiones (-), barras bajas (_), ap\u00f3strofes ('), y comas (,).",
    "HeaderThisUserIsCurrentlyDisabled": "Este usuario est\u00e1 desactivado",
    "OptionEnableTranscodingThrottle": "Activar estrangulamiento",
    "OptionEnableTranscodingThrottleHelp": "El estrangulamiento ajustar\u00e1 autom\u00e1ticamente la velocidad de transcodificaci\u00f3n para minimizar la carga del procesador durante la reproducci\u00f3n.",
    "LabelUploadSpeedLimit": "L\u00edmite de velocidad de subida (Mbps):",
    "OptionAllowSyncTranscoding": "Permitir la descarga y sincronizaci\u00f3n de medios que requieren transcodificaci\u00f3n",
    "AllowMediaConversion": "Permitir convertir los medios",
    "AllowMediaConversionHelp": "Concede o niega el acceso a la funci\u00f3n de conversi\u00f3n de medios.",
    "HeaderPlayback": "Reproducci\u00f3n de contenido",
    "OptionAllowAudioPlaybackTranscoding": "Permitir reproducci\u00f3n de audio que requiere transcodificaci\u00f3n",
    "OptionAllowVideoPlaybackTranscoding": "Permitir reproducci\u00f3n de v\u00eddeo que requiere transcodificaci\u00f3n",
    "OptionAllowVideoPlaybackRemuxing": "Permitir reproducci\u00f3n de v\u00eddeo que requiere conversi\u00f3n sin necesidad de volver a codificar",
    "OptionAllowMediaPlaybackTranscodingHelp": "Restringir el acceso a la transcodificaci\u00f3n puede causar fallos de reproducci\u00f3n en aplicaciones Emby debido a formatos de medios no compatibles.",
    "TabStreaming": "Transmisi\u00f3n",
    "LabelRemoteClientBitrateLimit": "L\u00edmite de la transmisi\u00f3n de tasa de bits por internet (Mbps):",
    "LabelRemoteClientBitrateLimitHelp": "Un l\u00edmite opcional de tasa de bits para todos los dispositivos fuera de la red. Esto es \u00fatil para evitar que los dispositivos soliciten una tasa de bits m\u00e1s alta que la que su conexi\u00f3n a Internet puede manejar. Esto puede ocasionar una mayor carga de la CPU en su servidor para transcodificar v\u00eddeos sobre la marcha a una tasa de bits m\u00e1s baja.",
    "LabelUserRemoteClientBitrateLimitHelp": "Esto anular\u00e1 el valor global predeterminado establecido en la configuraci\u00f3n de reproducci\u00f3n del servidor.",
    "LabelConversionCpuCoreLimit": "L\u00edmite de n\u00facleos del procesador:",
    "LabelConversionCpuCoreLimitHelp": "Limitar la cantidad de n\u00facleos del procesador que se utilizan para los trabajos de sincronizaci\u00f3n.",
    "OptionEnableFullSpeedConversion": "Activar la conversi\u00f3n a m\u00e1xima velocidad",
    "OptionEnableFullSpeedConversionHelp": "Por defecto, la conversi\u00f3n de las sinronizaciones se realiza a baja velocidad para minimizar el uso de recursos.",
    "TabPhotos": "Fotos",
    "HeaderWelcomeToEmby": "Bienvenido a Emby",
    "EmbyIntroMessage": "Con Emby puedes transmitir v\u00eddeos, m\u00fasica y fotos a smartphones, tablets y otros dispositivos desde tu servidor Emby.",
    "ButtonConnect": "Conectar",
    "HeaderNewServer": "Nuevo servidor",
    "HeaderExport": "Exportar",
    "HeaderColumns": "Columnas",
    "ButtonReset": "Reestablecer",
    "OptionEnableExternalVideoPlayers": "Activar reproductores externos",
    "LabelEnableFullScreen": "Activar modo pantalla completa",
    "TabHomeScreen": "Pantalla de inicio",
    "HeaderDisplay": "Mostrar",
    "HeaderNavigation": "Navegaci\u00f3n",
    "OptionEnableAutomaticServerUpdates": "Activar actualizaciones autom\u00e1ticas del servidor",
    "HeaderOverview": "Resumen",
    "HeaderType": "Tipo",
    "HeaderTunerDevices": "Sintonizadores",
    "HeaderTVSources": "Entradas de TV",
    "HeaderAddDevice": "A\u00f1adir dispositivo",
    "HeaderExternalServices": "Servicios externos",
    "LabelTunerIpAddress": "IP del sintonizador:",
    "HeaderGuideProviders": "Proveedores de datos de Gu\u00eda TV",
    "AddGuideProviderHelp": "A\u00f1adir una fuente para la gu\u00eda de TV",
    "LabelZipCode": "C\u00f3digo Zip:",
    "GuideProviderSelectListings": "Seleccionar listados",
    "GuideProviderLogin": "Ingresar",
    "LabelLineup": "Reparto:",
    "MessageTunerDeviceNotListed": "\u00bfNo ves tu sintonizador? Int\u00e9ntalo de nuevo a\u00f1adiendo un proveedor externo para tener m\u00e1s opciones de TV en directo.",
    "LabelImportOnlyFavoriteChannels": "Reestringir a los canales marcados como favoritos",
    "ImportFavoriteChannelsHelp": "Si est\u00e1 activado, s\u00f3lo los canales guardados como favoritos en el sintonizador se importar\u00e1n.",
    "ButtonRepeat": "Repetir",
    "LabelEnableThisTuner": "Activar este sintonizador",
    "LabelEnableThisTunerHelp": "Desmarca para evitar que se importen canales desde este sintonizador.",
    "HeaderImagePrimary": "Principal",
    "HeaderImageBackdrop": "Fondo",
    "HeaderImageLogo": "Logo",
    "HeaderUserPrimaryImage": "Imagen de usuario",
    "ButtonProfile": "Perfil",
    "ButtonProfileHelp": "Establece tu contrase\u00f1a e imagen de perfil",
    "HeaderHomeScreenSettings": "Ajustes de la pantalla de inicio",
    "HeaderProfile": "Perfil",
    "HeaderLanguage": "Idioma",
    "LabelTranscodingThreadCount": "Cantidad de instancias de transcodificaci\u00f3n:",
    "LabelTranscodingThreadCountHelp": "Selecciona el n\u00famero m\u00e1ximo de instancias de transcodificaci\u00f3n. Reducirlas disminuir\u00e1 la carga del procesador pero no convertir\u00e1 lo suficientemente r\u00e1pido para una reproducci\u00f3n fluida.",
    "OptionMax": "M\u00e1ximo",
    "LabelTunerType": "Tipo de sintonizador:",
    "HeaderSetupTVGuide": "Configurar gu\u00eda de TV",
    "LabelDataProvider": "Proveedor de datos:",
    "HeaderDefaultRecordingSettings": "Configuraci\u00f3n predeterminada de grabaci\u00f3n",
    "OptionEnableRecordingSubfolders": "Crear subcarpetas para categor\u00edas como Deportes, Ni\u00f1os, etc.",
    "HeaderSubtitles": "Subt\u00edtulos",
    "HeaderVideos": "V\u00eddeos",
    "LabelHardwareAccelerationType": "Aceleraci\u00f3n por hardware:",
    "LabelHardwareAccelerationTypeHelp": "Disponible s\u00f3lo en sistemas soportados.",
    "HeaderAdmin": "Administrador",
    "HeaderCameraUpload": "Subidas de la c\u00e1mara",
    "ButtonClear": "Limpiar",
    "LabelFolder": "Carpeta:",
    "HeadersFolders": "Carpetas:",
    "LabelDisplayName": "Mostrar nombre:",
    "OptionConvertRecordingsToStreamingFormat": "Convertir grabaciones autom\u00e1ticamente a un formato amigable",
    "OptionConvertRecordingsToStreamingFormatHelp": "Las grabaciones se convertir\u00e1n sobre la marcha a MKV para una f\u00e1cil reproducci\u00f3n en tus dispositivos.",
    "OptionDownloadImagesInAdvance": "Descargar imagenes con antelaci\u00f3n",
    "OptionDownloadImagesInAdvanceHelp": "Por defecto, la mayor\u00eda de las im\u00e1genes solo se descargan cuando lo solicita una aplicaci\u00f3n Emby. Activa esta opci\u00f3n para descargar todas las im\u00e1genes por adelantado, a medida que se importan nuevos medios. Esto puede causar escaneos de biblioteca significativamente m\u00e1s largos.",
    "DeleteImage": "Borrar Imagen",
    "MessageThankYouForSupporting": "Gracias por apoyar a Emby.",
    "FileReadCancelled": "La lectura del archivo se ha cancelado.",
    "FileNotFound": "Archivo no encontrado.",
    "FileReadError": "Se encontr\u00f3 un error al leer el archivo.",
    "PinCodeResetComplete": "El c\u00f3digo PIN se ha restablecido.",
    "PinCodeResetConfirmation": "\u00bfEst\u00e1 seguro que desea restablecer el c\u00f3digo PIN?",
    "HeaderPinCodeReset": "Restablecer C\u00f3digo PIN",
    "NoPluginConfigurationMessage": "Este plugin no tiene opciones que configurar.",
    "NoPluginsInstalledMessage": "No tiene plugins instalados.",
    "BrowsePluginCatalogMessage": "Navegar el catalogo de plugins para ver los plugins disponibles.",
    "LabelAppName": "Nombre de la app",
    "LabelAppNameExample": "Ejemplo: Sickbeard, NzbDrone",
    "HeaderNewApiKeyHelp": "Permitir que una aplicaci\u00f3n se comunique con el servidor Emby.",
    "MessageKeyEmailedTo": "Clave enviada por email a {0}.",
    "HeaderConfirmation": "Confirmaci\u00f3n",
    "MessageKeyUpdated": "Gracias. Tu clave de Emby Premiere se ha actualizado.",
    "MessageKeyRemoved": "Gracias. Tu clave de Emby Premiere se ha eliminado.",
    "TextEnjoyBonusFeatures": "Disfrute los extras",
    "HeaderAddTag": "A\u00f1adir etiqueta",
    "ButtonSelectView": "Seleccionar vista",
    "LabelFromHelp": "Ejemplo: {0} (en el servidor)",
    "MessageErrorLoadingSupporterInfo": "Ha habido un error cargando la informaci\u00f3n de Emby Premiere. Por favor int\u00e9ntalo m\u00e1s tarde.",
    "HeaderConfirmRemoveUser": "Quitar usuario",
    "ValueTimeLimitSingleHour": "Tiempo l\u00edmite: 1 hora",
    "ValueTimeLimitMultiHour": "Tiempo l\u00edmite: {0} hora",
    "General": "General",
    "HeaderScreenSavers": "Salvapantallas",
    "Notifications": "Notificaciones",
    "Metadata": "Metadatos",
    "Reporting": "Informes",
    "HeaderSearch": "Buscar",
    "ValueDateCreated": "Fecha de creaci\u00f3n: {0}",
    "LabelArtist": "Artista",
    "LabelMovie": "Pel\u00edcula",
    "LabelMusicVideo": "Video Musical",
    "LabelEpisode": "Episodio",
    "Series": "Series",
    "LabelStopping": "Deteniendo",
    "LabelCancelled": "Cancelado",
    "ButtonDownload": "Descargar",
    "HeaderDevices": "Dispositivos",
    "HeaderSelectCertificatePath": "Elige la ruta del certificado",
    "HeaderSupporterBenefit": "Una suscripci\u00f3n activa a Emby Premiere brinda beneficios adicionales, como acceso a Emby DVR, medios sin conexi\u00f3n, complementos premium y m\u00e1s. {0} Aprende m\u00e1s {1}.",
    "HeaderWelcomeBack": "\u00a1Bienvenido de nuevo!",
    "HeaderSelectDevices": "Elegir dispositivos",
    "ButtonReenable": "Reactivar",
    "LabelAbortedByServerShutdown": "(Abortado por cierre del servidor)",
    "LabelScheduledTaskLastRan": "\u00daltima ejecuci\u00f3n {0}, tardando {1}.",
    "HeaderDeleteTaskTrigger": "Eliminar tarea de activaci\u00f3n",
    "MessageDeleteTaskTrigger": "\u00bfEst\u00e1 seguro que desea eliminar esta tarea de activaci\u00f3n?",
    "MessageNoPluginsInstalled": "No tiene plugins instalados.",
    "MessageNoPluginsDueToAppStore": "Para administrar los plugins usa la interfaz web de Emby",
    "LabelVersionInstalled": "{0} instalado",
    "LabelNumberReviews": "{0} Revisiones",
    "LabelFree": "Libre",
    "HeaderSelectAudio": "Seleccionar Audio",
    "HeaderSelectSubtitles": "Seleccionar Subt\u00edtulos",
    "LabelDefaultStream": "(Por defecto)",
    "LabelForcedStream": "(Forzado)",
    "LabelDefaultForcedStream": "(Por defecto\/Forzado)",
    "LabelUnknownLanguage": "Idioma desconocido",
    "ButtonMute": "Silencio",
    "ButtonUnmute": "Activar audio",
    "ButtonPlaylist": "Lista de reproducci\u00f3n",
    "LabelEnabled": "Activado",
    "LabelDisabled": "Desactivado",
    "Disabled": "Desactivado",
    "ButtonMoreInformation": "M\u00e1s informaci\u00f3n",
    "LabelNoUnreadNotifications": "No hay notificaciones sin leer.",
    "HeaderConfirmSeriesCancellation": "Confirmar cancelaci\u00f3n de serie",
    "HeaderConfirmRecordingDeletion": "Confirmar borrado de la grabaci\u00f3n",
    "OptionWeekend": "Fines de semana",
    "OptionWeekday": "D\u00edas de semana",
    "LiveTvUpdateAvailable": "(Actualizaci\u00f3n disponible)",
    "LabelVersionUpToDate": "\u00a1Actualizado!",
    "ButtonResetTuner": "Reiniciar sintonizador",
    "HeaderResetTuner": "Restablecer el sintonizador",
    "MessageConfirmResetTuner": "\u00bfEst\u00e1 seguro que desea reiniciar este sintonizador? Cualquier reproducci\u00f3n o grabaci\u00f3n activa se detendr\u00e1 inmediatamente.",
    "ButtonCancelSeries": "Cancelar serie",
    "HeaderSeriesRecordings": "Grabaciones de series",
    "LabelAnytime": "A cualquier hora",
    "StatusRecording": "Grabando",
    "StatusWatching": "Viendo",
    "StatusRecordingProgram": "Grabando {0}",
    "StatusWatchingProgram": "Viendo {0}",
    "HeaderSplitMedia": "Divisi\u00f3n de medios",
    "MessageConfirmSplitMedia": "\u00bfEst\u00e1 seguro que desea dividir los medios en partes separadas?",
    "HeaderError": "Error",
    "HeaderSelectServerCachePath": "Seleccione la ruta para el cach\u00e9 del servidor",
    "HeaderSelectTranscodingPath": "Seleccione la ruta temporal del transcodificador",
    "HeaderSelectMetadataPath": "Seleccione la ruta para Metadatos",
    "HeaderSelectServerCachePathHelp": "Navega o introduce la ruta para alojar los archivos cach\u00e9 del servidor. Tienes que tener permisos de escritura en esa carpeta.",
    "HeaderSelectTranscodingPathHelp": "Busque o escriba la ruta de acceso que se utilizar\u00e1 para la transcodificaci\u00f3n de archivos temporales. La carpeta debe tener permiso de escritura.",
    "HeaderSelectMetadataPathHelp": "Busque o escriba la ruta donde desea almacenar los metadatos. La carpeta debe tener permiso de escritura.",
    "MessageFileWillBeDeleted": "El siguiente archivo se eliminar\u00e1:",
    "MessageSureYouWishToProceed": "\u00bfEst\u00e1 seguro que desea proceder?",
    "MessageFollowingFileWillBeMovedFrom": "El siguiente archivo se mover\u00e1 desde:",
    "MessageDestinationTo": "hasta:",
    "HeaderRestart": "Reiniciar",
    "HeaderShutdown": "Apagar",
    "MessageConfirmRestart": "\u00bfEst\u00e1s seguro de que quieres reiniciar el servidor?",
    "MessageConfirmShutdown": "\u00bfEst\u00e1s seguro de que quieres apagar el servidor?",
    "ValueItemCount": "\u00edtem {0}",
    "ValueItemCountPlural": "\u00edtems {0}",
    "NewVersionOfSomethingAvailable": "\u00a1Hay disponible una nueva versi\u00f3n de {0}!",
    "VersionXIsAvailableForDownload": "La versi\u00f3n {0} est\u00e1 disponible para su descarga.",
    "LabelVersionNumber": "Versi\u00f3n {0}",
    "LabelPlayMethodTranscoding": "Transcodificaci\u00f3n",
    "LabelPlayMethodDirectStream": "Streaming directo",
    "LabelPlayMethodDirectPlay": "Reproducci\u00f3n directa",
    "LabelLocalAccessUrl": "Acceso en el hogar (LAN): {0}",
    "LabelRemoteAccessUrl": "Acceso remoto (WAN): {0}",
    "LabelRunningOnPort": "Ejecut\u00e1ndose en el puerto http {0}.",
    "LabelRunningOnPorts": "Ejecut\u00e1ndose en el puerto http {0}, y puerto https {1}.",
    "HeaderLatestFromChannel": "Lo \u00faltimo de {0}",
    "ButtonRemoteControl": "Control remoto",
    "HeaderLatestTvRecordings": "\u00daltimas grabaciones",
    "LabelCurrentPath": "Ruta actual:",
    "HeaderSelectMediaPath": "Seleccionar la ruta para Medios",
    "HeaderSelectPath": "Elige ruta",
    "ButtonNetwork": "Red",
    "MessageDirectoryPickerInstruction": "Rutas de red pueden ser introducidas manualmente en el caso de que el bot\u00f3n de la red no pueda localizar sus dispositivos. Por ejemplo, {0} o {1}.",
    "MessageDirectoryPickerBSDInstruction": "Para BSD, necesitar\u00e1s configurar el almacenamiento del \"FreeNAS Jail\" para poder permitir a Emby acceder a \u00e9l.",
    "MessageDirectoryPickerLinuxInstruction": "Para Arch Linux, CentOS, Debian, Fedora, OpenSuse, o Ubuntu, tienes que permitir al usuario de Emby acceso de lectura a las ubicaciones de almacenamiento.",
    "HeaderMenu": "Men\u00fa",
    "ButtonOpen": "Abrir",
    "ButtonShuffle": "Mezclar",
    "HeaderAudioTracks": "Pistas de audio",
    "HeaderLibraries": "Blibliotecas",
    "MessageErrorPlayingVideo": "Ha habido un error reproduciendo el video.",
    "MessageEnsureOpenTuner": "Aseg\u00farese que hay un sintonizador disponible.",
    "ButtonReports": "Informes",
    "MetadataManager": "Administrador de metadatos",
    "HeaderTime": "Duraci\u00f3n",
    "LabelAddedOnDate": "A\u00f1adido {0}",
    "ButtonStart": "Inicio",
    "OptionBlockOthers": "Otros",
    "OptionBlockTvShows": "Programas TV",
    "OptionBlockTrailers": "Trailers",
    "OptionBlockMusic": "M\u00fasica",
    "OptionBlockMovies": "Pel\u00edculas",
    "OptionBlockBooks": "Libros",
    "OptionBlockGames": "Juegos",
    "OptionBlockLiveTvPrograms": "Programas de TV en directo",
    "OptionBlockLiveTvChannels": "Canales de TV en directo",
    "OptionBlockChannelContent": "Contenido de canales de Internet",
    "ButtonRevoke": "Revocar",
    "MessageConfirmRevokeApiKey": "\u00bfEst\u00e1s seguro de que quieres revocar esta clave API? Las conexiones de aplicaciones que usen la API se terminar\u00e1n.",
    "HeaderConfirmRevokeApiKey": "Revocar Clave Api",
    "ValueContainer": "Contenedor: {0}",
    "ValueAudioCodec": "Codec de audio: {0}",
    "ValueVideoCodec": "Codec de video: {0}",
    "ValueCodec": "Codec: {0}",
    "ValueConditions": "Condiciones: {0}",
    "LabelAll": "Todo",
    "HeaderDeleteImage": "Borrar imagen",
    "MessageFileNotFound": "Archivo no encontrado.",
    "ButtonNextPage": "P\u00e1gina siguiente",
    "ButtonPreviousPage": "P\u00e1gina anterior",
    "MessagePleaseAcceptTermsOfServiceBeforeContinuing": "Por favor acepta los t\u00e9rminos del servicio antes de continuar.",
    "OptionOff": "Apagado",
    "OptionOn": "Encendido",
    "ButtonUninstall": "Desinstalar",
    "HeaderLiveTV": "TV en directo",
    "MissingPrimaryImage": "Falta imagen principal.",
    "MissingBackdropImage": "Falta imagen de fondo.",
    "MissingLogoImage": "Falta logo.",
    "MissingEpisode": "Falta episodio.",
    "OptionBackdrops": "Im\u00e1genes de fondo",
    "OptionImages": "Im\u00e1genes",
    "OptionKeywords": "Palabras clave",
    "OptionTags": "Etiquetas",
    "OptionStudios": "Estudios",
    "OptionName": "Nombre",
    "OptionOverview": "Sinopsis",
    "OptionGenres": "G\u00e9neros",
    "OptionPeople": "Gente",
    "OptionBirthLocation": "Lugar de nacimiento",
    "HeaderChangeFolderType": "Cambiar tipo de contenido",
    "HeaderChangeFolderTypeHelp": "Para cambiar el tipo de contenido por favor elimina y reconstruye la biblioteca con el nuevo tipo.",
    "HeaderAlert": "Alerta",
    "MessagePleaseRestart": "Por favor reinicie para terminar la actualizaci\u00f3n.",
    "ButtonHide": "Esconder",
    "MessageSettingsSaved": "Ajustes guardados.",
    "TabLibrary": "Biblioteca",
    "TabLiveTV": "TV en directo",
    "TabPlugins": "Plugins",
    "TabHelp": "Ayuda",
    "HeaderNotifications": "Notificaciones",
    "HeaderSelectPlayer": "Elegir reproductor",
    "HeaderSpecials": "Especiales",
    "HeaderTrailers": "Trailers",
    "HeaderResolution": "Resoluci\u00f3n",
    "HeaderRuntime": "Runtime",
    "HeaderParentalRating": "Calificaci\u00f3n parental",
    "HeaderReleaseDate": "Fecha de lanzamiento",
    "HeaderSeries": "Series:",
    "HeaderSeason": "Temporada",
    "HeaderSeasonNumber": "Temporada numero",
    "HeaderNetwork": "Red",
    "HeaderYear": "A\u00f1o:",
    "HeaderEmbeddedImage": "Imagen",
    "HeaderTrack": "Pista",
    "OptionCollections": "Colecciones",
    "OptionSeries": "Series",
    "OptionGames": "Juegos",
    "OptionGameSystems": "Sistemas de juego",
    "OptionMusicArtists": "Artistas de m\u00fasica",
    "OptionMusicAlbums": "\u00c1lbumes de m\u00fasica",
    "OptionMusicVideos": "V\u00eddeos de m\u00fasica",
    "OptionSongs": "Canciones",
    "OptionHomeVideos": "V\u00eddeos caseros y fotos",
    "OptionBooks": "Libros",
    "ButtonUp": "Arriba",
    "ButtonDown": "Abajo",
    "LabelMetadataReaders": "Lectores de metadatos:",
    "LabelMetadataReadersHelp": "Ordena tus fuentes de metadatos locales por prioridad. Se leer\u00e1 el primer archivo encontrado.",
    "LabelSubtitleDownloaders": "Descargadores de subt\u00edtulos:",
    "SubtitleDownloadersHelp": "Habilita y clasifica tus descargadores de subt\u00edtulos preferidos por orden de prioridad.",
    "LabelMetadataDownloaders": "Descargadores de metadatos:",
    "LabelMetadataDownloadersHelp": "Activa y ordena tus descargadores de metadatos por prioridad. Los que tengan menor prioridad se s\u00f3lo se utilizar\u00e1n para llenar la informaci\u00f3n faltante.",
    "LabelMetadataSavers": "Almacenadores de metadatos:",
    "LabelMetadataSaversHelp": "Elige el formato de archivo para guardar tus metadatos.",
    "LabelImageFetchers": "Buscador de im\u00e1genes:",
    "LabelImageFetchersHelp": "Activa y ordena tus buscadores de im\u00e1genes en orden de prioridad.",
    "PersonTypePerson": "Persona",
    "OptionSortName": "Ordenar por nombre",
    "LabelDateOfBirth": "Fecha de nacimiento:",
    "HeaderRemoveMediaLocation": "Quitar ubicaci\u00f3n de medios",
    "MessageConfirmRemoveMediaLocation": "\u00bfEst\u00e1s seguro que quieres quitar esta ubicaci\u00f3n?",
    "LabelNewName": "Nuevo nombre:",
    "HeaderRemoveMediaFolder": "Quitar carpeta de medios",
    "MessageTheFollowingLocationWillBeRemovedFromLibrary": "Se eliminar\u00e1n las siguientes ubicaciones de medios de tu biblioteca de Emby:",
    "MessageAreYouSureYouWishToRemoveMediaFolder": "\u00bfEst\u00e1s seguro de que quieres quitar esta carpeta de medios?",
    "ButtonRename": "Renombrar",
    "ButtonChangeContentType": "Cambiar el tipo de contenido",
    "HeaderMediaLocations": "Ubicaciones de medios",
    "LabelContentTypeValue": "Tipo de contenido: {0}",
    "FolderTypeUnset": "Contenido mixto",
    "HeaderPluginInstallation": "Instalaci\u00f3n del plugin",
    "MessageAlreadyInstalled": "Esta versi\u00f3n ya est\u00e1 instalada",
    "MessageYouHaveVersionInstalled": "Actualmente tienes la versi\u00f3n {0} instalada.",
    "MessageTrialExpired": "El per\u00edodo de prueba para esta caracter\u00edstica ha expirado",
    "MessageTrialWillExpireIn": "El per\u00edodo de prueba para esta caracter\u00edstica expira en {0} d\u00eda(s)",
    "MessageInstallPluginFromApp": "Este plugin debe instalarse desde la aplicaci\u00f3n donde lo vayas a usar.",
    "ValuePriceUSD": "Precio: {0} (USD)",
    "MessageFeatureIncludedWithSupporter": "Est\u00e1s registrado para esta caracter\u00edstica y podr\u00e1s continuar us\u00e1ndola con una suscripci\u00f3n de Emby Premiere",
    "HeaderUnrated": "Sin clasificar",
    "HeaderUnknownDate": "Fecha desconocida",
    "HeaderUnknownYear": "A\u00f1o desconocido",
    "HeaderSelectExternalPlayer": "Seleccionar reproductor externo",
    "HeaderExternalPlayerPlayback": "Playback del reproductor externo",
    "OptionWatched": "Visto",
    "OptionUnwatched": "Sin ver",
    "LabelMarkAs": "Marcar como:",
    "OptionInProgress": "En progreso",
    "LabelResumePoint": "Punto de continuaci\u00f3n:",
    "ValueOneTrailer": "1 tr\u00e1iler",
    "ValueTrailerCount": "{0} tr\u00e1ilers",
    "ValueSeriesYearToPresent": "{0} - Actualidad",
    "ValueAwards": "Premios: {0}",
    "ValuePremiered": "Estrenada {0}",
    "ValuePremieres": "Estrenos {0}",
    "ValueStudio": "Estudio: {0}",
    "ValueStudios": "Estudios: {0}",
    "ValueStatus": "Estado: {0}",
    "LabelLimit": "L\u00edmite:",
    "ValueLinks": "Enlaces: {0}",
    "ValueArtist": "Artista: {0}",
    "ValueArtists": "Artistas: {0}",
    "MediaInfoCameraMake": "C\u00e1mara",
    "MediaInfoCameraModel": "Modelo de c\u00e1mara",
    "MediaInfoAltitude": "Altitud",
    "MediaInfoAperture": "Apertura",
    "MediaInfoExposureTime": "Tiempo de exposici\u00f3n",
    "MediaInfoFocalLength": "Distancia focal",
    "MediaInfoOrientation": "Orientaci\u00f3n",
    "MediaInfoIsoSpeedRating": "Velocidad ISO",
    "MediaInfoLatitude": "Latitud",
    "MediaInfoLongitude": "Longitud",
    "MediaInfoShutterSpeed": "Velocidad del obturador",
    "MediaInfoSoftware": "Software",
    "HeaderMovies": "Pel\u00edculas",
    "HeaderAlbums": "Albums",
    "HeaderGames": "Juegos",
    "HeaderBooks": "Libros",
    "HeaderEpisodes": "Episodios",
    "HeaderTracks": "Tracks",
    "HeaderItems": "\u00cdtems",
    "HeaderOtherItems": "Otros \u00edtems",
    "ValueAsRole": "como {0}",
    "ValueGuestStar": "Estrella invitada",
    "TabExpert": "Experto",
    "HeaderSelectCustomIntrosPath": "Elegir ruta de intros personalizadas",
    "HeaderThankYou": "Gracias",
    "ReleaseYearValue": "A\u00f1o de estreno: {0}",
    "TabExtras": "Extras",
    "DeviceLastUsedByUserName": "Usado por \u00faltima vez por {0}",
    "HeaderSelectUploadPath": "Elige ruta de subida",
    "ErrorMessageStartHourGreaterThanEnd": "La hora de finalizaci\u00f3n tiene que ser mayor que la de inicio.",
    "ButtonLibraryAccess": "Acceso a la biblioteca",
    "ButtonParentalControl": "Control parental",
    "MessageUnableToConnectToServer": "No podemos conectar con el servidor seleccionado ahora mismo. Por favor aseg\u00farate de que esta funcionando e int\u00e9ntalo otra vez.",
    "MessagePluginConfigurationRequiresLocalAccess": "Para configurar este plugin por favor inicia sesi\u00f3n en tu servidor local directamente.",
    "MessageLoggedOutParentalControl": "El acceso est\u00e1 restringido actualmente. Por favor int\u00e9ntalo m\u00e1s tarde.",
    "ButtonLinkMyEmbyAccount": "Enlazar mi cuenta ahora",
    "MessageConnectAccountRequiredToInviteGuest": "Para poder invitar a gente tienes que primero enlazar tu cuenta de Emby con este servidor.",
    "HeaderCancelSyncJob": "Cancelar sincronizaci\u00f3n",
    "MovieLibraryHelp": "Revise la {0}gu\u00eda de nombres de pel\u00edculas Emby{1}.",
    "TvLibraryHelp": "Revisa la {0}gu\u00eda de nombres de Series de TV de Emby{1}.",
    "BookLibraryHelp": "Los libros de audio y de texto son compatibles. Revisa la {0} gu\u00eda de nombres de Emby Book {1}.",
    "MessageGamePluginRequired": "Necesita de la instalaci\u00f3n del plugin GameBrowser",
    "MessageUnsetContentHelp": "El contenido se mostrar\u00e1 como carpetas planas.",
    "ButtonNewServer": "Nuevo servidor",
    "ButtonRemote": "Remoto",
    "HeaderUnlockApp": "Desbloquear App",
    "HeaderUnlockSync": "Desbloquear sincronizaci\u00f3n Emby",
    "MessagePaymentServicesUnavailable": "Los servicios de pago no est\u00e1n disponibles ahora. Por favor int\u00e9ntalo m\u00e1s tarde.",
    "HeaderLibrary": "Biblioteca",
    "HeaderMedia": "Medios",
    "NoNewDevicesFound": "No se han encontrado nuevos dispositivos. Para a\u00f1adir un sintonizador cierra este di\u00e1logo e introduce la informaci\u00f3n del dispositivo manualmente.",
    "NoResultsFound": "No se han encontrado resultados.",
    "ManageLibrary": "Gestionar biblioteca",
    "HeaderConfirm": "Confirmar",
    "MessageConfirmDeleteTunerDevice": "\u00bfEst\u00e1s seguro de que quieres borrar este dispositivo?",
    "MessageConfirmDeleteGuideProvider": "\u00bfEst\u00e1s seguro de que quieres borrar este proveedor de gu\u00eda?",
    "HeaderDeleteProvider": "Borrar proveedor",
    "ErrorAddingTunerDevice": "Ha habido un error a\u00f1adiendo el dispositivo sintonizador. Por favor, aseg\u00farate de que es accesible e int\u00e9ntalo otra vez.",
    "ErrorSavingTvProvider": "Ha habido un error guardando el proveedor de TV. Por favor, aseg\u00farate de que es accesible e int\u00e9ntalo otra vez.",
    "ErrorGettingTvLineups": "Ha habido un error descargando las alineaciones de TV. Por favor aseg\u00farate de la informaci\u00f3n es correcta e int\u00e9ntalo otra vez.",
    "MessageCreateAccountAt": "Crear una cuenta en {0}",
    "ErrorPleaseSelectLineup": "Por favor selecciona una alineaci\u00f3n e int\u00e9ntalo otra vez. Si no hay alineaciones disponibles, revisa que tu nombre de usuario, contrase\u00f1a y c\u00f3digo postal son correctos.",
    "HeaderTryEmbyPremiere": "Prueba Emby Premiere",
    "OptionEnableDisplayMirroring": "Activar mirroring de la pantalla",
    "ErrorValidatingSupporterInfo": "Ha habido un error al validar tus datos de Emby Premiere. Por favor int\u00e9ntalo de nuevo m\u00e1s tarde.",
    "LabelLocalSyncStatusValue": "Estado: {0}",
    "OptionBackdropSlideshow": "Presentaci\u00f3n de fondos",
    "HeaderTopPlugins": "Mejores Plugins",
    "ButtonOther": "Otro",
    "HeaderSortBy": "Ordenar por",
    "HeaderSortOrder": "Orden",
    "ButtonMenu": "Men\u00fa",
    "ForAdditionalLiveTvOptions": "Para proveedores adicionales de TV en directo, haga clic en la pesta\u00f1a Servicios para ver las opciones disponibles.",
    "ButtonGuide": "Gu\u00eda",
    "ButtonYes": "Si",
    "AddUser": "Agregar usuario",
    "ButtonNo": "No",
    "HeaderEmailAddress": "Direcci\u00f3n de correo",
    "NumLocationsValue": "{0} carpetas",
    "ErrorAddingListingsToSchedulesDirect": "Ha habido un error a\u00f1adiendo la alineaci\u00f3n a tu cuenta de Schedules Direct. Schedules Direct solo permite un determinado n\u00famero de alineaciones por cuenta. Necesitar\u00e1s iniciar sesi\u00f3n en la web de Schedules Direct y quitar otras listas de tu cuenta antes de proceder.",
    "PleaseAddAtLeastOneFolder": "Por favor a\u00f1ade al menos una carpeta a esta biblioteca haciendo clic en el bot\u00f3n A\u00f1adir.",
    "ErrorAddingMediaPathToVirtualFolder": "Ha habido un error a\u00f1adiendo la ruta de los medios. Por favor aseg\u00farate de que la ruta es v\u00e1lida y que el proceso del servidor Emby tiene acceso a esa ubicaci\u00f3n.",
    "ErrorAddingEmbyConnectAccount3": "La cuenta Emby ya est\u00e1 vinculada a un usuario local existente. Una cuenta Emby s\u00f3lo puede enlazarse a un usuario local a la vez.",
    "HeaderConfirmPluginInstallation": "Confirmar la instalaci\u00f3n del Plugin",
    "PleaseConfirmPluginInstallation": "Por favor haz clic en OK para confirmar que has le\u00eddo lo de arriba y quieres proceder con la instalaci\u00f3n del plugin.",
    "MessagePluginInstallDisclaimer": "Los plugins creados por los miembros de la comunidad de Emby son una buena forma de mejorar tu experiencia Emby con caracter\u00edsticas adicionales y otros beneficios. Antes de instalarlos, por favor considera los efectos que pueden tener en tu servidor Emby, como escaneos de la biblioteca m\u00e1s largos, procesado en segundo plano adicional y una reducci\u00f3n de la estabilidad del sistema.",
    "TitleHardwareAcceleration": "Aceleraci\u00f3n por Hardware",
    "HardwareAccelerationWarning": "Activar la aceleraci\u00f3n por hardware puede producir inestabilidades en algunos ambientes. Aseg\u00farate de que tu sistema operativo y tus controladores de v\u00eddeo est\u00e1n actualizados. Si tienes dificultades para reproducir los v\u00eddeos despu\u00e9s de activar esto, tendr\u00e1s que volver a poner este ajuste en Auto.",
    "ValueExample": "Ejemplo: {0}",
    "LabelFileOrUrl": "Archivo o url:",
    "OptionEnableForAllTuners": "Activar para todos los dispositivos sintonizadores",
    "HeaderTuners": "Sintonizadores",
    "LabelOptionalM3uUrl": "url del M3U (opcional):",
    "LabelOptionalM3uUrlHelp": "Algunos dispositivos soportal el listado M3U de los canales.",
    "TabResumeSettings": "Ajustes de reanudaci\u00f3n",
    "DrmChannelsNotImported": "Los canales con DRM no se importar\u00e1n",
    "LabelAllowHWTranscoding": "Permitir transcodificaci\u00f3n por hardware",
    "AllowHWTranscodingHelp": "Si est\u00e1 habilitado, permita que el sintonizador transcodifique secuencias sobre la marcha. Esto puede ayudar a reducir la transcodificaci\u00f3n requerida por Emby Server.",
    "MetadataSettingChangeHelp": "El cambio de la configuraci\u00f3n de metadatos afectar\u00e1 al nuevo contenido que se a\u00f1ada en el futuro. Para actualizar el contenido existente, abra la pantalla de detalles y haga clic en el bot\u00f3n Actualizar o realice actualizaciones masivas utilizando el administrador de metadatos.",
    "RecordingPathChangeMessage": "Cambiar la carpeta de grabaci\u00f3n no migrar\u00e1 las grabaciones existentes de la ubicaci\u00f3n antigua a la nueva. Tendr\u00e1 que moverlos manualmente si lo desea.",
    "LabelSportsCategories": "Categor\u00edas de deportes:",
    "XmlTvSportsCategoriesHelp": "Los programas con estas categor\u00edas se mostrar\u00e1n como programas deportivos. Separe el m\u00faltiplo con '|'.",
    "LabelNewsCategories": "Categor\u00edas de noticias:",
    "XmlTvNewsCategoriesHelp": "Los programas con estas categor\u00edas se mostrar\u00e1n como programas de noticias. Separe el m\u00faltiplo con '|'.",
    "LabelKidsCategories": "Categor\u00edas de ni\u00f1os:",
    "XmlTvKidsCategoriesHelp": "Los programas con estas categor\u00edas se mostrar\u00e1n como programas para ni\u00f1os. Separe el m\u00faltiplo con '|'.",
    "LabelMovieCategories": "Categor\u00edas de pel\u00edculas:",
    "XmlTvMovieCategoriesHelp": "Los programas con estas categor\u00edas se mostrar\u00e1n como pel\u00edculas. Separe el m\u00faltiplo con '|'.",
    "XmlTvPathHelp": "Una ruta de acceso a un archivo xml tv. Emby leer\u00e1 este archivo y comprobar\u00e1 peri\u00f3dicamente si hay actualizaciones. Usted es responsable de crear y actualizar el archivo.",
    "LabelBindToLocalNetworkAddress": "Vincular a la direcci\u00f3n de red local:",
    "LabelBindToLocalNetworkAddressHelp": "Opcional. Anule la direcci\u00f3n IP local para enlazar el servidor http. Si se deja vac\u00edo, el servidor se enlazar\u00e1 a todas las direcciones disponibles. Para cambiar este valor, debe reiniciar Emby Server.",
    "TitleHostingSettings": "Configuraci\u00f3n de Hosting",
    "SettingsWarning": "Cambiar estos valores puede causar inestabilidad o fallos de conectividad. Si experimenta alg\u00fan problema, le recomendamos que cambie de nuevo a su valor predeterminado.",
    "MapChannels": "Asignar canales",
    "OptionSaveMetadataAsHiddenHelp": "Cambiar esto se aplicar\u00e1 a los nuevos metadatos guardados en el futuro. Los archivos de metadatos existentes se actualizar\u00e1n la pr\u00f3xima vez que sean guardados por Emby Server.",
    "EnablePhotos": "Habilitar fotos",
    "EnablePhotosHelp": "Las fotos se detectar\u00e1n y se mostrar\u00e1n junto con otros archivos multimedia.",
    "LabelMaxAudioFileBitrate": "Velocidad m\u00e1xima del archivo de audio:",
    "LabelMaxAudioFileBitrateHelp": "Los archivos de audio con una velocidad de bits m\u00e1s alta ser\u00e1n convertidos por Emby Server. Seleccione un valor superior para una mejor calidad o un valor inferior para conservar el espacio de almacenamiento local.",
    "SaveThumbnailImagesIntoMediaFolders": "Guarda las im\u00e1genes miniaturas en las carpetas de archivos",
    "OptionExtractThumbnailImage": "Habilitar creaci\u00f3n de im\u00e1genes miniatura",
    "LabelEnableDebugLogging": "Habilitar entrada de debug",
    "OptionEnableExternalContentInSuggestions": "Habilitar contenido externo en sugerencias",
    "OptionEnableExternalContentInSuggestionsHelp": "Permita que los trailers de Internet y los programas de TV en vivo se incluyan en el contenido sugerido.",
    "LabelH264EncodingPreset": "Configuraci\u00f3n de codificaci\u00f3n H264:",
    "H264EncodingPresetHelp": "Elija un valor m\u00e1s r\u00e1pido para mejorar el rendimiento o un valor m\u00e1s lento para mejorar la calidad.",
    "LabelH264Crf": "H264 que codifica CRF:",
    "H264CrfHelp": "El factor de velocidad constante (CRF) es el ajuste de calidad predeterminado para el codificador x264. Puede establecer los valores entre 0 y 51, donde valores m\u00e1s bajos resultar\u00edan en una mejor calidad (a expensas de tama\u00f1os de archivo m\u00e1s altos). Los valores sanos est\u00e1n entre 18 y 28. El valor predeterminado para x264 es 23, por lo que puede utilizar esto como punto de partida.",
    "LabelOptionalNetworkPath": "(Opcional) Carpeta de red compartida:",
    "LabelOptionalNetworkPathHelp": "Si esta carpeta se comparte en la red, el suministro de la ruta de acceso compartido de red puede permitir a las aplicaciones Emby de otros dispositivos acceder directamente a los archivos multimedia.",
    "SynologyUpdateInstructions": "Inicie sesi\u00f3n en DSM y vaya al Centro de paquetes para actualizar.",
    "LabelMoviePrefix": "Prefijo de pel\u00edcula:",
    "LabelMoviePrefixHelp": "Si se aplica un prefijo a t\u00edtulos de pel\u00edculas, introd\u00fazcalo aqu\u00ed para que Emby pueda manejarlo correctamente.",
    "HeaderRecordingPostProcessing": "Grabaci\u00f3n Post Procesamiento",
    "LabelPostProcessorArguments": "Argumentos de l\u00ednea de comandos posprocesador:",
    "LabelPostProcessorArgumentsHelp": "Utilice {path} como ruta del archivo de grabaci\u00f3n.",
    "LabelPostProcessor": "Aplicaci\u00f3n de post-procesamiento:",
    "ErrorAddingXmlTvFile": "Ha habido un error accediendo al archivo XmlTV. Por favor, aseg\u00farate de que existe e int\u00e9ntalo de nuevo.",
    "OptionAutomaticallyGroupSeries": "Combinar autom\u00e1ticamente series que se distribuyen en varias carpetas",
    "OptionAutomaticallyGroupSeriesHelp": "Si est\u00e1 activada, las series que se distribuyen entre varias carpetas dentro de esta biblioteca se fusionar\u00e1n autom\u00e1ticamente en una sola serie.",
    "WhenDidYouPurchaseApp": "\u00bfCu\u00e1ndo compraste originalmente esta App?",
    "PreferEmbeddedTitlesOverFileNames": "Preferir t\u00edtulos incrustados sobre los nombres de archivo",
    "PreferEmbeddedTitlesOverFileNamesHelp": "Esto determina el t\u00edtulo por defecto cuando no hay ning\u00fan metadato de internet o local.",
    "HeaderLiveTvTunerSetup": "Ajustes del sintonizador de TV",
    "HeaderTVSourceSetup": "Config. de Entradas de TV",
    "HeaderDetectMyDevices": "Detectar mis dispositivos",
    "MessagePleaseWait": "Por favor espera. Esto puede tardar un minuto.",
    "DetectingDevices": "Detectando dispositvos",
    "LabelAutomaticallyRefreshInternetMetadataEvery": "Actualizar los metadatos autom\u00e1ticamente de internet:",
    "Never": "Nunca",
    "EveryNDays": "Cada {0} d\u00edas",
    "HeaderNewDevices": "Nuevos dispositivos",
    "LabelCertificatePassword": "Contrase\u00f1a del certificado",
    "LabelCertificatePasswordHelp": "Si tu certificado requiere una contrase\u00f1a, por favor introducela aqui",
    "LabelEnableHardwareDecodingFor": "Activar decodificaci\u00f3n por hardware para:",
    "EnableHardwareEncoding": "Activar codificaci\u00f3n por hardware",
    "Rate": "Califica",
    "HeaderNewLibrary": "New Library",
    "HttpsRequiresCert": "Para habilitar conexiones seguras, deber\u00e1 proporcionar un certificado SSL confiable, como Lets Encrypt. Proporcione un certificado o deshabilite las conexiones seguras.",
    "ServerRestartNeededAfterPluginInstall": "El servidor de Emby necesitar\u00e1 ser reiniciado tras instalarse un plugin.",
    "PluginInstalledMessage": "El complemento se ha instalado correctamente. El servidor Emby deber\u00e1 reiniciarse para que los cambios surjan efecto.",
    "Themes": "Temas",
    "MessagePremiereStatusGood": "Tienes un plan Premiere de {0} Emby y el uso de tu dispositivo est\u00e1 dentro de tu l\u00edmite.",
    "MessagePremiereStatusClose": "Tienes un plan Premiere de {0} Emby, pero el uso de tus dispositivos est\u00e1 cerca del l\u00edmite.",
    "MessagePremiereExtendedPlans": "Considere un {0}plan de dispositivos extendido{1}",
    "MessagePremiereStatusOver": "Tienes un plan Premiere de {0} Emby, pero est\u00e1s por encima del l\u00edmite de dispositivos.",
    "ListItemPremiereSub": "{0} la suscripci\u00f3n comprada a trav\u00e9s de {2} caduca el {1}",
    "LabelClickToCancel": "Haz clic para cancelar la suscripci\u00f3n",
    "LabelCancelInfo": "Puedes administrar la suscripci\u00f3n directamente con {0}",
    "LabelAlreadyCanceled": "Esta suscripci\u00f3n ha sido cancelada. La clave seguir\u00e1 siendo v\u00e1lida hasta que expire.",
    "HeaderCancelSub": "Cancelar Emby Premiere",
    "MessageConfirmSubCancel": "NO, Por favor no te vayas... \u00a1Te vas a perder todas las caracter\u00edsticas de Emby Premiere!",
    "ButtonCancelSub": "Lo se, cancelalo de todas formas",
    "ButtonDontCancelSub": "Mantener Emby Premiere",
    "MessageSubCancelReqSent": "Se ha enviado un correo electr\u00f3nico al propietario de la clave. Sigue las instrucciones en ese correo electr\u00f3nico para completar la cancelaci\u00f3n de esta suscripci\u00f3n. \u00a1Esperamos volver a verte pronto!",
    "MessageSubCancelError": "Algo ha ido mal al intentar calcelar. Por favor, env\u00eda un mensaje a {0} y te lo solucionaremos.",
    "LabelAlreadyCancelled": "Esta suscripci\u00f3n ha sido cancelada. No se te volver\u00e1 a cobrar, pero las funciones estar\u00e1n disponibles hasta la fecha de arriba.",
    "AllowOnTheFlySubtitleExtraction": "Permitir la extracci\u00f3n de subt\u00edtulos sobre la marcha",
    "AllowOnTheFlySubtitleExtractionHelp": "Los subt\u00edtulos incrustados pueden extraerse de los v\u00eddeos y enviarse a las aplicaciones de Emby en texto sin formato para evitar la transcodificaci\u00f3n del v\u00eddeo. En algunos sistemas, esto puede llevar mucho tiempo y hacer que la reproducci\u00f3n de v\u00eddeo se bloquee durante el proceso de extracci\u00f3n. Deshabilite esto para tener subt\u00edtulos incrustados grabados con transcodificaci\u00f3n de video cuando no sean compatibles de forma nativa con el dispositivo del cliente.",
    "ButtonStopRecording": "Parar Grabaci\u00f3n",
    "EnableDebugLoggingHelp": "El registro de depuraci\u00f3n solo debe habilitarse seg\u00fan sea necesario para solucionar problemas. El aumento del acceso al sistema de archivos puede impedir que la m\u00e1quina del servidor pueda suspenderse en algunos entornos.",
    "LabelSimultaneousConnectionLimit": "L\u00edmite de transmisiones simult\u00e1neas:",
    "SimultaneousConnectionLimitHelp": "N\u00famero m\u00e1ximo de transmisiones simult\u00e1neas permitidas. Pon 0 para no tener l\u00edmite.",
    "LaunchWebAppOnStartup": "Iniciar la app web de Emby en el navegador cuando el servidor Emby arranca",
    "LaunchWebAppOnStartupHelp": "Esto abrir\u00e1 la aplicaci\u00f3n web en tu navegador cuando se incie el servidor Emby por primera vez. Esto no ocurrir\u00e1 cuando se utilice la funci\u00f3n de reinicio del servidor.",
    "LabelReferrerHeader": "Referrer http header:",
    "LabelUserAgentHeader": "User agent http header:",
    "SupplyCustomValueIfNeeded": "Supply a custom http header value, if necessary.",
    "HeaderConfigureRemoteAccess": "Configurar acceso remoto",
    "LearnHowToCreateSynologyShares": "Aprende a compartir carpetas en Synology",
    "LabelAllowedRemoteAddresses": "Filtro de direcci\u00f3n IP remota:",
    "LabelAllowedRemoteAddressesMode": "Modo de filtro de direcci\u00f3n IP remota:",
    "Whitelist": "Lista blanca",
    "Blacklist": "Lista negra",
    "AllowedRemoteAddressesHelp": "Lista separada por comas de direcciones IP o entradas de IP \/ m\u00e1scara de red para redes a las que se les permitir\u00e1 conectarse de forma remota. Si se deja en blanco, se permitir\u00e1n todas las direcciones remotas.",
    "LabelLanNetworks": "Redes locales:",
    "LanNetworksHelp": "Lista de direcciones IP separadas por comas o entradas de IP \/ m\u00e1scara de red para redes que se considerar\u00e1n en la red local al imponer restricciones de ancho de banda. Si se establece, todas las dem\u00e1s direcciones IP se considerar\u00e1n en la red externa y estar\u00e1n sujetas a las restricciones de ancho de banda externo. Si se deja en blanco, solo se considera que la subred del servidor est\u00e1 en la red local.",
    "LabelSecureConnectionsMode": "Modo de conexi\u00f3n segura:",
    "PreferredNotRequired": "Preferido, pero no requerido",
    "RequiredForAllRemoteConnections": "Requerido para todas las conexiones remotas",
    "HandledByProxy": "Gestionado por proxy inverso",
    "SaveSubtitlesIntoMediaFolders": "Guarda los subt\u00edtulos en carpetas multimedia",
    "SaveSubtitlesIntoMediaFoldersHelp": "Almacenar los subt\u00edtulos junto a los archivos de video te permitir\u00e1 administrarlos m\u00e1s f\u00e1cilmente.",
    "AutomaticSubtitleDownloadInstructions": "To manage automatic subtitle downloading, click on a library in Emby library setup, and edit the subtitle downloading settings for that library.",
    "OpenSubtitleInstructions": "Deber\u00e1s configurar la informaci\u00f3n de la cuenta de Open Subtitles en la pantalla de configuraci\u00f3n de Open Subtitles en el panel de control del servidor.",
    "LabelEnableHardwareAcceleration": "Habilitar la aceleraci\u00f3n de hardware cuando est\u00e9 disponible:",
    "HeaderPreferredHardwareDecoders": "Decodificadores de Hardware Preferidos",
    "HeaderPreferredHardwareEncoders": "Codificadores de Hardware Preferidos",
    "AllowChangingImageAndPassword": "Permitir a este usuario cambiar su contrase\u00f1a e imagen de perfil",
    "LabelTranscodeBuffer": "Buffer del transcodifcador:",
    "LabelTranscodePosition": "Posici\u00f3n del transcodifcador:",
    "LabelPlaybackPosition": "Posici\u00f3n de reproducci\u00f3n:",
    "LabelSimultaneousStreamLimit": "Max simultaneous video streams:",
    "SimultaneousStreamLimitHelp": "Limit the number of concurrent video playback sessions."
}