<?xml version="1.0" encoding="UTF-8" standalone="yes"?>
<addon id="game.controller.genesis.6button"
        name="Sega Genesis Controller"
        version="1.0.9"
        provider-name="Team Kodi">
    <extension point="kodi.game.controller" library="resources/layout.xml"/>
    <extension point="xbmc.addon.metadata">
        <platform>all</platform>
        <assets>
            <icon>resources/icon.png</icon>
        </assets>
        <summary lang="es_ES">Controlador Sega Genesis</summary>
        <summary lang="en_GB">Sega Genesis controller</summary>
        <description lang="da_DK">Den originale controller til Sega Genesis blev udgivet i 1988. Den havde tre face hovedknapper. Sega udgav en version med seks knapper i 1993.</description>
        <description lang="en_GB">The original controller for the Sega Genesis was released in 1988. It had three main face buttons. Sega released a six-button version in 1993.</description>
        <disclaimer lang="da_DK">Kildeangivelse: OpenEmu (openemu.org)</disclaimer>
        <disclaimer lang="en_GB">Image credit: OpenEmu (openemu.org)</disclaimer>
        <disclaimer lang="es_ES">Créditos de la imagen: OpenEmu (openemu.org)</disclaimer>
        <disclaimer lang="ru_RU">Источник изображения: OpenEmu (openemu.org)</disclaimer>
    </extension>
</addon>
