<?xml version="1.0" encoding="UTF-8" standalone="yes"?>
<addon id="game.controller.atari.lynx"
        name="Atari Lynx"
        version="1.0.8"
        provider-name="Team Kodi">
    <extension point="kodi.game.controller" library="resources/layout.xml"/>
    <extension point="xbmc.addon.metadata">
        <summary lang="en_GB">Atari Lynx</summary>
        <description lang="en_GB">The Atari Lynx is a 16-bit handheld gaming console released in 1989.  It held notable accomplishments, including the first handheld with a color LCD, advanced graphics, and ambidextrous layout. However, it was a commercial failure and discontinued in 1995.</description>
        <disclaimer lang="en_GB">Image credit: OpenEmu (openemu.org)</disclaimer>
		<summary lang = "es_ES"> Atari Lynx </summary>
        <description lang = "es_ES"> La Atari Lynx es una consola de juegos portátil de 16 bits lanzada en 1989. Tuvo logros notables, incluida la primera computadora de mano con pantalla LCD en color, gráficos avanzados y diseño ambidiestro. Sin embargo, fue un fracaso comercial y se suspendió en 1995. </description>
        <disclaimer lang = "es_ES"> Crédito de imagen: OpenEmu (openemu.org) </disclaimer>
        <platform>all</platform>
        <assets>
            <icon>resources/icon.png</icon>
        </assets>
    </extension>
</addon>
