<?xml version="1.0" encoding="UTF-8" standalone="yes"?>
<addon id="game.controller.saturn"
        name="Sega Saturn Controller"
        version="1.0.7"
        provider-name="Team Kodi">
    <extension point="kodi.game.controller" library="resources/layout.xml"/>
    <extension point="xbmc.addon.metadata">
        <summary lang="en_GB">Sega Saturn controller</summary>
        <description lang="en_GB">The original controller for the Sega Saturn debuted in Japan in 1994. In North America and Europe, a different, much bulkier controller was released to supposedly accommodate for the &quot;bigger hands&quot; of western consumers.</description>
        <summary lang = "es_ES"> Controlador Sega Saturn </summary>
        <description lang = "es_ES"> El controlador original para el Sega Saturn debutó en Japón en 1994. En Norteamérica y Europa, se lanzó un controlador diferente y mucho más voluminoso para supuestamente acomodar las "manos más grandes". de consumidores occidentales. </description>
		<platform>all</platform>
        <assets>
            <icon>resources/icon.png</icon>
        </assets>
    </extension>
</addon>
