<?xml version="1.0" encoding="UTF-8" standalone="yes"?>
<addon id="script.module.routing" name="Plugin routing" version="0.2.3" provider-name="takoi">
    <requires>
        <import addon="xbmc.python" version="2.14.0"/>
    </requires>
    <extension point="xbmc.python.module" library="lib"/>
    <extension point="xbmc.addon.metadata">
        <summary lang="en_GB">Routing module for plugins</summary>
        <description lang="en_GB">Library for building and parsing plugin URLs.</description>
		<summary lang="es_ES">Módulo de enrutamiento para complementos</summary>
        <description lang="es_ES">Biblioteca para construir y analizar URL de complementos.</description>
        <license>GNU GENERAL PUBLIC LICENSE. Version 3, 29 June 2007</license>
        <platform>all</platform>
        <language>en_GB</language>
        <source>https://github.com/tamland/kodi-plugin-routing</source>
        <assets>
            <icon>resources/icon.png</icon>
        </assets>
    </extension>
</addon>
