<?xml version="1.0" encoding="UTF-8"?>
<addon
  id="webinterface.default"
  version="18.x-2.4.6"
  name="Kodi web interface - Chorus2"
  provider-name="jez500, Team Kodi">
  <requires>
    <import addon="xbmc.json" version="6.0.0" />
  </requires>
  <extension point="xbmc.webinterface"/>
  <extension point="xbmc.addon.metadata">
    <summary lang="en">Default web interface</summary>
	<summary lang="es">Interfaz web predeterminada </summary>
    <description lang="en">Browse and interact with your Music, Movies, TV Shows and more via a web browser. Stream music and videos to your browser. Edit and manage your masQelec media library.</description>
    <description lang="es">Navega e interactúa con tu música, películas, programas de TV y más a través de un navegador web. Transmita música y videos a su navegador. Edite y administre su biblioteca multimedia masQelec.</description>
	<platform>all</platform>
    <language>es</language>
    <source>https://github.com/xbmc/chorus2</source>
    <forum>http://forum.xbmc.org/showthread.php?tid=183451</forum>
    <assets>
      <icon>icon.png</icon>
      <fanart>images/turntable.jpg</fanart>
      <screenshot>screenshots/now-playing.jpg</screenshot>
      <screenshot>screenshots/search.jpg</screenshot>
      <screenshot>screenshots/artists.jpg</screenshot>
      <screenshot>screenshots/artist.jpg</screenshot>
      <screenshot>screenshots/tv.jpg</screenshot>
      <screenshot>screenshots/movie.jpg</screenshot>
      <screenshot>screenshots/settings.jpg</screenshot>
      <screenshot>screenshots/addons.jpg</screenshot>
      <screenshot>screenshots/edit-media.jpg</screenshot>
    </assets>
  </extension>
</addon>
