<?xml version="1.0" encoding="UTF-8" standalone="yes"?>
<addon id="game.controller.pcfx.mouse"
        name="PC-FX Mouse"
        version="1.0.9"
        provider-name="Team Kodi">
    <extension point="kodi.game.controller" library="resources/layout.xml"/>
    <extension point="xbmc.addon.metadata">
        <summary lang="en_GB">PC-FX mouse</summary>
        <description lang="en_GB">The PC-FX mouse is a two-button ball mouse released in 1994. It is supported by strategy games like Farland Story FX and Power DoLLS FX.</description>
        <disclaimer lang="en_GB">Image credit: Wikipedia (wikipedia.org)</disclaimer>
		<summary lang = "es_ES"> mouse PC-FX </summary>
        <description lang = "es_ES"> El mouse PC-FX es un mouse de dos botones lanzado en 1994. Es compatible con juegos de estrategia como Farland Story FX y Power DoLLS FX. </description>
        <disclaimer lang = "es_ES"> Crédito de imagen: Wikipedia (wikipedia.org) </disclaimer> <platform> all </platform>
        <assets>
            <icon>resources/icon.png</icon>
        </assets>
    </extension>
</addon>
