<?xml version="1.0" encoding="UTF-8" standalone="yes"?>
<addon id="game.controller.wiimote"
        name="Wii Remote Controller"
        version="1.0.0"
        provider-name="Team Kodi">
    <extension point="kodi.game.controller" library="resources/layout.xml"/>
    <extension point="xbmc.addon.metadata">
        <summary lang="en_GB">Wii Remote controller</summary>
        <description lang="en_GB">The Wii Remote, also known colloquially as the Wiimote, is the primary game controller for the Nintendo Wii home video game console.</description>
        <disclaimer lang="en_GB">Image credit: open-joysick-display (https://github.com/RetroWeeb/open-joystick-display) licensed under BSD License + Attribution</disclaimer>
        <summary lang = "es_ES"> Control remoto de Wii </summary>
        <description lang = "es_ES"> El Control Remoto Wii, también conocido coloquialmente como Wiimote, es el controlador principal del juego para la consola de videojuegos doméstica Nintendo Wii. </description>
        <disclaimer lang = "es_ES"> Crédito de imagen: open-joysick-display (https://github.com/RetroWeeb/open-joystick-display) con licencia bajo BSD License + Attribution </disclaimer>
		<platform>all</platform>
        <assets>
            <icon>resources/icon.png</icon>
        </assets>
    </extension>
</addon>
