<?xml version="1.0" encoding="UTF-8"?>
<addon id="audiodecoder.gme" version="2.0.3.1" name="GME Audio Decoder" provider-name="spiff">
  <requires>
    <import addon="kodi.binary.global.main" version="1.0.14"/>
    <import addon="kodi.binary.global.filesystem" version="1.0.2"/>
    <import addon="kodi.binary.instance.audiodecoder" version="2.0.0"/>
  </requires>
  <extension point="kodi.audiodecoder" name="gme" extension=".gbs|.gym|.spc|.nsf|.nsfe|.vgm|.vgz|.kss|.hes|.ay|.sap|.sgc|.gmestream" tags="true" tracks="true" library_linux="audiodecoder.gme.so.2.0.3"/>
  <extension point="xbmc.addon.metadata">
    <summary lang="en">Game Music Emu Audio Decoder</summary>
    <description lang="en">Game Music Emu (GME) format is used to emulate the audio output of various video game consoles popular in the 1980s and 1990s. It gives a "retro" feel to the sound.

Suppoted Formats:
- AY: ZX Spectrum/Amstrad CPC
- GBS: Nintendo Game Boy
- GYM: Sega Genesis/Mega Drive
- HES: NEC TurboGrafx-16/PC Engine
- KSS: MSX Home Computer/other Z80 systems (no FM sound)
- NSF/NSFE: Nintendo NES/Famicom (with VRC 6, Namco 106, and FME-7 sound)
- SAP: Atari systems using POKEY sound chip
- SPC: Super Nintendo/Super Famicom
- VGM/VGZ: Sega Master System/Mark III, Sega Genesis/Mega Drive,BBC Micro</description>
    <platform/>
    <license>GPL-2.0</license>
    <source>https://github.com/xbmc/audiodecoder.gme</source>
    <assets>
      <icon>icon.png</icon>
    </assets>
  </extension>
</addon>
