<?xml version="1.0" encoding="UTF-8" standalone="yes"?>
<addon id="game.controller.ps"
        name="PlayStation Controller"
        version="1.0.6"
        provider-name="Team Kodi">
    <requires>
    </requires>
    <extension point="kodi.game.controller" library="resources/layout.xml"/>
    <extension point="xbmc.addon.metadata">
        <summary lang="en_GB">PlayStation controller</summary>
        <description lang="en_GB">The PlayStation Controller was released by Sony Computer Entertainment in 1994.</description>
        <summary lang = "es_ES"> Controlador de PlayStation </summary>
        <description lang = "es_ES"> Sony Computer Entertainment lanzó el PlayStation Controller en 1994. </description>
		<platform>all</platform>
        <assets>
            <icon>resources/icon.png</icon>
        </assets>
    </extension>
</addon>
