<?xml version="1.0" encoding="UTF-8" standalone="yes"?>

<addon id="plugin.video.webtv" name="WebTV" version="1.1.6" provider-name="WebTV">

  <requires>
    <import addon="xbmc.python" version="2.1.0"/>
  </requires>

  <extension point="xbmc.python.pluginsource" library="default.py">
    <provides>video</provides>
  </extension>

  <extension point="xbmc.addon.metadata">
    <summary lang="es">WebTV addon</summary>
    <description lang="es">WebTV es un navegador para webs con vídeos de películas y series, derivado de pelisalacarta y alfa.</description>
    <disclaimer lang="es">[COLOR red]Los propietarios y remitentes de este complemento no alojan ni distribuyen ninguno de los contenidos mostrados por estos complementos ni tienen ninguna afiliación con los proveedores de contenido.[/COLOR]</disclaimer>

    <news>Últimas modificaciones de Balandro:

    Canales modificados: Hdfull, Pepecine, Seriespapaya, Dilo, Dospelis, Movidy.
    Servidores modificados: Gamovideo, Fembed, Playtube, Upstream.
    </news>

    <assets>
      <icon>icon.png</icon>
	  <fanart>fanart.png</fanart>
    </assets>

    <platform>all</platform>
    <license>GNU GPL v3</license>
    <email>my@email.com</email>
    <source>...</source>
  </extension>

  <extension point="xbmc.service" library="services.py" start="login|startup"/>

</addon>
