<?xml version="1.0" encoding="UTF-8" standalone="yes"?>
<layout label="30000" image="layout.png" mask="mask.png">
  <category name="face" label="35074">
    <button name="a" type="digital" label="30001"/>
    <button name="b" type="digital" label="30002"/>
    <button name="x" type="digital" label="30003"/>
    <button name="y" type="digital" label="30004"/>
    <button name="up" type="digital" label="30005"/>
    <button name="right" type="digital" label="30006"/>
    <button name="down" type="digital" label="30007"/>
    <button name="left" type="digital" label="30008"/>
  </category>
  <category name="shoulder" label="35075">
    <button name="leftbumper" type="digital" label="30009"/>
    <button name="rightbumper" type="digital" label="30010"/>
  </category>
  <category name="triggers" label="35076">
    <button name="lefttrigger" type="digital" label="30011"/>
    <button name="righttrigger" type="digital" label="30012"/>
  </category>
  <category name="analogsticks" label="35077">
    <analogstick name="leftstick" label="30013"/>
    <analogstick name="rightstick" label="30014"/>
  </category>
  <category name="pointer" label="35104">
    <relpointer name="pointer" label="30015"/>
    <abspointer name="touch"/>
  </category>
</layout>
