<?xml version="1.0" encoding="UTF-8"?>
<addon id="audiodecoder.snesapu" version="2.0.2.1" name="SPC Audio Decoder" provider-name="spiff">
  <requires>
    <import addon="kodi.binary.global.main" version="1.0.14"/>
    <import addon="kodi.binary.global.filesystem" version="1.0.2"/>
    <import addon="kodi.binary.instance.audiodecoder" version="2.0.0"/>
  </requires>
  <extension point="kodi.audiodecoder" name="spc" extension=".spc" tags="true" library_linux="audiodecoder.snesapu.so.2.0.2"/>
  <extension point="xbmc.addon.metadata">
    <summary lang="en">SNES-SPC700 Sound File Data Decoder</summary>
    <description lang="en">The SPC format holds Super Nintendo (SNES) game music. It is named after Sony's SPC700 contribution to the SNES's S-SMP audio chip. The SNES was a major jump in audio technology from the NES allowing for stereo sound, more channels, and fully sampled instruments.</description>
    <platform/>
    <license>GPL-2.0</license>
    <source>https://github.com/xbmc/audiodecoder.snesapu</source>
    <assets>
      <icon>icon.png</icon>
    </assets>
  </extension>
</addon>
