<?xml version="1.0" encoding="UTF-8"?>
<addon id="game.libretro.beetle-supergrafx" name="NEC - PC Engine SuperGrafx (Beetle SuperGrafx)" version="1.23.0.7.1" provider-name="Libretro">
  <requires>
    <import addon="game.libretro" version="1.0.0"/>
    <import addon="game.controller.pce" version="1.0.0"/>
  </requires>
  <extension point="kodi.gameclient" library_linux="game.libretro.beetle-supergrafx.so">
    <platforms>SGX</platforms>
    <extensions>pce|sgx|cue|ccd|chd</extensions>
    <supports_vfs>false</supports_vfs>
    <supports_standalone>false</supports_standalone>
  </extension>
  <extension point="xbmc.addon.metadata">
    <summary lang="en_GB">NEC - PC Engine SuperGrafx (Beetle SuperGrafx) v1.23.0</summary>
    <summary lang="es_ES">NEC - PC Engine SuperGrafx (Beetle SuperGrafx) v1.23.0</summary>
    <description lang="en_GB">Beetle SuperGrafx, a PC Engine SuperGrafx emulator for Libretro. 
		
Supported files: .pce, .sgx, .cue, .ccd, .chd</description>
    <description lang="es_ES">Beetle SuperGrafx, un emulador de PC Engine SuperGrafx para Libretro. 

Supported files: .pce, .sgx, .cue, .ccd, .chd</description>
    <license>GPLv2</license>
    <platform/>
    <source>https://github.com/kodi-game/game.libretro.beetle-supergrafx</source>
    <assets>
      <icon>resources/icon.png</icon>
      <fanart>resources/fanart.png</fanart>
    </assets>
  </extension>
</addon>
