<?xml version="1.0" encoding="UTF-8" standalone="yes"?>
<addon id="plugin.video.Virtual.Gym"
       name="Gym Virtual"
       version="1.0.2"
       provider-name="Netai">
<requires>
	<import addon="xbmc.python" version="2.1.0"/>
	<import addon="script.module.urlresolver" version="5.0.00"/>
	<import addon="script.module.resolveurl" version="5.0.00"/>
</requires>
  <extension point="xbmc.python.pluginsource"
            library="default.py">
        <provides>video</provides>
  </extension>

  <dir>
        <info compressed="false">https://github.com/tvaddonsco/tva-resolvers-repo/raw/master/addons.xml</info>
        <checksum>https://github.com/tvaddonsco/tva-resolvers-repo/raw/master/addons.xml.md5</checksum>
        <datadir zip="true">https://github.com/tvaddonsco/tva-resolvers-repo/raw/master/zips/</datadir>
  </dir>
  <dir>
        <info compressed="false">https://raw.githubusercontent.com/jsergio123/zips/master/addons.xml</info>
        <checksum>https://raw.githubusercontent.com/jsergio123/zips/master/addons.xml.md5</checksum>
        <datadir zip="true">https://raw.githubusercontent.com/jsergio123/zips/master/</datadir>
</dir>
  <extension point="xbmc.addon.metadata">
    <summary lang="es">Gym Virtual </summary>
    <language>es</language>
    <description lang="es">Ponte en forma en tu propia casa!</description>
     <platform>all</platform>
  </extension>
</addon>