<?xml version="1.0" encoding="UTF-8" standalone="yes"?>
<addon id="game.controller.n64"
        name="Nintendo 64 Controller"
        version="1.0.8"
        provider-name="Team Kodi">
    <extension point="kodi.game.controller" library="resources/layout.xml"/>
    <extension point="xbmc.addon.metadata">
        <summary lang="en_GB">Nintendo 64 controller</summary>
        <description lang="en_GB">The Nintendo 64 controller, released in 1996, featured a unique "M" shape design. Intense rotating of the analog stick during Mario Party reportedly caused burn injuries to some players.</description>
        <disclaimer lang="en_GB">Image credit: OpenEmu (openemu.org)</disclaimer>
		<summary lang = "es_ES"> controlador de Nintendo 64 </summary>
        <description lang = "es_ES"> El controlador Nintendo 64, lanzado en 1996, presentaba un diseño único en forma de "M". Según se informa, la rotación intensa del stick analógico durante Mario Party causó quemaduras en algunos jugadores. </description>
        <disclaimer lang = "es_ES"> Crédito de imagen: OpenEmu (openemu.org) </disclaimer>
        <platform>all</platform>
        <assets>
            <icon>resources/icon.png</icon>
        </assets>
    </extension>
</addon>
