<?xml version="1.0" encoding="UTF-8" standalone="yes"?>
<addon id="game.controller.joystick.2button"
        name="PC Joystick (2-Button)"
        version="1.0.9"
        provider-name="Team Kodi">
    <extension point="kodi.game.controller" library="resources/layout.xml"/>
    <extension point="xbmc.addon.metadata">
        <summary lang="en_GB">PC Joystick (2-Button)</summary>
        <description lang="en_GB">The 2-button joystick was compatible with the Game Port, a device port found on IBM PCs throughout the 1980s and 1990s.</description>
        <summary lang = "es_ES"> PC Joystick (2 botones) </summary>
        <description lang = "es_ES"> El joystick de 2 botones era compatible con el puerto de juego, un puerto de dispositivo que se encontró en las PC de IBM durante los años ochenta y noventa. </description>
		<platform>all</platform>
        <assets>
            <icon>resources/icon.png</icon>
        </assets>
    </extension>
</addon>
