<?xml version="1.0" encoding="UTF-8" standalone="yes"?>
<addon id="game.controller.pokemini"
        name="Pokémini Controller"
        version="1.0.0"
        provider-name="Team Kodi">
    <extension point="kodi.game.controller" library="resources/layout.xml"/>
    <extension point="xbmc.addon.metadata">
        <summary lang="en_GB">Pokémini Controller</summary>
        <description lang="en_GB">The Pokémon Mini is a handheld game console that was designed and manufactured by Nintendo and themed around the Pokémon media franchise. It is the smallest game system with interchangeable cartridges ever produced by Nintendo, weighing just under two and a half ounces (71 grams).</description>
		<summary lang = "es_ES"> Controlador Pokémini </summary>
        <description lang = "es_ES"> El Pokémon Mini es una consola de juegos portátil diseñada y fabricada por Nintendo y con el tema de la franquicia de medios Pokémon. Es el sistema de juego más pequeño con cartuchos intercambiables jamás producido por Nintendo, con un peso de poco menos de dos onzas y media (71 gramos). </description><platform>all</platform>
        <assets>
            <icon>resources/icon.png</icon>
        </assets>
    </extension>
</addon>