<?xml version="1.0" encoding="UTF-8" standalone="yes"?>
<addon id="script.module.musicbrainz"
       name="Musicbrainz NGS webservice python bindings"
       version="0.6.0"
       provider-name="marcelveldt">
  <requires>
  <import addon="xbmc.python" version="2.24.0"/>
  </requires>
  <extension point="xbmc.python.module"
             library="lib" />
  <extension point="xbmc.addon.metadata">
    <summary lang="en">Python bindings for Musicbrainz' NGS webservice</summary>
     <description lang="en">Kodi module library for the Python bindings for Musicbrainz' NGS webservice developed by alastair.</description>
    <summary lang="es">Enlaces de Python para el servicio web NGS de Musicbrainz</summary>
     <description lang="es">Biblioteca del módulo Kodi para los enlaces de Python para el servicio web NGS de Musicbrainz desarrollado por alastair.</description>
    <license>GNU GENERAL PUBLIC LICENSE Version 2</license>
    <source>https://github.com/marcelveldt/script.module.musicbrainz</source>
    <platform>all</platform>
  </extension>
</addon>
