<settings version="2">
    <setting id="MINISATIP_CLEANPSI" default="true">false</setting>
    <setting id="MINISATIP_DEBUG" default="true">false</setting>
    <setting id="MINISATIP_DVBAPI_IP" default="true">127.0.0.1</setting>
    <setting id="MINISATIP_DVBAPI_PORT" default="true">9000</setting>
    <setting id="MINISATIP_RTSP_PORT" default="true">554</setting>
    <setting id="MINISATIP_SATIP_TCP" default="true">false</setting>
    <setting id="MINISATIP_STARTUP" default="true">false</setting>
    <setting id="MINISATIP_STARTUP_ARGS" default="true"></setting>
    <setting id="MINISATIP_TESTMODE" default="true">false</setting>
    <setting id="MINISATIP_WEBPORT" default="true">9999</setting>
    <setting id="NUM_ADAPTERS">1</setting>
    <setting id="REMOVE_MODULES" default="true"></setting>
    <setting id="WAIT_FOR_FEINIT" default="true">false</setting>
    <setting id="WORKAROUND_SLEEP" default="true">false</setting>
    <setting id="WORKAROUND_SLEEP_TIME">1</setting>
</settings>
