<?xml version="1.0" encoding="UTF-8" standalone="yes"?>
<addon id="game.controller.snes.mouse"
        name="SNES Mouse"
        version="1.0.8"
        provider-name="Team Kodi">
    <extension point="kodi.game.controller" library="resources/layout.xml"/>
    <extension point="xbmc.addon.metadata">
        <summary lang="en_GB">SNES mouse</summary>
        <description lang="en_GB">The SNES mouse was first released in 1992. It was originally designed for use with the game Mario Paint.</description>
        <summary lang="es_ES">SNES ratón</summary>
        <description lang="es_ES">El ratón SNES se lanzó por primera vez en 1992. Fue diseñado originalmente para su uso con el juego Mario Paint. </description>
        <platform>all</platform>
        <assets>
            <icon>resources/icon.png</icon>
        </assets>
    </extension>
</addon>
