{
  "id": "inkapelis",
  "name": "InkaPelis",
  "thumbnail": "inkapelis.jpg",

  "active": true,

  "searchable": true,
  "search_types": ["all", "movie", "tvshow"],

  "categories": ["movie", "tvshow"],
  "language": ["cast", "lat", "vose"],

  "clusters": ["current", "suggested", "news", "rankings", "languages", "years", "lasts", "producers", "kids", "docs", "vos", "anime"],

  "notes": "Películas por géneros, año, idioma. Series por Géneros. Puede requerir el uso de proxies en función del país/operadora desde el que se accede."
}
