<?xml version="1.0" encoding="UTF-8" standalone="yes"?>
<layout label="30000" image="layout.png">
  <category name="face" label="35074">
    <button name="yellow" type="digital" label="30001"/>
    <button name="green" type="digital" label="30002"/>
    <button name="red" type="digital" label="30003"/>
    <button name="blue" type="digital" label="30004"/>
    <button name="up" type="digital" label="30005"/>
    <button name="right" type="digital" label="30006"/>
    <button name="down" type="digital" label="30007"/>
    <button name="left" type="digital" label="30008"/>
  </category>
</layout>
