{
    "Save": "Guardar",
    "Video": "V\u00eddeo",
    "Add": "Adicionar",
    "Game": "Jogo",
    "MediaType": "Tipo de multim\u00e9dia",
    "ExternalPlayers": "Leitores externos",
    "ExternalPlayer": "Leitor externo",
    "PlayerPath": "Caminho do leitor",
    "ArgumentsHelp": "Coloque cada argumento num ficheiro separado.",
    "TokenPath": "{path} = caminho do ficheiro multim\u00e9dia",
    "EnableFor": "Ativar para:",
    "VideoFiles": "Ficheiros de v\u00eddeo",
    "InternetStreams": "Streams da internet",
    "CommandLineArguments": "argumentos da linha de comandos",
    "TokenStartPosMs": "{ms} = ms da posi\u00e7\u00e3o inicial",
    "AdditionalFilters": "Filtros adicionais:",
    "GameSystem": "Sistema do jogo:"
}