{
    "Save": "Ulo\u017ei\u0165",
    "Video": "Video",
    "Add": "Prida\u0165",
    "Game": "Hra",
    "MediaType": "Typ m\u00e9dia",
    "ExternalPlayers": "Extern\u00e9 prehr\u00e1va\u010de",
    "ExternalPlayer": "Extern\u00fd prehr\u00e1va\u010d",
    "PlayerPath": "Umiestnenie prehr\u00e1va\u010da",
    "ArgumentsHelp": "Zada\u0165 ka\u017ed\u00fd parameter na samostatn\u00fd riadok.",
    "TokenPath": "{path} = cesta k s\u00faboru",
    "EnableFor": "Povoli\u0165 pre:",
    "VideoFiles": "Video s\u00fabory",
    "InternetStreams": "Internetov\u00e9 streamy",
    "CommandLineArguments": "Parametry pr\u00edkazov\u00e9ho riadku",
    "TokenStartPosMs": "{ms} = po\u010diato\u010dn\u00e1 poz\u00edcia v ms",
    "AdditionalFilters": "Dodato\u010dn\u00e9 filtre:",
    "GameSystem": "Hern\u00fd syst\u00e9m:"
}