<?xml version="1.0" encoding="UTF-8" standalone="yes"?>
<addon id="game.controller.dreamcast"
        name="Dreamcast Controller"
        version="1.0.9"
        provider-name="Team Kodi">
    <extension point="kodi.game.controller" library="resources/layout.xml"/>
    <extension point="xbmc.addon.metadata">
        <summary lang="en_GB">Sega Dreamcast controller</summary>
        <description lang="en_GB">The Sega Dreamcast was released in 1998. The inclusion of an analog stick reflected the transition from 2D arcade games to 3D game environments. The Dreamcast had a short lifespan and marked the end of Sega's 18 years in the console market.</description>
		<summary lang = "es_ES"> Controlador Sega Dreamcast </summary>
        <description lang = "es_ES"> El Sega Dreamcast se lanzó en 1998. La inclusión de un dispositivo analógico reflejó la transición de los juegos arcade 2D a los entornos de juegos 3D. El Dreamcast tuvo una corta vida útil y marcó el final de los 18 años de Sega en el mercado de consolas. </description>
        <platform>all</platform>
        <assets>
            <icon>resources/icon.png</icon>
        </assets>
    </extension>
</addon>
