{
  "id": "peertube",
  "name": "Peertube",

  "active": true,

  "find_videos": {
    "ignore_urls": [],
    "patterns": [
      {
        "pattern": "https://\\w+.(?:ploud|midov).\\w{2,4}/videos/(?:embed|watch)/([A-z0-9-]+)",
        "url": "https://video.ploud.fr/api/v1/videos/\\1"
      },
      {
        "pattern": "(http(?:s|)://[^/]+)/videos/(?:watch|embed)/([0-9a-f]{8}-[0-9a-f]{4}-[0-9a-f]{4}-[0-9a-f]{4}-[0-9a-f]{12})",
        "url": "\\1/videos/watch/\\2"
      },
      {
        "pattern": "(http(?:s|)://[^/]+)/download/videos/([0-9a-f]{8}-[0-9a-f]{4}-[0-9a-f]{4}-[0-9a-f]{4}-[0-9a-f]{12}.*)",
        "url": "\\1/download/videos/\\2"
      },
      {
        "pattern": "peertube.co.uk/videos/(?:watch|embed)/([0-9a-f]{8}-[0-9a-f]{4}-[0-9a-f]{4}-[0-9a-f]{4}-[0-9a-f]{12})",
        "url": "\\1/videos/watch/\\2"
      },
      {
        "pattern": "peertube.uno/videos/(?:watch|embed)/([0-9a-f]{8}-[0-9a-f]{4}-[0-9a-f]{4}-[0-9a-f]{4}-[0-9a-f]{12})",
        "url": "\\1/videos/watch/\\2"
      }
    ]
  }

}