{
  "id": "streamlare",
  "name": "Streamlare",

  "active": true,
  "notes": "Alternative vía: Script.Module.ResolveUrl",

  "find_videos": {
    "ignore_urls": [],
    "patterns": [
      {
        "pattern": "(https://streamlare.com/(?:v|e)/[A-z0-9]+)",
        "url": "\\1"
      },
      {
        "pattern": "(https://slmaxed.com/(?:v|e)/[A-z0-9]+)",
        "url": "\\1"
      },
      {
        "pattern": "(https://sltube.org/(?:v|e)/[A-z0-9]+)",
        "url": "\\1"
      },
      {
        "pattern": "(https://slwatch.co/(?:v|e)/[A-z0-9]+)",
        "url": "\\1"
      }
    ]
  }

}
