{
  "id": "various",
  "name": "Various",

  "active": true,
  "notes": "Alternative vía: Script.Module.ResolveUrl (Filemoon,  Mvidoo,  Ninjastream,  Rutube,  Streamhub,  Tubeload,  Uploadever,  Videovard,  Videowood,  Yandex)",

  "find_videos": {
    "ignore_urls": [],
    "patterns": [
      {
        "pattern": "(https://tubeload.co/(?:e|f|)/[A-z0-9]+)",
        "url": "\\1"
      },
      {
        "pattern": "(?:mvidoo.com)/(?:embed-|)([A-z0-9]+).html",
        "url": "\\1"
      },
      {
        "pattern": "(?:mvidoo.com)/(?:embed-|)/([A-z0-9]+).html",
        "url": "\\1"
      },
      {
        "pattern": "https://mvidoo.com/(.*?)/([A-z0-9]+).mp4.html",
        "url": "\\1"
      },
      {
        "pattern": "(https://ninjastream.to/watch/[A-z0-9]+)",
        "url": "\\1"
      },
      {
        "pattern": "(https://rutube.ru/play/embed/[A-z0-9]+)",
        "url": "\\1"
      },
      {
        "pattern": "(https://videovard.sx/(?:e|f|)/[A-z0-9]+)",
        "url": "\\1"
      },
      {
        "pattern": "(https://videovard.to/(?:e|f|)/[A-z0-9]+)",
        "url": "\\1"
      },
      {
        "pattern": "(https://filemoon.sx/(?:e|d|)/[A-z0-9]+)",
        "url": "\\1"
      },
      {
        "pattern": "(https://filemoon.to/(?:e|d|)/[A-z0-9]+)",
        "url": "\\1"
      },
      {
        "pattern": "(https://filemoon.in/(?:e|d|)/[A-z0-9]+)",
        "url": "\\1"
      },
      {
        "pattern": "(https://filemoon.nl/(?:e|d|)/[A-z0-9]+)",
        "url": "\\1"
      },
      {
        "pattern": "(https://filemoon.wf/(?:e|d|)/[A-z0-9]+)",
        "url": "\\1"
      },
      {
        "pattern": "(https://filemoon.eu/(?:e|d|)/[A-z0-9]+)",
        "url": "\\1"
      },
      {
        "pattern": "(https://filemoon.art/(?:e|d|)/[A-z0-9]+)",
        "url": "\\1"
      },
      {
        "pattern": "(https://filemoon.link/(?:e|d|)/[A-z0-9]+)",
        "url": "\\1"
      },
      {
        "pattern": "(https://filemoon.top/(?:e|d|)/[A-z0-9]+)",
        "url": "\\1"
      },
      {
        "pattern": "(https://disk.yandex.(?:ru|com)/(?:d|i|)/[A-z0-9]+)",
        "url": "\\1"
      },
      {
        "pattern": "(https://yadi.(?:sk|disk)/(?:d|i|)/[A-z0-9]+)",
        "url": "\\1"
      },
      {
        "pattern": "(https://uploadever.(?:com|in)/[A-z0-9]+)",
        "url": "\\1"
      },
      {
        "pattern": "(?:videowood.tv)/(?:embed/|video/)([0-9a-z]+)",
        "url": "\\1"
      },
      {
        "pattern": "(https://streamhub.to(?:/e|)/[A-z0-9]+)",
        "url": "\\1"
      },
      {
        "pattern": "(https://streamhub.to/watch/[A-z0-9]+)",
        "url": "\\1"
      }
    ]
  }

}