<?xml version="1.0" encoding="UTF-8" standalone="yes"?>
<addon id="game.controller.saturn.3d.japan"
        name="Sega Saturn 3D (Japan)"
        version="1.0.8"
        provider-name="Team Kodi">
    <extension point="kodi.game.controller" library="resources/layout.xml"/>
    <extension point="xbmc.addon.metadata">
        <summary lang="en_GB">Sega Saturn 3D (Japan)</summary>
        <description lang="en_GB">The Sega Saturn 3D Control Pad was released in 1996. It was Sega's answer to the revolutionary Nintendo 64 controller, which featured an analogue stick for greater precision in a 3D environment.</description>
        <disclaimer lang="en_GB">Image credit: Wikipedia (wikipedia.org)</disclaimer>
		<summary lang = "es_ES"> Sega Saturn 3D (Japón) </summary>
        <description lang = "es_ES"> El Sega Saturn 3D Control Pad se lanzó en 1996. Fue la respuesta de Sega al revolucionario controlador Nintendo 64, que presentaba un dispositivo analógico para una mayor precisión en un entorno 3D. </description>
        <disclaimer lang = "es_ES"> Crédito de imagen: Wikipedia (wikipedia.org) </disclaimer>
        <platform>all</platform>
        <assets>
            <icon>resources/icon.png</icon>
        </assets>
    </extension>
</addon>
