<?xml version="1.0" encoding="UTF-8" standalone="yes"?>
<addon id="game.controller.amstrad.joystick"
        name="Amstrad Joystick"
        version="1.0.3"
        provider-name="Team Kodi">
    <extension point="kodi.game.controller" library="resources/layout.xml"/>
    <extension point="xbmc.addon.metadata">
        <summary lang="en_GB">Amstrad Joystick</summary>
        <description lang="en_GB">The original Amstrad CPC models had only one joystick port. A Y-cable can be used to connect two joysticks.</description>
        <disclaimer lang="en_GB">Image credit: Wikipedia (wikipedia.org)</disclaimer>
		<summary lang = "es_ES"> Joystick Amstrad </summary>
        <description lang = "es_ES"> Los modelos originales de CPC de Amstrad solo tenían un puerto de joystick. Se puede usar un cable en Y para conectar dos joysticks. </description>
        <disclaimer lang = "es_ES"> Crédito de imagen: Wikipedia (wikipedia.org) </disclaimer>
        <platform>all</platform>
        <assets>
            <icon>resources/icon.png</icon>
        </assets>
    </extension>
</addon>
