<?xml version="1.0" encoding="UTF-8" standalone="yes"?>
<addon id="service.rsyslog"
       name="Rsyslog"
       version="9.2.104"
       provider-name="Team CoreELEC">
  <requires>
    <import addon="xbmc.python" version="2.1.0"/>

  </requires>
  <extension point="xbmc.service" library="default.py">
    <provides></provides>
  </extension>
  <extension point="xbmc.addon.metadata">
    <summary>Rsyslog: a rocket-fast system for log processing.</summary>
    <description>
Rsyslog (8.37.0) offers high-performance, great security features and a modular design.
    </description>
    <disclaimer>

    </disclaimer>
    <platform>all</platform>
    <news>
104
- Update to 8.37.0

103
- Rebuild

102
- Add first run wizard configuration menu

101
- Add RELP Protocol
- Add ability to compress messages using TCP/UDP protocols
- Update configuration files using newer standards

100
- Initial addon
    </news>
    <assets>
      <icon>resources/icon.png</icon>
      <fanart>resources/fanart.png</fanart>

    </assets>
  </extension>
</addon>
