<?xml version="1.0" encoding="UTF-8"?>
<addon id="resource.uisounds.kodi" version="1.0.0" name="Kodi UI Sounds" provider-name="Team Kodi">
  <requires>
    <import addon="kodi.resource" version="1.0.0"/>
  </requires>
  <extension point="kodi.resource.uisounds"/>
  <extension point="kodi.addon.metadata">
    <summary lang="en">Kodi GUI sounds</summary>
	<summary lang="es">Sonidos Kodi GUI</summary>
    <description lang="en">Kodi GUI sounds</description>
    <description lang="es">Sonidos Kodi GUI</description>
    <platform>all</platform>
  </extension>
</addon>
