<?xml version="1.0" encoding="UTF-8" standalone="yes"?>
<layout label="30000" image="layout.png">
  <category name="mouse" label="35103">
    <button name="left" type="digital" label="30001"/>
    <button name="right" type="digital" label="30002"/>
    <button name="middle" type="digital" label="30003"/>
    <button name="start" type="digital" label="30004"/>
  </category>
  <category name="pointer" label="35104">
    <relpointer name="pointer" label="30005"/>
  </category>
</layout>
