<?xml version="1.0" encoding="UTF-8"?>
<addon id="pvr.octonet" version="0.7.0.4" name="Digital Devices Octopus NET Client" provider-name="digitaldevices">
  <requires>
    <import addon="kodi.binary.global.main" version="1.0.14"/>
    <import addon="kodi.binary.global.gui" version="5.12.0"/>
    <import addon="kodi.binary.instance.pvr" version="5.10.3"/>
  </requires>
  <extension point="xbmc.pvrclient" library_linux="pvr.octonet.so.0.7.0"/>
  <extension point="xbmc.addon.metadata">
    <summary lang="de_DE">Kodi PVR Addon für Digital Devices Octopus NET Streams</summary>
    <summary lang="en_US">Kodi PVR Addon for Digital Devices Octopus NET Streams</summary>
    <platform/>
  </extension>
</addon>
