<?xml version="1.0" encoding="UTF-8" standalone="yes"?>
<addon id="service.tvheadend43" name="Tvheadend Server 4.3" version="1.0.104" provider-name="masQelec">
  <requires><import addon="xbmc.python" version="2.1.0"/>

  </requires>
  <extension point="xbmc.service" library="default.py">
    <provides></provides>
  </extension>
  <extension point="xbmc.python.script" library="download.py">
    <provides></provides>
  </extension>
  <extension point="xbmc.addon.metadata">
    <summary lang="en">Tvheadend: a TV streaming server for Linux</summary>
    <description lang="en">Tvheadend (7e1dac8): is a TV streaming server for Linux supporting DVB-S/S2, DVB-C, DVB-T/T2, IPTV, SAT>IP, ATSC and ISDB-T</description>
    <summary lang="es">Tvheadend: un servidor de transmisión de TV para Linux</summary>
    <description lang="es">Tvheadend (7e1dac8): es un servidor de transmisión de TV para Linux compatible DVB-S/S2, DVB-C, DVB-T/T2, IPTV, SAT>IP, ATSC y ISDB-T</description>
    <disclaimer></disclaimer>
    <platform>all</platform>
    <news>
101
- update gnutls to 3.6.14

100
- initial CoreELEC version
    </news>
    <assets><icon>resources/icon.png</icon><fanart>resources/fanart.png</fanart>
<screenshot>resources/screenshot-01.png</screenshot>
<screenshot>resources/screenshot-02.png</screenshot>
<screenshot>resources/screenshot-03.png</screenshot>
<screenshot>resources/screenshot-04.png</screenshot>

    </assets>
  </extension>
</addon>
