<?xml version="1.0" encoding="UTF-8" standalone="yes"?>
<addon id="game.controller.pce"
        name="PC Engine Controller"
        version="1.0.8"
        provider-name="Team Kodi">
    <extension point="kodi.game.controller" library="resources/layout.xml"/>
    <extension point="xbmc.addon.metadata">
        <summary lang="en_GB">PC Engine controller</summary>
        <description lang="en_GB">The PC Engine, also known as the TurboGrafx-16, was released by Hudson Soft and NEC in 1987. It became the top-selling console in Japan, but trailed behind both Sega and Nintendo in the North American and Eurpoean markets.</description>
        <disclaimer lang="en_GB">Image credit: OpenEmu (openemu.org)</disclaimer>
		<summary lang = "es_ES"> Controlador PC Engine </summary>
        <description lang = "es_ES"> El PC Engine, también conocido como TurboGrafx-16, fue lanzado por Hudson Soft y NEC en 1987. Se convirtió en la consola más vendida en Japón, pero estaba detrás de Sega y Nintendo en el norte Mercados americanos y europeos. </description>
        <disclaimer lang = "es_ES"> Crédito de imagen: OpenEmu (openemu.org) </disclaimer>
        <platform>all</platform>
        <assets>
            <icon>resources/icon.png</icon>
        </assets>
    </extension>
</addon>
