<?xml version="1.0" encoding="UTF-8" standalone="yes"?>
<addon id="script.module.future"
       name="future"
       version="0.17.1"
       provider-name="Ed Schofield">
  <requires>
    <import addon="xbmc.python" version="2.14.0" />
  </requires>
  <extension point="xbmc.python.module" library="libs" />
  <extension point="xbmc.addon.metadata">
    <summary lang="en">Clean single-source support for Python 3 and 2</summary>
    <description lang="en">future is the missing compatibility layer between Python 2 and Python 3. It allows you to use a single, clean Python 3.x-compatible codebase to support both Python 2 and Python 3 with minimal overhead.</description>
	<summary lang="es">Soporte limpio de fuente única para Python 3 y 2</summary>
    <description lang="es">El futuro es la capa de compatibilidad que falta entre Python 2 y Python 3. Le permite utilizar una base de código única y limpia compatible con Python 3.x para admitir tanto Python 2 como Python 3 con una sobrecarga mínima.</description>
    <platform>all</platform>
    <license>MIT</license>
    <source>https://github.com/PythonCharmers/python-future</source>
    <website>http://python-future.org</website>
  </extension>
</addon>
