<?xml version="1.0" encoding="UTF-8" standalone="yes"?>
<addon id="service.softcam.oscam" name="OSCam" version="1.0.110" provider-name="masQelec">
  <requires><import addon="xbmc.python" version="2.1.0"/>

  </requires>
  <extension point="xbmc.service" library="default.py">
    <provides></provides>
  </extension>
  <extension point="xbmc.python.script" library="download.py">
    <provides></provides>
  </extension>
  <extension point="xbmc.addon.metadata">
    <summary lang="en">OSCam: an Open Source Conditional Access Modul</summary>
    <description lang="en">OSCam(11518) is a software to be used to decrypt digital television channels, as an alternative for a conditional access module.</description>
    <summary lang="es">OSCam: es un módulo de acceso condicional de código abierto</summary>
    <description lang="es">OSCam(11518) es un software que se utilizará para descifrar canales de televisión digital, como alternativa para un módulo de acceso condicional.</description>
    <disclaimer></disclaimer>
    <platform>all</platform>
    <news>
109
- Update to version 11518
- fixed missing Modules

108
- Update to version 11517

107
- Update to version 11487

106
- Update to version 11431

105
- Update to version 11420
- add SSL support

104
- Update to version 11391

103
- Update to version 11350

102
- fix the delayed start workaround

101
- Update to version 11233
- fix the WeTek_Play problems

100
- Update for LibreELEC 8.0
    </news>
    <assets><icon>resources/icon.png</icon><fanart>resources/fanart.png</fanart>

    </assets>
  </extension>
</addon>
