{
  "id": "various",
  "name": "Various",

  "active": true,
  "notes": "Alternative vía: Script.Module.ResolveUrl (Mvidoo, Ninjastream, Rutube, Tubeload, Videovard)",

  "find_videos": {
    "ignore_urls": [],
    "patterns": [
      {
        "pattern": "(https://tubeload.co/(?:e|f|)/[A-z0-9]+)",
        "url": "\\1"
      },
      {
        "pattern": "(?:mvidoo.com)/(?:embed-|)([A-z0-9]+).html",
        "url": "\\1"
      },
      {
        "pattern": "(?:mvidoo.com)/(?:embed-|)/([A-z0-9]+).html",
        "url": "\\1"
      },
      {
        "pattern": "https://mvidoo.com/(.*?)/([A-z0-9]+).mp4.html",
        "url": "\\1"
      },
      {
        "pattern": "(https://ninjastream.to/watch/[A-z0-9]+)",
        "url": "\\1"
      },
      {
        "pattern": "(https://rutube.ru/play/embed/[A-z0-9]+)",
        "url": "\\1"
      },
      {
        "pattern": "(https://videovard.sx/(?:e|f|)/[A-z0-9]+)",
        "url": "\\1"
      },
      {
        "pattern": "(https://videovard.to/(?:e|f|)/[A-z0-9]+)",
        "url": "\\1"
      }
    ]
  }

}