<settings version="2">
    <setting id="CHARSET_OVERRIDE_STR" default="true"></setting>
    <setting id="ENABLE_CHARSET_OVERRIDE" default="true">false</setting>
    <setting id="ENABLE_DDCI2" default="true">false</setting>
    <setting id="ENABLE_DUMMYDEVICE" default="true">false</setting>
    <setting id="ENABLE_EEPG" default="true">false</setting>
    <setting id="ENABLE_EPGFIXER" default="true">false</setting>
    <setting id="ENABLE_EPGSEARCH" default="true">false</setting>
    <setting id="ENABLE_EXTERNAL_RECCMD" default="true">false</setting>
    <setting id="ENABLE_IPTV" default="true">false</setting>
    <setting id="ENABLE_LIVE" default="true">false</setting>
    <setting id="ENABLE_ROBOTV" default="true">false</setting>
    <setting id="ENABLE_SATIP" default="true">false</setting>
    <setting id="ENABLE_SOFTCAM">true</setting>
    <setting id="ENABLE_STREAMDEV_CLIENT" default="true">false</setting>
    <setting id="ENABLE_STREAMDEV_SERVER" default="true">false</setting>
    <setting id="ENABLE_VDR_DEBUG" default="true">false</setting>
    <setting id="ENABLE_XMLTV2VDR" default="true">false</setting>
    <setting id="EXTERNAL_RECCMD_PATH" default="true"></setting>
    <setting id="IPTV_NUM_DEVICES">1</setting>
    <setting id="LIVE_IP" default="true">0.0.0.0</setting>
    <setting id="LIVE_PORT">8008</setting>
    <setting id="NUM_ADAPTERS">1</setting>
    <setting id="REMOVE_MODULES" default="true"></setting>
    <setting id="RESTFULAPI_IP" default="true">127.0.0.1</setting>
    <setting id="RESTFULAPI_PORT">8002</setting>
    <setting id="SATIP_NUM_DEVICES">1</setting>
    <setting id="VDR_VIDEO_DIR" default="true">/storage/videos</setting>
    <setting id="WAIT_FOR_FEINIT" default="true">false</setting>
</settings>
