<?xml version="1.0" encoding="UTF-8" standalone="yes"?>
<addon id="game.controller.sms"
        name="Sega Master System Controller"
        version="1.0.8"
        provider-name="Team Kodi">
    <extension point="kodi.game.controller" library="resources/layout.xml"/>
    <extension point="xbmc.addon.metadata">
        <summary lang="en_GB">Sega Master System controller</summary>
        <description lang="en_GB">The Master System, originally named the Mark III, was released by Sega in 1985. As of 2015, the Master System is the longest-lived game console due to its surging popularity in Brazil.</description>
        <disclaimer lang="en_GB">Image credit: OpenEmu (openemu.org)</disclaimer>
		<summary lang = "es_ES"> Controlador Sega Master System </summary>
        <description lang = "es_ES"> El Master System, originalmente llamado Mark III, fue lanzado por Sega en 1985. A partir de 2015, el Master System es la consola de juegos más longeva debido a su creciente popularidad en Brasil. </description >
        <disclaimer lang = "es_ES"> Crédito de imagen: OpenEmu (openemu.org) </disclaimer>
        <platform>all</platform>
        <assets>
            <icon>resources/icon.png</icon>
        </assets>
    </extension>
</addon>
