<?xml version="1.0" encoding="UTF-8" standalone="yes"?>
<addon id="game.controller.saturn.virtua.gun.us"
        name="Sega Virtua Gun (US)"
        version="1.0.8"
        provider-name="Team Kodi">
    <extension point="kodi.game.controller" library="resources/layout.xml"/>
    <extension point="xbmc.addon.metadata">
        <summary lang="en_GB">Sega Virtua Gun (US)</summary>
        <description lang="en_GB">The Virtua Gun was released for the Sega Saturn in 1995. Bright colors were used for western models due to fears that it could be linked with gun crime.</description>
        <disclaimer lang="en_GB">Image credit: Sega Retro (segaretro.org)</disclaimer>
		<summary lang = "es_ES"> Sega Virtua Gun (Estados Unidos) </summary>
        <description lang = "es_ES"> La pistola Virtua fue lanzada para el Sega Saturn en 1995. Se usaron colores brillantes para los modelos occidentales debido al temor de que pudiera estar relacionado con el crimen con armas. </description>
        <disclaimer lang = "es_ES"> Crédito de imagen: Sega Retro (segaretro.org) </disclaimer>
        <platform>all</platform>
        <assets>
            <icon>resources/icon.png</icon>
        </assets>
    </extension>
</addon>
