<?xml version="1.0" encoding="UTF-8" standalone="yes"?>
<addon id="game.controller.snes.multitap"
        name="Super Multitap"
        version="1.0.8"
        provider-name="Team Kodi">
    <extension point="kodi.game.controller" library="resources/layout.xml"/>
    <extension point="xbmc.addon.metadata">
        <summary lang="en_GB">Super Multitap</summary>
        <description lang="en_GB">A multitap increases the number of controller ports, similar to a USB hub. The Super Multitap was released by Hudson Soft in 1993 for use with the Bomberman games.</description>
        <summary lang = "es_ES"> Super Multitap </summary>
        <description lang = "es_ES"> Un multitap aumenta el número de puertos del controlador, similar a un concentrador USB. El Super Multitap fue lanzado por Hudson Soft en 1993 para su uso con los juegos de Bomberman. </description>
        <platform>all</platform>
        <assets>
            <icon>resources/icon.png</icon>
        </assets>
    </extension>
</addon>
