<?xml version="1.0" encoding="UTF-8" standalone="yes"?>
<addon id="game.controller.atari.7800.gamepad"
        name="Atari 7800 Gamepad"
        version="1.0.9"
        provider-name="Team Kodi">
    <extension point="kodi.game.controller" library="resources/layout.xml"/>
    <extension point="xbmc.addon.metadata">
        <summary lang="en_GB">Atari 7800 gamepad</summary>
        <description lang="en_GB">The Atari 7800 ProSystem was released in 1986. It came bundled with the Atari Proline Joystick, but due to criticism over ergonimic issues Atari later released a gamepad with European 7800s.</description>
        <disclaimer lang="en_GB">Image credit: OpenEmu (openemu.org)</disclaimer>
		<summary lang = "es_ES"> gamepad Atari 7800 </summary>
        <description lang = "es_ES"> El Atari 7800 ProSystem se lanzó en 1986. Se incluyó con el Atari Proline Joystick, pero debido a las críticas por cuestiones ergonómicas, Atari lanzó más tarde un gamepad con los 7800 europeos. </description>
        <disclaimer lang = "es_ES"> Crédito de imagen: OpenEmu (openemu.org) </disclaimer>
        <platform>all</platform>
        <assets>
            <icon>resources/icon.png</icon>
        </assets>
    </extension>
</addon>
