<?xml version="1.0" encoding="UTF-8"?>
<addon id="audiodecoder.ncsf" version="2.0.3.1" name="NCSF Audio Decoder" provider-name="spiff">
  <requires>
    <import addon="kodi.binary.global.main" version="1.0.14"/>
    <import addon="kodi.binary.global.filesystem" version="1.0.2"/>
    <import addon="kodi.binary.instance.audiodecoder" version="2.0.0"/>
  </requires>
  <extension point="kodi.audiodecoder" name="ncsf" extension=".minincsf" tags="true" library_linux="audiodecoder.ncsf.so.2.0.3"/>
  <extension point="xbmc.addon.metadata">
    <summary lang="en">NCSF (Nitro Composer Sound Format) Audio Decoder</summary>
    <description lang="en">Adds decoding support for Nitro Composer Sound Format files (.NCSF/.MININCSF).

Nitro Composer Sound Format (NCSF) is a PSF-style for Nintendo DS music, specifically music that was created via Nitro Composer, a tracker-like composer that is part of Nintendo's Nitro SDK for the Nintendo DS.</description>
    <platform/>
    <license>GPL-2.0</license>
    <source>https://github.com/xbmc/audiodecoder.ncsf</source>
    <assets>
      <icon>icon.png</icon>
    </assets>
  </extension>
</addon>
