<?xml version="1.0" encoding="UTF-8" standalone="yes"?>
<addon id="game.controller.odyssey2"
        name="Odyssey2 Controller"
        version="1.0.8"
        provider-name="Team Kodi">
    <extension point="kodi.game.controller" library="resources/layout.xml"/>
    <extension point="xbmc.addon.metadata">
        <summary lang="en_GB">Odyssey² controller</summary>
        <description lang="en_GB">The Odyssey², also known as the Videopac G7000, was released by Magnavox (now Philips) in 1978. All games produced by Magnavox/Philips ended with an exclamation point, such as K.C. Munchkin! and Kuller Bees!.</description>
        <disclaimer lang="en_GB">Image credit: OpenEmu (openemu.org)</disclaimer>
		<summary lang = "es_ES"> Controlador Odyssey² </summary>
        <description lang = "es_ES"> La Odyssey², también conocida como Videopac G7000, fue lanzada por Magnavox (ahora Philips) en 1978. Todos los juegos producidos por Magnavox / Philips terminaron con un signo de exclamación, como K.C. Munchkin! y Kuller Bees !. </description>
        <disclaimer lang = "es_ES"> Crédito de imagen: OpenEmu (openemu.org) </disclaimer>
        <platform>all</platform>
        <assets>
            <icon>resources/icon.png</icon>
        </assets>
    </extension>
</addon>
