<?xml version="1.0" encoding="UTF-8" standalone="yes"?>
<addon id="game.controller.gamegear"
        name="Sega Game Gear"
        version="1.0.8"
        provider-name="Team Kodi">
    <extension point="kodi.game.controller" library="resources/layout.xml"/>
    <extension point="xbmc.addon.metadata">
        <summary lang="en_GB">Sega Game Gear</summary>
        <description lang="en_GB">The Sega Game Gear is an 8-bit handheld video game console released in 1990. While it had a full-color backlit screen and fast processor, the battery life and large size were often criticized.</description>
        <disclaimer lang="en_GB">Image credit: OpenEmu (openemu.org)</disclaimer>
		<summary lang = "es_ES"> Sega Game Gear </summary>
        <description lang = "es_ES"> Sega Game Gear es una consola de videojuegos portátil de 8 bits lanzada en 1990. Si bien tenía una pantalla retroiluminada a todo color y un procesador rápido, la duración de la batería y el gran tamaño a menudo fueron criticados. </description>
        <disclaimer lang = "es_ES"> Crédito de imagen: OpenEmu (openemu.org) </disclaimer>
        <platform>all</platform>
        <assets>
            <icon>resources/icon.png</icon>
        </assets>
    </extension>
</addon>
