<?xml version="1.0" encoding="UTF-8" standalone="yes"?>
<addon id="repository.masQelec"
		name="masQelec Add-ons"
		version="20.1"
		provider-name="masQelec">
	<extension point="xbmc.addon.repository"
		name="masQelec Add-ons">
		<dir>
			 <info compressed="false">https://raw.githubusercontent.com/masQelec/repository.masQelec/masqelec_20/addons/1.0/Amlogic/arm/addons.xml</info>
           		 <checksum>https://raw.githubusercontent.com/masQelec/repository.masQelec/masqelec_20/addons/1.0/Amlogic/arm/addons.xml.md5</checksum>
            		 <datadir zip="true">https://raw.githubusercontent.com/masQelec/repository.masQelec/masqelec_20/addons/1.0/Amlogic/arm/</datadir>
           		 <hashes>false</hashes>
		</dir>
	</extension>
	<extension point="xbmc.addon.metadata">
		<summary>masQelec Add-ons</summary>
		<description lang="en">The masQelec add-on repository contains Kodi PVR Clients and Servers, Screensavers, Visualisations, and more. Add-ons in this repository are maintained and supported by CoreELEC staff and YOU the community. If you find a broken or non-working add-on please report it via the forums, or help by submitting fixes via GitHub.</description>
		<description lang="es">El repositorio de complementos masQelec contiene clientes y servidores Kodi PVR, protectores de pantalla, visualizaciones y más. Los complementos en este repositorio son mantenidos y respaldados por el personal de masQelec y USTED la comunidad. Si encuentra un complemento roto o que no funciona, infórmelo a través de los foros o ayude enviando soluciones a través de GitHub.</description>
		<platform>all</platform>
		<assets>
      			<icon>icon.png</icon>
   	    	</assets>
	</extension>
</addon>
