<?xml version="1.0" encoding="UTF-8" standalone="yes"?>
<addon id="game.controller.gba"
        name="Game Boy Advance"
        version="1.0.8"
        provider-name="Team Kodi">
    <extension point="kodi.game.controller" library="resources/layout.xml"/>
    <extension point="xbmc.addon.metadata">
        <summary lang="en_GB">Game Boy Advance</summary>
        <description lang="en_GB">The Nintendo Game Boy Advance is a 32-bit handheld video game console released in 2001. Despite fierce competition, Nintendo maintained a majority market share with the device.</description>
        <disclaimer lang="en_GB">Image credit: OpenEmu (openemu.org)</disclaimer>
		<summary lang = "es_ES"> Game Boy Advance </summary>
        <description lang = "es_ES"> Nintendo Game Boy Advance es una consola de videojuegos portátil de 32 bits lanzada en 2001. A pesar de la feroz competencia, Nintendo mantuvo una participación mayoritaria en el mercado con el dispositivo. </description>
        <disclaimer lang = "es_ES"> Crédito de imagen: OpenEmu (openemu.org) </disclaimer>
        <platform>all</platform>
        <assets>
            <icon>resources/icon.png</icon>
        </assets>
    </extension>
</addon>
