<settings>
    <setting id="AllowForeignAddress" value="true" />
    <setting id="AllowOverwrite" value="true" />
    <setting id="AllowRetrieveRestart" value="true" />
    <setting id="AllowStoreRestart" value="true" />
    <setting id="CertBitStrength" value="2048" />
    <setting id="CertCrypto" value="0" />
    <setting id="CertHash" value="0" />
    <setting id="CertTTL" value="36500" />
    <setting id="CryptoHash" value="0" />
    <setting id="MasqueradeAddress" value="false" />
    <setting id="MasqueradeAddress2" value="192.168.1.5" />
    <setting id="MaxClients" value="10" />
    <setting id="MaxClientsPerHost" value="5" />
    <setting id="MaxHostsPerUser" value="5" />
    <setting id="MaxInstances" value="30" />
    <setting id="PassivePorts" value="45000" />
    <setting id="PassivePorts2" value="45100" />
    <setting id="Port" value="21" />
    <setting id="RootLogin" value="true" />
    <setting id="Debuglevel" value="0" />
    <setting id="ServerIdent" value="true" />
    <setting id="ServerIdentText" value="LibreELEC" />
    <setting id="ServerName" value="ProFTPD on LibreELEC" />
    <setting id="TLSEngine" value="true" />
    <setting id="TLSRequired" value="false" />
    <setting id="Umask" value="022" />
    <setting id="Username1" value="" />
    <setting id="Username2" value="" />
    <setting id="Username3" value="" />
    <setting id="Username4" value="" />
    <setting id="Username5" value="" />
    <setting id="Userpass1" value="" />
    <setting id="Userpass2" value="" />
    <setting id="Userpass3" value="" />
    <setting id="Userpass4" value="" />
    <setting id="Userpass5" value="" />
    <setting id="Userpath1" value="/storage" />
    <setting id="Userpath2" value="/storage" />
    <setting id="Userpath3" value="/storage" />
    <setting id="Userpath4" value="/storage" />
    <setting id="Userpath5" value="/storage" />
</settings>
