<?xml version='1.0' encoding='UTF-8' standalone='yes'?>
<addon id="script.common.plugin.cache" name="Common plugin cache" provider-name="anxdpanic, TheCollective" version="2.6.1">
    <requires>
        <import addon="xbmc.python" version="2.24.0"/>
    </requires>
    <extension point="xbmc.service" library="resources/lib/entry_point.py" start="startup"/>
    <extension point="xbmc.python.module" library="resources/lib/storage_server/"/>
    <extension point="xbmc.addon.metadata">
        <news>
[fix] shutdown taking longer than 5 seconds
[fix] ignore encoding issues for socket data
        </news>
        <platform>all</platform>
        <summary lang="en_GB">A common caching API for Kodi add-ons.</summary>
		<summary lang="es_ES">Una API de almacenamiento en caché común para complementos de Kodi.</summary>
        <license>GPL-3.0-only</license>
        <source>https://github.com/anxdpanic/script.common.plugin.cache</source>
    </extension>
</addon>
