<addon id="plugin.video.hbogoeu" name="hGO EU" provider-name="arvvoid" version="2.6.2">
  <requires>
    <import addon="xbmc.python" version="2.26.0" />
    <import addon="script.module.kodi-six" version="0.1.0" />
    <import addon="script.module.requests" version="2.12.4" />
    <import addon="script.module.pyaes" version="1.6.1" />
    <import addon="script.module.defusedxml" version="0.6.0" />
    <import addon="script.module.dateutil" version="2.8.1" />
    <import addon="script.module.inputstreamhelper" version="0.5.2" />
  </requires>
  <extension library="main.py" point="xbmc.python.pluginsource">
    <provides>video</provides>
  </extension>
  <extension point="xbmc.addon.metadata">
    <summary lang="en_GB">Watch HBO® GO EU+Nordic content in Kodi. Valid HBO® account required.</summary>
    <description lang="en_GB">
Simple, Kodi add-on to access HBO® Go EU content. (This add-on is not officially commissioned/supported by HBO®.)

Important, HBO® Go must be paid for!!!  You need a valid account!
Register on the official HBO® Go website for your region.

Read the disclaimer!

Curently support: Bosnia and Herzegovina, Bulgaria, Croatia, Czech Republic, Hungary, Macedonia, Montenegro, Polonia, Portugal, Romania, Serbia, Slovakia, Slovenija, Spain, Norway, Denmark, Sweden, Finland

To report bugs or request assistence with the add-on go to: https://github.com/arvvoid/plugin.video.hbogoeu
    </description>
    <disclaimer lang="en_GB">
This add-on is not officially commissioned/supported by HBO®. The trademark HBO® Go is registered by Home Box Office, Inc. 
For more information on HBO® Go visit the official HBO® Go website for your region.
I do not own any of the content this add-on lists. The content belongs to Home Box Office, Inc. 
All this add-on does is make simple HTTP requests to Hbo go servers to retrieve and display content just like any web browser would do!

Important: HBO® Go must be paid for!!! You need a valid HBO® Go account for the add-on to work! Register on the official HBO® Go website for your region

THERE IS NO WARRANTY FOR THE ADD-ON, IT MIGHT NOT WORK AT ALL AND IT CAN BREAK AND STOP WORKING AT ANY TIME.

If an official app is available for your platform, use it instead of this.
    </disclaimer>	
<summary lang="es_ES">Mira el contenido HBO® GO EU en Kodi. Se requiere una cuenta válida de HBO®.</summary>
    <description lang="es_ES">
Complemento simple de Kodi para acceder al contenido de HBO® Go EU. (Este complemento no está oficialmente comisionado / respaldado por HBO®).

¡Importante, HBO® Go debe pagarse! ¡Necesitas una cuenta válida!
Regístrese en el sitio web oficial de HBO® Go para su región.

Lea el descargo de responsabilidad!

Apoyo actual: Bosnia y Herzegovina, Bulgaria, Croacia, República Checa, Hungría, Macedonia, Montenegro, Polonia, Portugal, Rumania, Serbia, Eslovaquia, Eslovenia, España, Noruega, Dinamarca, Suecia, Finlandia

Para informar errores o solicitar asistencia con el complemento, vaya a: https://github.com/arvvoid/plugin.video.hbogoeu
    </description>
    <disclaimer lang="es_ES">
Este complemento no está oficialmente comisionado / respaldado por HBO®. La marca registrada HBO® Go está registrada por Home Box Office, Inc.
Para obtener más información sobre HBO® Go, visite el sitio web oficial de HBO® Go para su región.
No poseo ninguno de los contenidos que este complemento enumera. El contenido pertenece a Home Box Office, Inc.
¡Todo este complemento hace solicitudes HTTP simples a los servidores de Hbo go para recuperar y mostrar contenido como lo haría cualquier navegador web!

Importante: ¡HBO® Go debe pagarse! ¡Necesita una cuenta válida de HBO® Go para que el complemento funcione! Regístrese en el sitio web oficial de HBO® Go para su región

NO HAY GARANTÍA PARA EL ADICIONAL, NO PUEDE FUNCIONAR EN absoluto y PUEDE ROMPER Y DEJAR DE FUNCIONAR EN CUALQUIER MOMENTO.

Si hay una aplicación oficial disponible para su plataforma, úsela en lugar de esta.
    </disclaimer>
    <language>es</language>
    <platform>all</platform>
    <license>GPL-2.0-or-later</license>
    <forum>https://forum.kodi.tv/showthread.php?tid=339798</forum>
    <source>https://github.com/arvvoid/plugin.video.hbogoeu</source>
    <website>https://arvvoid.github.io/plugin.video.hbogoeu</website>
    <news>
    </news>
    <assets>
     <icon>resources/icon.png</icon>
     <fanart>resources/fanart.jpg</fanart>
     <screenshot>resources/screen1.jpg</screenshot>
     <screenshot>resources/screen2.jpg</screenshot>
     <screenshot>resources/screen3.jpg</screenshot>
    </assets>
  </extension>
</addon>
