<?xml version="1.0" encoding="UTF-8" standalone="yes"?>
<layout label="30000" image="layout.png">
	<category name="face" label="35074">
		<button name="a" type="digital" label="30001"/>
		<button name="b" type="digital" label="30002"/>
		<button name="x" type="digital" label="30003"/>
		<button name="y" type="digital" label="30004"/>
		<button name="start" type="digital" label="30005"/>
		<button name="up" type="digital" label="30006"/>
		<button name="right" type="digital" label="30008"/>
		<button name="down" type="digital" label="30007"/>
		<button name="left" type="digital" label="30009"/>
	</category>
	<category name="triggers" label="35076">
		<button name="lefttrigger" type="digital" label="30010"/>
		<button name="righttrigger" type="digital" label="30011"/>
	</category>
	<category name="analogsticks" label="35077">
		<analogstick name="analogstick" label="30012"/>
	</category>
	<category name="haptics">
		<motor name="leftmotor"/>
		<motor name="rightmotor"/>
	</category>
</layout>
