<?xml version="1.0" encoding="UTF-8" standalone="yes"?>
<addon id="script.tubecast" name="TubeCast" version="1.4.5" provider-name="enen92">
    <requires>
        <import addon="xbmc.python" version="2.25.0"/>
        <import addon="script.module.bottle" version="0.12.0"/>
        <import addon="script.module.requests" version="2.12.4"/>
        <import addon="plugin.video.youtube" version="5.5.1"/>
    </requires>
    <extension point="xbmc.python.script" library="script.py" />
    <extension point="xbmc.service" library="main.py"/>
    <extension point="xbmc.addon.metadata">
        <summary lang="en_GB">Cast videos from the Youtube application to Kodi</summary>
        <summary lang="pt_PT">Cast de vídeos a partir da aplicação móvel Youtube para o Kodi</summary>
        <summary lang="es_ES">Transmitir videos desde la aplicación de Youtube a Kodi</summary>
        <description lang="en_GB">An implementation of the Cast V1 protocol in Kodi to act as a player for the Youtube mobile application</description>
        <description lang="pt_PT">Uma implementação do protocolo Cast V1 no Kodi para este funcionar como player externo remotamente controlado pela aplicação móvel do YouTube</description>
        <description lang="es_ES">Una implementación del protocolo Cast V1 en Kodi para actuar como reproductor externo para la aplicación móvil de Youtube</description>
        <platform>all</platform>
        <license>MIT</license>
        <forum>https://forum.kodi.tv/showthread.php?tid=329153</forum>
        <email>enen92@kodi.tv</email>
        <source>https://github.com/enen92/script.tubecast</source>
        <news>
            [fix] missing ctt key (tks romainreignier)
            [fix] add default id if friendlyname is missing
        </news>
        <disclaimer lang="en_GB">This is not a full chromecast implementation nor will it ever be. It will only work as long as Google keep backwards compatibility with the cast v1 protocol in the Youtube application. Deeply inspired by Leapcast and gotubecast projects</disclaimer>
        <disclaimer lang="pt_PT">Este addon não é uma implementação completa do protocolo cast nem nunca será. Apenas funcionará enquanto a Google mantiver a retrocompatibilidade com o protocolo cast v1 na aplicação móvel do youtube. Inspirado no Leapcast e gotubecast</disclaimer>
	    <disclaimer lang="es_ES">Esta no es una implementación completa de Chromecast ni lo será nunca. Solo funcionará mientras Google mantenga la compatibilidad con el protocolo Cast v1 en la aplicación Youtube. Profundamente inspirado por los proyectos Leapcast y gotubecast</disclaimer>
        <assets>
            <icon>resources/img/icon.png</icon>
            <fanart>resources/img/fanart.jpg</fanart>
            <screenshot>resources/img/screenshot-0.jpg</screenshot>
            <screenshot>resources/img/screenshot-1.jpg</screenshot>
            <screenshot>resources/img/screenshot-2.jpg</screenshot>
            <screenshot>resources/img/screenshot-3.jpg</screenshot>
        </assets>
    </extension>
</addon>
