<?xml version="1.0" encoding="UTF-8" standalone="yes"?>
<addon id="plugin.library.node.editor" name="Library Node Editor" version="1.0.11" provider-name="Unfledged, Team-Kodi">
    <requires>
		<import addon="xbmc.python" version="2.25.0"/>
		<import addon="script.module.unidecode" version="0.4.16"/>
	</requires>
	<extension point="xbmc.python.pluginsource" library="plugin.py">
		<provides>executable</provides>
	</extension>
	<extension point="xbmc.addon.metadata">
		<summary lang="de">Benutzerdefinierte Bibliotheksknoten verwalten.</summary>
		<summary lang="en">Manage custom library nodes.</summary>
		<summary lang="en_NZ">Manage custom library nodes.</summary>
		<summary lang="en_US">Manage custom library nodes.</summary>
		<summary lang="es_ES">Gestionar nodos de biblioteca personalizados.</summary>
		<summary lang="fr">Gére des nœuds de médiathèque personnalisés.</summary>
		<summary lang="fr_CA">Gérer des nœuds de médiathèque personnalisés.</summary>
		<summary lang="it">Gestisci nodi libreria personalizzati</summary>
		<summary lang="ko">사용자 라이브러리 노드 관리자</summary>
		<summary lang="lt">Tvarkykite savus bibliotekos mazgus.</summary>
		<summary lang="nl">Beheer aangepaste bibliotheek nodes. </summary>
		<summary lang="pl">Zarządzanie niestandardowymi węzłami biblioteki.</summary>
		<summary lang="pt_BR">Gerenciar nós customizados da biblioteca</summary>
		<summary lang="ro">Administrați noduri mediatecă personalizate</summary>
		<description lang="de">Benutzerdefinierte Bibliotheksknoten erstellen und bearbeiten.</description>
		<description lang="en">Create and edit custom library nodes.</description>
		<description lang="en_NZ">Create and edit custom library nodes.</description>
		<description lang="en_US">Create and edit custom library nodes.</description>
		<description lang="es_ES">Crear y editar nodos de biblioteca personalizados.</description>
		<description lang="fr">Crée et modifie des nœuds de médiathèque personnalisés.</description>
		<description lang="fr_CA">Créer et modifier des nœuds de médiathèque personnalisés.</description>
		<description lang="it">Crea e modifica nodi libreria personalizzati.</description>
		<description lang="ko">사용자 라이브러리 노드를 생성하고 편집합니다.</description>
		<description lang="lt">Sukurkite ir keiskite savus bibliotekos mazgus.</description>
		<description lang="nl">Creëer en wijzig aangepaste bibliotheek nodes.</description>
		<description lang="pl">Tworzenie i edytowanie niestandardowych węzłów biblioteki.</description>
		<description lang="pt_BR">Crie e edite nós customizados na biblioteca</description>
		<platform>all</platform>
		<license>GPL-2.0-only</license>
		<forum>https://forum.kodi.tv/showthread.php?tid=224512</forum>
		<source>https://github.com/XBMC-Addons/plugin.library.node.editor</source>
		<assets>
			<icon>icon.png</icon>
		</assets>
		<news>
			1.0.11 (7/1/2020)
				- Fixes parent nodes
		</news>
	</extension>
</addon>
