<?xml version="1.0" encoding="UTF-8" standalone="yes"?>
<addon id="script.module.beautifulsoup"
       name="BeautifulSoup"
       version="3.2.1"
       provider-name="Leonard Richardson (leonardr@segfault.org)">
  <requires>
    <import addon="xbmc.python" 
    		version="2.1.0"/>
  </requires>
  <extension point="xbmc.python.module"
             library="lib" />
  <extension point="xbmc.addon.metadata">
    <summary lang="en">HTML/XML parser for quick-turnaround applications like screen-scraping</summary>
    <description lang="en">Beautiful Soup parses arbitrarily invalid SGML and provides a variety of methods and Pythonic idioms for iterating and searching the parse tree.</description>
    <summary lang="es">Analizador HTML / XML para aplicaciones de respuesta rápida como el raspado de pantalla</summary>
    <description lang="es">Beautiful Soup analiza SGML arbitrariamente inválido y proporciona una variedad de métodos y expresiones idiomáticas pitónicas para iterar y buscar en el árbol de análisis.</description>
	<license>BSD</license>
    <platform>all</platform>
  </extension>
</addon>
