{
    "LabelBrowseLibrary": "\u05e2\u05d9\u05d9\u05df \u05d1\u05e1\u05d9\u05e4\u05e8\u05d9\u05d9\u05d4",
    "LabelConfigureServer": "\u05d4\u05d2\u05d3\u05e8 \u05d0\u05ea Emby",
    "LabelExit": "\u05d9\u05e6\u05d9\u05d0\u05d4",
    "LabelVisitCommunity": "\u05d1\u05e7\u05e8 \u05d1\u05e7\u05d4\u05d9\u05dc\u05d4",
    "LabelRestartServer": "\u05d0\u05ea\u05d7\u05dc \u05e9\u05e8\u05ea Emby",
    "WelcomeToEmbyServer": "\u05d1\u05e8\u05d5\u05da \u05d4\u05d1\u05d0 \u05dc\u05e9\u05e8\u05ea Emby!",
    "EmbyServer": "\u05e9\u05e8\u05ea Emby"
}