﻿<?xml version="1.0" encoding="UTF-8" standalone="yes"?>
<addon id="script.module.pyaes"
    name="PyAES"
    version="1.6.1"
    provider-name="ricmoo">

    <requires>
        <import addon="xbmc.python" version="2.26.0"/>
    </requires>

    <extension point="xbmc.python.module" library="lib" />

    <extension point="xbmc.addon.metadata">
        <summary lang="en_GB">Pure-Python Implementation of the AES block-cipher and common modes of operation</summary>
        <description lang="en_GB">A pure-Python implementation of the AES (FIPS-197) block-cipher algorithm and common modes of operation (CBC, CFB, CTR, ECB, OFB) with no dependencies beyond standard Python libraries. See README.md for API reference and details.</description>
		<summary lang="es_ES">Implementación de Pure-Python del cifrado de bloque AES y modos comunes de operación</summary>
        <description lang="es_ES">Una implementación de Python puro del algoritmo de cifrado de bloques AES (FIPS-197) y modos comunes de operación (CBC, CFB, CTR, ECB, OFB) sin dependencias más allá de las bibliotecas estándar de Python. Ver README.md para referencia de API y detalles.</description>
        <platform>all</platform>
        <license>MIT</license>
        <website>https://github.com/ricmoo/pyaes</website>
        <source>https://github.com/ricmoo/pyaes</source>
        <assets>
            <icon>resources/icon.png</icon>
        </assets>
    </extension>
</addon>