<window type="dialog">
  <defaultcontrol always="true">10</defaultcontrol>
  <coordinates>
    <system>1</system>
    <posx>240</posx>
    <posy>100</posy>
  </coordinates>
  <!--<include>dialogeffect</include>//-->
  <controls>
    <!-- Standard dialog header //-->
    <control type="image">
      <description>background image</description>
      <posx>0</posx>
      <posy>0</posy>
      <width>800</width>
      <height>500</height>
      <texture border="40" fallback="special://xbmc/addons/pvr.mediaportal.tvserver/resources/skins/skin.fallback/media/DialogBack.png">DialogBack.png</texture>
    </control>
    <control type="image">
      <description>Dialog Header image</description>
      <posx>40</posx>
      <posy>16</posy>
      <width>720</width>
      <height>40</height>
      <texture fallback="special://xbmc/addons/pvr.mediaportal.tvserver/resources/skins/skin.fallback/media/dialogheader.png">dialogheader.png</texture>
    </control>
    <control type="label">
      <description>header label</description>
      <posx>40</posx>
      <posy>20</posy>
      <width>720</width>
      <height>30</height>
      <font>font13_title</font>
      <label>$ADDON[pvr.mediaportal.tvserver 30100]</label>
      <align>center</align>
      <aligny>center</aligny>
      <textcolor>FFEB9E17</textcolor>
      <shadowcolor>black</shadowcolor>
    </control>
    <control type="button">
      <description>Close Window button</description>
      <posx>710</posx>
      <posy>15</posy>
      <width>64</width>
      <height>32</height>
      <label>-</label>
      <font>-</font>
      <onclick>PreviousMenu</onclick>
      <texturefocus fallback="special://xbmc/addons/pvr.mediaportal.tvserver/resources/skins/skin.fallback/media/DialogCloseButton-focus.png">DialogCloseButton-focus.png</texturefocus>
      <texturenofocus fallback="special://xbmc/addons/pvr.mediaportal.tvserver/resources/skins/skin.fallback/media/DialogCloseButton.png">DialogCloseButton.png</texturenofocus>
      <onleft>10</onleft>
      <onright>10</onright>
      <onup>10</onup>
      <ondown>10</ondown>
      <visible>system.getbool(input.enablemouse)</visible>
    </control>

    <!-- Dialog specific controls //-->
    <control type="label" description="Program title" id = "20">
      <posx>40</posx>
      <posy>100</posy>
      <width>720</width>
      <height>30</height>
      <font>font12_title</font>
      <!--<label>filled in by code</label>-->
      <align>left</align>
      <aligny>center</aligny>
      <textcolor>FFF1F1F1</textcolor>
    </control>
    <control type="label" description="Program start time" id = "21">
      <posx>40</posx>
      <posy>60</posy>
      <width>355</width>
      <height>30</height>
      <font>font12_title</font>
      <!--<label>filled in by code</label>-->
      <align>left</align>
      <aligny>center</aligny>
      <textcolor>FFF1F1F1</textcolor>
    </control>
    <control type="label" description="Program channel" id = "22">
      <posx>400</posx>
      <posy>60</posy>
      <width>355</width>
      <height>30</height>
      <font>font12_title</font>
      <!--<label>filled in by code</label>-->
      <align>left</align>
      <aligny>center</aligny>
      <textcolor>FFF1F1F1</textcolor>
    </control>    
    <control type="grouplist" description ="spincontrols" id="23">
      <posx>40</posx>
      <posy>140</posy>
      <itemgap>5</itemgap>
      <width>720</width>
      <height>290</height>
      <onup>9001</onup>
      <ondown>9001</ondown>
 
      <control type="spincontrolex" id="10">
        <description>Frequency</description>
        <width>720</width>
        <height>40</height>
        <label>$ADDON[pvr.mediaportal.tvserver 30101]</label>
        <onright>10</onright>
        <onleft>10</onleft>
      </control>

      <control type="spincontrolex" id="11">
        <description>Airtime</description>
        <width>720</width>
        <height>40</height>
        <label>$ADDON[pvr.mediaportal.tvserver 30102]</label>
        <onright>11</onright>
        <onleft>11</onleft>
      </control>

      <control type="spincontrolex" id="12">
        <description>Channels</description>
        <width>720</width>
        <height>40</height>
        <label>$ADDON[pvr.mediaportal.tvserver 30103]</label>
        <onright>12</onright>
        <onleft>12</onleft>
      </control>

      <control type="image" id="24">
        <description>Separator</description>
        <height>2</height>
        <width>720</width>
        <aspectratio align="left" aligny="top">stretch</aspectratio>
        <texture fallback="special://xbmc/addons/pvr.mediaportal.tvserver/resources/skins/skin.fallback/media/separator2.png">separator2.png</texture>
      </control>

      <control type="spincontrolex" id="13">
        <description>Keep</description>
        <width>720</width>
        <height>40</height>
        <label>$ADDON[pvr.mediaportal.tvserver 30104]</label>
        <onright>13</onright>
        <onleft>13</onleft>
      </control>

      <control type="spincontrolex" id="14">
        <description>Record minutes before start</description>
        <width>720</width>
        <height>40</height>
        <label>$ADDON[pvr.mediaportal.tvserver 30105]</label>
        <onright>14</onright>
        <onleft>14</onleft>
      </control>

      <control type="spincontrolex" id="15">
        <description>Record minutes after end</description>
        <width>720</width>
        <height>40</height>
        <label>$ADDON[pvr.mediaportal.tvserver 30106]</label>
        <onright>15</onright>
        <onleft>15</onleft>
      </control>
    </control>

    <!-- Dialog Ok/Cancel buttons //-->
    <control type="grouplist" id="9001">
      <posx>190</posx>
      <posy>435</posy>
      <onup>15</onup>
      <ondown>10</ondown>
      <orientation>horizontal</orientation>
      <control type="button" id="1">
        <description>Ok Button</description>
		<font>font13_title</font>
		<textcolor>FF999999</textcolor>
		<selectedcolor>FFF1F1F1</selectedcolor>
        <width>200</width>
        <align>center</align>
        <aligny>center</aligny>
        <label>186</label>
        <onleft>2</onleft>
        <onright>2</onright>
		<texturefocus border="5" fallback="special://xbmc/addons/pvr.mediaportal.tvserver/resources/skins/skin.fallback/media/button-focus.png">button-focus.png</texturefocus>
		<texturenofocus border="5" fallback="special://xbmc/addons/pvr.mediaportal.tvserver/resources/skins/skin.fallback/media/button-nofocus.png">button-nofocus.png</texturenofocus>
      </control>
      <control type="button" id="2">
        <description>Cancel Button</description>
		<font>font13_title</font>
		<textcolor>FF999999</textcolor>
		<selectedcolor>FFF1F1F1</selectedcolor>
        <width>200</width>
        <align>center</align>
        <aligny>center</aligny>
        <label>222</label>
        <onleft>1</onleft>
        <onright>1</onright>
		<texturefocus border="5" fallback="special://xbmc/addons/pvr.mediaportal.tvserver/resources/skins/skin.fallback/media/button-focus.png">button-focus.png</texturefocus>
		<texturenofocus border="5" fallback="special://xbmc/addons/pvr.mediaportal.tvserver/resources/skins/skin.fallback/media/button-nofocus.png">button-nofocus.png</texturenofocus>
      </control>
    </control>
  </controls>
</window>
