<?xml version="1.0" encoding="UTF-8" standalone="yes"?>
<layout label="30000" image="layout.png" mask="mask.png">
  <category name="face" label="35074">
    <button name="a" type="digital" label="30001"/>
    <button name="b" type="digital" label="30002"/>
    <button name="start" type="digital" label="30003"/>
    <button name="select" type="digital" label="30004"/>
    <button name="leftup" type="digital" label="30005"/>
    <button name="leftright" type="digital" label="30006"/>
    <button name="leftdown" type="digital" label="30007"/>
    <button name="leftleft" type="digital" label="30008"/>
    <button name="rightup" type="digital" label="30009"/>
    <button name="rightright" type="digital" label="30010"/>
    <button name="rightdown" type="digital" label="30011"/>
    <button name="rightleft" type="digital" label="30012"/>
  </category>
  <category name="shoulder" label="35075">
    <button name="leftbumper" type="digital" label="30013"/>
    <button name="rightbumper" type="digital" label="30014"/>
  </category>
</layout>
