<?xml version="1.0" encoding="UTF-8" standalone="yes"?>
<addon id="game.controller.gameboy"
        name="Game Boy"
        version="1.0.8"
        provider-name="Team Kodi">
    <extension point="kodi.game.controller" library="resources/layout.xml"/>
    <extension point="xbmc.addon.metadata">
        <summary lang="en_GB">Game Boy</summary>
        <description lang="en_GB">The Nintendo Game Boy is an 8-bit handheld video game console released in 1989. It became a tremendous success, and in 2009 was inducted into the National Toy Hall of Fame.</description>
        <disclaimer lang="en_GB">Image credit: OpenEmu (openemu.org)</disclaimer>
		<summary lang = "es_ES"> Game Boy </summary>
        <description lang = "es_ES"> Nintendo Game Boy es una consola de videojuegos portátil de 8 bits lanzada en 1989. Se convirtió en un gran éxito y en 2009 fue incluida en el Salón Nacional de la Fama del Juguete. </description>
        <disclaimer lang = "es_ES"> Crédito de imagen: OpenEmu (openemu.org) </disclaimer>
        <platform>all</platform>
        <assets>
            <icon>resources/icon.png</icon>
        </assets>
    </extension>
</addon>
