<?xml version="1.0" encoding="UTF-8" standalone="yes"?>
<addon id="script.module.cherrypy"
       name="CherryPy Kodi module"
       version="11.0.1"
       provider-name="marcelveldt, CherryPy Team">
    <requires>
        <import addon="xbmc.python" version="2.24.0"/>
        <import addon="script.module.six" version="1.9.0"/>
    </requires>
    <extension point="xbmc.python.module" library="lib" />
    <extension point="xbmc.addon.metadata">
        <summary lang="en">CherryPy webserver packaged as Kodi module</summary>
        <description lang="en">CherryPy is a pythonic, object-oriented web framework
            CherryPy allows developers to build web applications in much the same way they would build any other object-oriented Python program. This results in smaller source code developed in less time.
            CherryPy is now more than ten years old and it is has proven to be very fast and stable. It is being used in production by many sites, from the simplest to the most demanding.
        </description>
		<summary lang="es">Servidor web CherryPy empaquetado como módulo Kodi</summary>
        <description lang="es">CherryPy es un marco web pitónico orientado a objetos
            CherryPy permite a los desarrolladores crear aplicaciones web de la misma manera que crearía cualquier otro programa Python orientado a objetos. Esto da como resultado un código fuente más pequeño desarrollado en menos tiempo.
            CherryPy tiene ahora más de diez años y ha demostrado ser muy rápido y estable. Está siendo utilizado en producción por muchos sitios, desde los más simples hasta los más exigentes.
        </description>
        <license>BSD</license>
        <source>https://github.com/marcelveldt/script.module.cherrypy</source>
        <platform>all</platform>
    </extension>
</addon>
