<?xml version="1.0" encoding="UTF-8" standalone="yes"?>
<addon id="game.controller.ngp"
        name="Neo Geo Pocket"
        version="1.0.8"
        provider-name="Team Kodi">
    <extension point="kodi.game.controller" library="resources/layout.xml"/>
    <extension point="xbmc.addon.metadata">
        <summary lang="en_GB">Neo Geo Pocket</summary>
        <description lang="en_GB">The Neo Geo Pocket was a handheld console with a monochrome screen released by SNK in 1998. It was generally unsuccessful and in 1999 was replaced by the Neo Geo Pocket Color to better compete with the Game Boy Color.</description>
        <disclaimer lang="en_GB">Image credit: OpenEmu (openemu.org)</disclaimer>
		<summary lang = "es_ES"> Neo Geo Pocket </summary>
        <description lang = "es_ES"> El Neo Geo Pocket era una consola portátil con una pantalla monocromática lanzada por SNK en 1998. En general no tuvo éxito y en 1999 fue reemplazado por el Neo Geo Pocket Color para competir mejor con el Game Boy Color. </description>
        <disclaimer lang = "es_ES"> Crédito de imagen: OpenEmu (openemu.org) </disclaimer>
        <platform>all</platform>
        <assets>
            <icon>resources/icon.png</icon>
        </assets>
    </extension>
</addon>
