<?xml version="1.0" encoding="UTF-8" standalone="yes"?>
<addon id="game.controller.nes"
        name="NES Controller"
        version="1.0.8"
        provider-name="Team Kodi">
    <extension point="kodi.game.controller" library="resources/layout.xml"/>
    <extension point="xbmc.addon.metadata">
        <summary lang="en_GB">NES controller</summary>
        <description lang="en_GB">The Nintendo Entertainment System, also known as the Famicom (for "Family Computer"), was released in 1983. The cross-shaped directional pad was designed for Game &amp; Watch systems, replacing the bulkier joysticks found on earlier controllers.</description>
        <disclaimer lang="en_GB">Image credit: OpenEmu (openemu.org)</disclaimer>
		<summary lang = "es_ES"> controlador NES </summary>
        <description lang = "es_ES"> El sistema de entretenimiento de Nintendo, también conocido como Famicom (por "Family Computer"), se lanzó en 1983. La almohadilla direccional en forma de cruz fue diseñada para Game &amp; Mire los sistemas, reemplazando los joysticks más voluminosos que se encuentran en los controladores anteriores. </description>
        <disclaimer lang = "es_ES"> Crédito de imagen: OpenEmu (openemu.org) </disclaimer>
        <platform>all</platform>
        <assets>
            <icon>resources/icon.png</icon>
        </assets>
    </extension>
</addon>
