<?xml version="1.0" encoding="UTF-8" standalone="yes"?>
<addon id="game.controller.remote"
        name="TV Remote"
        version="1.0.7"
        provider-name="Team Kodi">
    <extension point="kodi.game.controller" library="resources/layout.xml"/>
    <extension point="xbmc.addon.metadata">
        <summary lang="en_GB">TV Remote</summary>
        <description lang="en_GB">A TV remote with basic navigational capabilities.</description>
		<summary lang = "es_ES"> Control remoto de TV </summary>
        <description lang = "es_ES"> Un control remoto de TV con capacidades básicas de navegación. </description>
        <platform>all</platform>
        <assets>
            <icon>resources/icon.png</icon>
        </assets>
    </extension>
</addon>
