{
  "id": "pctfenix",
  "name": "PctFenix",
  "thumbnail": "pctfenix.jpg",

  "active": true,

  "searchable": true,
  "search_types": ["all", "movie", "tvshow"],

  "categories": ["movie", "tvshow", "torrent"],
  "language": ["cast", "lat"],

  "clusters": ["torrents", "news", "lasts", "lists", "rankings", "qualityes", "3d"],

  "notes": "Películas y series con enlaces torrent exclusivamente. Puede requerir el uso de proxies en función del país/operadora desde el que se accede."
}