<?xml version="1.0" encoding="UTF-8" standalone="yes"?>
<layout label="30000" image="layout.png">
	<physicaltopology providesinput="false">
		<port id="1">
			<accepts controller="game.controller.ps.gamepad"/>
			<accepts controller="game.controller.ps.dualshock"/>
			<accepts controller="game.controller.ps.dualanalog"/>
			<accepts controller="game.controller.ps.mouse"/>
			<accepts controller="game.controller.ps.multitap"/>
			<accepts controller="game.controller.ps.guncon.western"/>
			<accepts controller="game.controller.ps.guncon.japan"/>
			<accepts controller="game.controller.konami.justifier.ps"/>
		</port>
		<port id="2">
			<accepts controller="game.controller.ps.gamepad"/>
			<accepts controller="game.controller.ps.dualshock"/>
			<accepts controller="game.controller.ps.dualanalog"/>
			<accepts controller="game.controller.ps.mouse"/>
			<accepts controller="game.controller.ps.multitap"/>
			<accepts controller="game.controller.ps.guncon.western"/>
			<accepts controller="game.controller.ps.guncon.japan"/>
			<accepts controller="game.controller.konami.justifier.ps"/>
		</port>
		<port id="3">
			<accepts controller="game.controller.ps.gamepad"/>
			<accepts controller="game.controller.ps.dualshock"/>
			<accepts controller="game.controller.ps.dualanalog"/>
			<accepts controller="game.controller.ps.mouse"/>
			<accepts controller="game.controller.ps.multitap"/>
			<accepts controller="game.controller.ps.guncon.western"/>
			<accepts controller="game.controller.ps.guncon.japan"/>
			<accepts controller="game.controller.konami.justifier.ps"/>
		</port>
		<port id="4">
			<accepts controller="game.controller.ps.gamepad"/>
			<accepts controller="game.controller.ps.dualshock"/>
			<accepts controller="game.controller.ps.dualanalog"/>
			<accepts controller="game.controller.ps.mouse"/>
			<accepts controller="game.controller.ps.multitap"/>
			<accepts controller="game.controller.ps.guncon.western"/>
			<accepts controller="game.controller.ps.guncon.japan"/>
			<accepts controller="game.controller.konami.justifier.ps"/>
		</port>
	</physicaltopology>
</layout>
