{
  "id": "streamsb",
  "name": "Streamsb",

  "active": true,
  "notes": "Alternative vía: Script.Module.ResolveUrl",

  "find_videos": {
    "ignore_urls": [],
    "patterns": [
      {
        "pattern": "(?:streamsb.net|sbembed.com|sbembed1.com|sbplay.org|sbplay.one|sbplay1.com|sbplay2.com|sbplay2.xyz|pelistop.co|sbfast.com|sbfull.com|ssbstream.net|sbthe.com|sbspeed.com|streamsss.net)/(?:embed-|d/|e/)([A-z0-9]+)",
        "url": "https://streamsb.net/play/\\1"
      },
      {
        "pattern": "(?:streamsb.net)/play/([A-z0-9]+)",
        "url": "https://streamsb.net/play/\\1"
      },
      {
        "pattern": "(?:streamsb.net)/play/([A-z0-9]+).html",
        "url": "https://streamsb.net/play/\\1"
      },
      {
        "pattern": "(?:cloudemb.com)/(?:embed-|d/|e/)([A-z0-9]+)",
        "url": "https://streamsb.net/play/\\1"
      },
      {
        "pattern": "(?:cloudemb.com)/(?:embed-|d/|e/)([A-z0-9]+).html",
        "url": "https://streamsb.net/play/\\1"
      },
      {
        "pattern": "(?:cloudemb.com)/([A-z0-9]+).html",
        "url": "https://streamsb.net/play/\\1"
      },
      {
        "pattern": "(?:tubesb.com)/(?:embed-|d/|e/)([A-z0-9]+).html",
        "url": "https://streamsb.net/play/\\1"
      },
      {
        "pattern": "(?:tubesb.com)/([A-z0-9]+).html",
        "url": "https://streamsb.net/play/\\1"
      },
      {
        "pattern": "https://streamsb.net/([a-z0-9]+).html",
        "url": "https://streamsb.net/play/\\1"
      },
      {
        "pattern": "https://streamsb.com/([a-z0-9]+).html",
        "url": "https://streamsb.com/play/\\1"
      },
      {
        "pattern": "(?:embedsb.com)/([A-z0-9]+).html",
        "url": "https://streamsb.net/play/\\1"
      },
      {
        "pattern": "(?:embedsb.com)/(?:embed-|d/|e/)([A-z0-9]+).html",
        "url": "https://streamsb.net/play/\\1"
      },
      {
        "pattern": "(?:playersb.com)/(?:embed-|d/|e/)([A-z0-9]+)",
        "url": "https://streamsb.net/play/\\1"
      },
      {
        "pattern": "(?:sbcloud1.com)/(?:embed-|d/|e/)([A-z0-9]+)",
        "url": "https://streamsb.net/play/\\1"
      },
      {
        "pattern": "(?:sbcloud1.com)/([A-z0-9]+).html",
        "url": "https://streamsb.net/play/\\1"
      },
      {
        "pattern": "(?:watchsb.com)/(?:embed-|d/|e/)([A-z0-9]+)",
        "url": "https://streamsb.net/play/\\1"
      },
      {
        "pattern": "(?:watchsb.com)/([A-z0-9]+).html",
        "url": "https://streamsb.net/play/\\1"
      },
      {
        "pattern": "(?:viewsb.com)/(?:embed-|d/|e/)([A-z0-9]+)",
        "url": "https://streamsb.net/play/\\1"
      },
      {
        "pattern": "(?:viewsb.com)/([A-z0-9]+).html",
        "url": "https://streamsb.net/play/\\1"
      },
      {
        "pattern": "(?:watchmo.icu)/(?:embed-|d/|e/)([A-z0-9]+)",
        "url": "https://streamsb.net/play/\\1"
      },
      {
        "pattern": "(?:watchmo.icu)/([A-z0-9]+).html",
        "url": "https://streamsb.net/play/\\1"
      },
      {
        "pattern": "(?:sbfull.com)/([A-z0-9]+).html",
        "url": "https://streamsb.net/play/\\1"
      },
      {
        "pattern": "(?:sbspeed.com)/([A-z0-9]+).html",
        "url": "https://streamsb.net/play/\\1"
      },
      {
        "pattern": "(?:sbfast.com)/([A-z0-9]+).html",
        "url": "https://streamsb.net/play/\\1"
      }
    ]
  }

}