<?xml version="1.0" encoding="UTF-8"?>
<addon id="plugin.onedrive" name="OneDrive" version="2.1.6" provider-name="Carlos Guzman (cguZZman)">
	<requires>
		<import addon="xbmc.python" version="2.25.0" />
		<import addon="script.module.clouddrive.common" version="1.2.8"/>
	</requires>
	<extension point="xbmc.python.pluginsource" library="addon.py">
		<provides></provides>
	</extension>
	<extension point="xbmc.service" library="service.py" start="login" />
	<extension point="xbmc.addon.metadata">
		<platform>all</platform>
		<summary lang="en_GB">Microsoft OneDrive for KODI</summary>
		<description lang="en_GB">
Play all your media from OneDrive including Videos, Music and Pictures.
 - Unlimited number of personal or business accounts.
 - Search over your drive.
 - Auto-Refreshed slideshow.
 - Export your videos to your library (.strm files)
 - Use OneDrive as a source
 - This program is not affiliated with or sponsored by Microsoft.
		</description>
		<summary lang="es_ES">Microsoft OneDrive para KODI</summary>
		<description lang="es_ES">
Reproduzca todos sus medios de OneDrive, incluidos videos, música e imágenes.
 - Número ilimitado de cuentas personales o comerciales.
 - Busca en tu disco.
 - Presentación de diapositivas con actualización automática.
 - Exporte sus videos a su biblioteca (archivos .strm)
 - Use OneDrive como fuente
 - Este programa no está afiliado ni patrocinado por Microsoft.
		</description>
		<summary lang="he_IL">כונן OneDrive של מיקרוסופט עבור קודי</summary>
		<description lang="he_IL">
הפעל את כל המדיה שלך מ- OneDrive כולל וידאו, מוסיקה ותמונות.
  - מספר בלתי מוגבל של חשבונות אישיים או עסקיים.
  - חיפוש ומציאת הכונן שלך.
  - ריענון מצגת אוטומטית.
  - ייצוא קטעי הווידאו לספרייה שלך (קבצי .strm)
  - שימוש ב-OneDrive כמקור
  - תוכנית זו אינה מזוהה עם או בחסות מיקרוסופט.
		</description>		
		<license>GNU GENERAL PUBLIC LICENSE. Version 3, 29 June 2007</license>
		<source>https://github.com/cguZZman/plugin.onedrive</source>
		<forum>https://github.com/cguZZman/plugin.onedrive/issues</forum>
		<website>https://addons.kodi.tv/show/plugin.onedrive</website>
		<news>
v2.1.6 released Sep 20, 2018:
- Resume points and watched status for strm files in library
v2.1.5 released Sep 12, 2018:
- Sign-in fix
v2.1.4 released Sep 10, 2018:
- Subtitles assigned in source mode
- Fixes
v2.1.3 released Aug 24, 2018:
- strm files saved in the cloud are exported as is.
v2.1.2 released Aug 15, 2018:
- Auto export and watch export folder.
v2.1.1 released Jul 14, 2018:
- Source mode fix
v2.1.0 released Jul 11, 2018:
- New mode for source and download services. Both moved to respective addons.
- Source service fixed.
v2.0.1 released Nov 30, 2017:
- Bug fixes
v2.0.0 released Nov 06, 2017:
- Remake using script.module.clouddrive.common library
- Fix OneDrive for Business functionality
		</news>
		<disclaimer lang="en_GB">
This cloud drive addon uses a third-party authentication mechanism commonly known as OAuth 2.0.
If you want to know more about OAuth 2.0 you can visit the following pages:
- https://oauth.net/2/
- https://developers.google.com/identity/protocols/OAuth2
- https://docs.microsoft.com/en-us/onedrive/developer/rest-api/getting-started/msa-oauth

Kodi and myself take no responsibility or liability.

The authentication server URL is specified in Settings / Advanced / Sign-in Server. The Sign-in Server implements the OAuth 2.0 protocol.
The complete source code of the Sign-in Server can be download here: https://github.com/cguZZman/drive-login
You can clone the project and host it in your own server. 
		</disclaimer>
		<disclaimer lang="es_ES">
Este complemento de unidad en la nube utiliza un mecanismo de autenticación de terceros comúnmente conocido como OAuth 2.0.
Si desea saber más sobre OAuth 2.0, puede visitar las siguientes páginas:
- https://oauth.net/2/
- https://developers.google.com/identity/protocols/OAuth2
- https://docs.microsoft.com/en-us/onedrive/developer/rest-api/getting-started/msa-oauth

Kodi y yo no nos hacemos responsables.

La URL del servidor de autenticación se especifica en Configuración / Avanzado / Servidor de inicio de sesión. El servidor de inicio de sesión implementa el protocolo OAuth 2.0.
El código fuente completo del servidor de inicio de sesión se puede descargar aquí: https://github.com/cguZZman/drive-login
Puede clonar el proyecto y alojarlo en su propio servidor.
		</disclaimer>
	</extension>
</addon>
