<?xml version="1.0" encoding="UTF-8"?>
<addon id="audiodecoder.openmpt" version="2.0.4.1" name="OpenMPT Audio Decoder" provider-name="spiff">
  <requires>
    <import addon="kodi.binary.global.main" version="1.0.14"/>
    <import addon="kodi.binary.global.filesystem" version="1.0.2"/>
    <import addon="kodi.binary.instance.audiodecoder" version="2.0.0"/>
  </requires>
  <extension point="kodi.audiodecoder" name="mod" tags="true" extension=".mod|.s3m|.xm|.it|.mptm|.stm|.nst|.m15|.stk|.st26|.ice|.wow|.ult|.669|.mtm|.med|.far|.mdl|.ams|.dsm|.amf|.okt|.dmf|.ptm|.psm|.mt2|.dbm|.digi|.imf|.j2b|.gdm|.umx|.xpk|.ppm|.mmcmp" library_linux="audiodecoder.openmpt.so.2.0.4"/>
  <extension point="xbmc.addon.metadata">
    <summary lang="en">OpenMPT - Discover the music inside...</summary>
    <description lang="en">OpenMPT (short hand for Open ModPlug Tracker) is completely free and his library allows you play back some great music on your Kodi.

It supports loading of IT (Impulse Tracker), XM (FastTracker Extended Module), MOD (ProTracker and similar), S3M (Scream Tracker 3) and MPTM (its own file format) files, imports many more module and sample file formats.

See his website for complete list of supported types.</description>
    <platform/>
    <license>GPL-2.0</license>
    <source>https://github.com/xbmc/audiodecoder.openmpt</source>
    <assets>
      <icon>icon.png</icon>
      <fanart>fanart.jpg</fanart>
    </assets>
  </extension>
</addon>
