<?xml version="1.0" encoding="UTF-8" standalone="yes"?>
<addon id="game.controller.3do"
        name="3DO Controller"
        version="1.0.9"
        provider-name="Team Kodi">
    <extension point="kodi.game.controller" library="resources/layout.xml"/>
    <extension point="xbmc.addon.metadata">
        <summary lang="en_GB">3D0 controller</summary>
        <description lang="en_GB">The 3DO Interactive Multiplayer is a game console developed by the 3DO Company. Panasonic produced the first models in 1993, and further models were released by Sanyo and GoldStar (now LG) in 1994.</description>
        <disclaimer lang="en_GB">Image credit: OpenEmu (openemu.org)</disclaimer>
		<summary lang = "es_ES"> controlador 3D0 </summary>
        <description lang = "es_ES"> El 3DO Interactive Multiplayer es una consola de juegos desarrollada por la compañía 3DO. Panasonic produjo los primeros modelos en 1993, y Sanyo y GoldStar (ahora LG) lanzaron otros modelos en 1994. </description>
        <disclaimer lang = "es_ES"> Crédito de imagen: OpenEmu (openemu.org) </disclaimer>
        <platform>all</platform>
        <assets>
            <icon>resources/icon.png</icon>
        </assets>
    </extension>
</addon>
