<?xml version="1.0" encoding="UTF-8" standalone="yes"?>
<layout label="30000" image="layout.png">
  <category name="face" label="35074">
    <button name="button1" type="digital" label="30001"/>
    <button name="button2" type="digital" label="30002"/>
  </category>
  <category name="analogsticks" label="35077">
    <analogstick name="analogstick" label="30003"/>
  </category>
  <physicaltopology providesinput="true">
    <port id="1">
      <accepts controller="game.controller.joystick.2button"/>
    </port>
  </physicaltopology>
</layout>
