<?xml version="1.0" encoding="UTF-8" standalone="yes"?>
<addon id="game.controller.atari.5200"
        name="Atari 5200 Controller"
        version="1.0.8"
        provider-name="Team Kodi">
    <extension point="kodi.game.controller" library="resources/layout.xml"/>
    <extension point="xbmc.addon.metadata">
        <summary lang="en_GB">Atari 5200 controller</summary>
        <description lang="en_GB">The Atari 5200 was released in 1982. The design of the joystick, which used a weak rubber boot instead of springs, proved to be ungainly and unreliable. It was rated the 10th worst video game controller by IGN.</description>
        <disclaimer lang="en_GB">Image credit: OpenEmu (openemu.org)</disclaimer>
		<summary lang = "es_ES"> Controlador Atari 5200 </summary>
        <description lang = "es_ES"> El Atari 5200 fue lanzado en 1982. El diseño del joystick, que usaba una bota de goma débil en lugar de resortes, resultó ser desgarbado y poco confiable. Fue calificado como el décimo peor controlador de videojuegos por IGN. </description>
        <disclaimer lang = "es_ES"> Crédito de imagen: OpenEmu (openemu.org) </disclaimer>
        <platform>all</platform>
        <assets>
            <icon>resources/icon.png</icon>
        </assets>
    </extension>
</addon>
