<?xml version="1.0" encoding="UTF-8" standalone="yes"?>
<addon id="game.controller.ouya"
        name="OUYA Controller"
        version="1.0.1"
        provider-name="Quihico">
    <extension point="kodi.game.controller" library="resources/layout.xml"/>
    <extension point="xbmc.addon.metadata">
        <summary lang="en_GB">OUYA controller</summary>
        <description lang="en_GB">The OUYA is a crowd-funded Android-based microconsole released in 2013. The OUYA controller includes a single-touch touchpad in the center of the controller.</description>
        <summary lang = "es_ES"> Controlador OUYA </summary>
        <description lang = "es_ES"> El OUYA es una microconsola basada en Android financiada por el público lanzada en 2013. El controlador OUYA incluye un panel táctil de un solo toque en el centro del controlador. </description>
        <platform>all</platform>
        <assets>
            <icon>resources/icon.png</icon>
            <fanart>resources/fanart.jpg</fanart>
        </assets>
    </extension>
</addon>
