{
  "id": "sbembed",
  "name": "Sbembed",

  "active": true,
  "notes": "Alternative vía: Script.Module.ResolveUrl",

  "find_videos": {
    "ignore_urls": [],
    "patterns": [
      {
        "pattern": "(?:sbembed.com)/(?:embed-|d/|e/|)([A-z0-9]+)",
        "url": "https://sbvideo.net/play/\\1"
      },
      {
        "pattern": "(?:sbembed1.com)/(?:embed-|d/|e/|)([A-z0-9]+)",
        "url": "https://sbvideo.net/play/\\1"
      },
      {
        "pattern": "(?:sbembed2.com)/(?:embed-|d/|e/|)([A-z0-9]+)",
        "url": "https://sbvideo.net/play/\\1"
      },
      {
        "pattern": "(?:sbvideo.net)/(?:embed-|d/|e/|)([A-z0-9]+)",
        "url": "https://sbvideo.net/play/\\1"
      },
      {
        "pattern": "(?:sbvideo.net)/([A-z0-9]+).html",
        "url": "https://sbvideo.net/play/\\1"
      },
      {
        "pattern": "(?:japopav.tv)/(?:embed-|d/|e/|)([A-z0-9]+)",
        "url": "https://sbvideo.net/play/\\1"
      }
    ]
  }

}