<?xml version="1.0" encoding="UTF-8" standalone="yes"?>
<addon id="game.controller.snes"
        name="SNES Controller"
        version="1.0.8"
        provider-name="Team Kodi">
    <extension point="kodi.game.controller" library="resources/layout.xml"/>
    <extension point="xbmc.addon.metadata">
        <summary lang="en_GB">SNES controller</summary>
		<summary lang="es_ES">Controlador SNES</summary>
        <description lang="en_GB">The SNES (akso known as Super NES or Super Nintendo) is a 16-bit console released in 1990. The controller design served as inspiration for the PlayStation, Dreamcast, Xbox and Wii Classic controllers.</description>
		<description lang="es_ES">El SNES (también conocido como Super NES o Super Nintendo) es una consola de 16 bits lanzada en 1990. El diseño del controlador sirvió de inspiración para los controladores PlayStation, Dreamcast, Xbox y Wii Classic.</description>
        <disclaimer lang="en_GB">Image credit: OpenEmu (openemu.org)</disclaimer>
		<disclaimer lang="es_ES">Crédito de la imagen: OpenEmu (openemu.org)</disclaimer>
        <platform>all</platform>
        <assets>
            <icon>resources/icon.png</icon>
        </assets>
    </extension>
</addon>
