<?xml version="1.0" encoding="UTF-8" standalone="yes"?>
<addon id="service.epg.masqelec" name="Epg masQelec" version="0.0.4" provider-name="masQelec">
	<requires>
		<import addon="xbmc.python" version="2.25.0"/>
	</requires>
	<extension point="xbmc.service" library="autoexec.py">
	</extension>
	<extension point="xbmc.addon.metadata">
		<summary lang="es_ES">EPG masQelec mantiene actualizado tus canales.</summary>
		<description lang="es_ES">EPG masQelec mantiene actualizado tus canales.</description>
		<platform>all</platform>
		<license>GNU GENERAL PUBLIC LICENSE Version 2</license>
	</extension>
</addon>
