<?xml version="1.0" encoding="UTF-8"?>
    <addon id="repository.masQelec" name="masQelec Repo" version="1.0.0" provider-name="masQelec">
        <requires>
            <import addon="xbmc.addon" version="12.0.0"/>
        </requires>
        <extension point="xbmc.addon.repository" name="masQelec Repo">
            <info compressed="false">https://raw.githubusercontent.com/masQelec/repository.masQelec/master/addons/9.2/addons.xml</info>
            <checksum>https://raw.githubusercontent.com/masQelec/repository.masQelec/master/addons/9.2/addons.xml.md5</checksum>
            <datadir zip="true">https://raw.githubusercontent.com/masQelec/repository.masQelec/master/addons/9.2/</datadir>
            <hashes>false</hashes>
        </extension>
        <extension point="xbmc.addon.metadata">
            <summary>masQelec Repo</summary>
            <description>El repositorio de complementos masQelec.</description>
            <platform>all</platform>
			<icon>icon.png</icon>
    </extension>
</addon>