<?xml version="1.0" encoding="UTF-8" standalone="yes"?>
<layout label="30000" image="layout.png">
	<category name="face" label="35074" mask="mask.png">
		<button name="a" type="digital" label="30001"/>
		<button name="b" type="digital" label="30002"/>
		<button name="cup" type="digital" label="30004"/>
		<button name="cright" type="digital" label="30006"/>
		<button name="cdown" type="digital" label="30005"/>
		<button name="cleft" type="digital" label="30007"/>
		<button name="start" type="digital" label="30003"/>
		<button name="up" type="digital" label="30008"/>
		<button name="right" type="digital" label="30010"/>
		<button name="down" type="digital" label="30009"/>
		<button name="left" type="digital" label="30011"/>
	</category>
	<category name="shoulder" label="35075">
		<button name="leftbumper" type="digital" label="30012"/>
		<button name="rightbumper" type="digital" label="30013"/>
	</category>
	<category name="triggers" label="35076">
		<button name="z" type="digital" label="30014"/>
	</category>
	<category name="analogsticks" label="35077">
		<analogstick name="analogstick" label="30015"/>
	</category>
	<category name="haptics">
		<motor name="motor"/>
	</category>
</layout>
