<?xml version="1.0" encoding="UTF-8" standalone="yes"?>
<addon id="game.controller.ps.dualshock"
        name="PlayStation DualShock"
        version="1.0.8"
        provider-name="Team Kodi">
    <extension point="kodi.game.controller" library="resources/layout.xml"/>
    <extension point="xbmc.addon.metadata">
        <summary lang="en_GB">PlayStation DualShock</summary>
        <description lang="en_GB">The PlayStation Controller was released by Sony Computer Entertainment in 1994. Sony briefly released the Dual Analog controller in 1997, followed by the rumble-enabled DualShock later that year.</description>
        <summary lang = "es_ES"> PlayStation DualShock </summary>
        <description lang = "es_ES"> Sony Computer Entertainment lanzó el PlayStation Controller en 1994. Sony lanzó brevemente el controlador Dual Analog en 1997, seguido por el DualShock habilitado por el ruido más tarde ese año. </description>
		<platform>all</platform>
        <assets>
            <icon>resources/icon.png</icon>
        </assets>
    </extension>
</addon>
