{
  "id": "netutv",
  "more_ids": ["netu", "waaw", "hqq"],
  "name": "Netutv",
 
  "active": false,
  "notes": "Requiere recaptcha",

  "find_videos": {
    "ignore_urls": [],
    "patterns": [
      {
        "pattern": "megavideo.cam/watch_video.php\\?v=([A-z0-9]+)",
        "url": "http://netu.tv/watch_video.php?v=\\1"
      },
      {
        "pattern": "megaplay.cc/player/embed_player.php\\?vid=([A-z0-9]+)",
        "url": "http://netu.tv/watch_video.php?v=\\1"
      },
      {
        "pattern": "/netu/tv/(embed_)(.*?$)",
        "url": "http://netu.tv/watch_video.php?v=\\2"
      },
      {
        "pattern": "(?:hqq|waaw|netu|waaw1)\\.(?:tv|watch|to)/(?:f/|e/)([A-z0-9]+)",
        "url": "http://netu.tv/watch_video.php?v=\\1"
      },
      {
        "pattern": "(?:hqq|waaw|netu|waaw1)\\.(?:tv|watch|to)/.*?(?:v=|vid=)([A-z0-9]+)",
        "url": "http://netu.tv/watch_video.php?v=\\1"
      },
      {
        "pattern": "(?:hqq|waaw|netu|waaw1)(?:\\.tv\\/|\\.watch\\/|\\.php\\?).*hash=([A-z0-9]+)",
        "url": "http://hqq.tv/player/hash.php?hash=\\1"
      }
    ]
  }

}